%
G21
G90
M83
M190 S60
M109 S220
M204 S500
M106 S0
(FIRST LAYER)
M204 S500
M106 S0
G0 X-.0636 Y-20.1999 C0. B0.
G1 Z.2 F6000.
G1 X.0636 F1200. E.00423
G1 X1.0542 Y-20.1726 E.03296
G1 X2.0418 Y-20.0966 E.03295
G1 X3.0246 Y-19.9724 E.03295
G1 X4.0005 Y-19.7999 E.03296
G1 X-4.0005 E.26611
G1 X-4.8186 Y-19.6168 E.02788
G1 X-5.6288 Y-19.3999 E.02790
G1 X5.6288 E.37443
G1 X6.2472 Y-19.2098 E.02152
G1 X6.8588 Y-18.9999 E.02151
G1 X-6.8588 E.45625
G1 X-7.3717 Y-18.807 E.01823
G1 X-7.8793 Y-18.5999 E.01823
G1 X7.8793 E.52413
G1 X8.3239 Y-18.4052 E.01614
G1 X8.7637 Y-18.1999 E.01614
G1 X-8.7637 E.58297
G1 X-9.1592 Y-18.0043 E.01467
G1 X-9.55 Y-17.7999 E.01467
G1 X9.55 E.63527
G1 X9.9075 Y-17.6035 E.01357
G1 X10.2608 Y-17.3999 E.01356
G1 X-10.2608 E.68255
G1 X-10.5879 Y-17.2031 E.01270
G1 X-10.9107 Y-16.9999 E.01269
G1 X10.9107 E.72578
G1 X11.2124 Y-16.8028 E.01199
G1 X11.5101 Y-16.5999 E.01198
G1 X-11.5101 E.76566
G1 X-11.7901 Y-16.4022 E.01140
G1 X-12.0666 Y-16.1999 E.01139
G1 X12.0666 E.80267
G1 X12.3282 Y-16.0022 E.01091
G1 X12.5858 Y-15.7999 E.01089
G1 X-12.5858 E.83721
G1 X-13.0722 Y-15.3999 E.02095
G1 X13.0722 E.86957
G1 X13.5293 Y-14.9999 E.02020
G1 X-13.5293 E.89997
G1 X-13.96 Y-14.5999 E.01955
G1 X13.96 E.92862
G1 X14.3667 Y-14.1999 E.01897
G1 X-14.3667 E.95568
G1 X-14.7513 Y-13.7999 E.01846
G1 X14.7513 E.98126
G1 X15.1156 Y-13.3999 E.01799
G1 X-15.1156 E1.00550
G1 X-15.461 Y-12.9999 E.01758
G1 X15.461 E1.02847
G1 X15.7887 Y-12.5999 E.01720
G1 X-15.7887 E1.05027
G1 X-16.0997 Y-12.1999 E.01685
G1 X16.0997 E1.07096
G1 X16.3952 Y-11.7999 E.01654
G1 X-16.3952 E1.09061
G1 X-16.6758 Y-11.3999 E.01625
G1 X16.6758 E1.10928
G1 X16.9423 Y-10.9999 E.01598
G1 X-16.9423 E1.12701
G1 X-17.1954 Y-10.5999 E.01574
G1 X17.1954 E1.14384
G1 X17.4356 Y-10.1999 E.01552
G1 X-17.4356 E1.15982
G1 X-17.6635 Y-9.8 E.01531
G1 X17.6635 E1.17498
G1 X17.8796 Y-9.4 E.01512
G1 X-17.8796 E1.18936
G1 X-18.0843 Y-9. E.01495
G1 X18.0843 E1.20297
G1 X18.2779 Y-8.6 E.01478
G1 X-18.2779 E1.21585
G1 X-18.4608 Y-8.2 E.01463
G1 X18.4608 E1.22802
G1 X18.6333 Y-7.8 E.01449
G1 X-18.6333 E1.23949
G1 X-18.7958 Y-7.4 E.01436
G1 X18.7958 E1.25030
G1 X18.9484 Y-7. E.01424
G1 X-18.9484 E1.26045
G1 X-19.0914 Y-6.6 E.01413
G1 X19.0914 E1.26997
G1 X19.225 Y-6.2 E.01403
G1 X-19.225 E1.27885
G1 X-19.3494 Y-5.8 E.01393
G1 X19.3494 E1.28713
G1 X19.4648 Y-5.4 E.01385
G1 X-19.4648 E1.29481
G1 X-19.5714 Y-5. E.01377
G1 X19.5714 E1.30190
G1 X19.6693 Y-4.6 E.01370
G1 X-19.6693 E1.30841
G1 X-19.7585 Y-4.2 E.01363
G1 X19.7585 E1.31434
G1 X19.8394 Y-3.8 E.01357
G1 X-19.8394 E1.31972
G1 X-19.9118 Y-3.4 E.01352
G1 X19.9118 E1.32454
G1 X19.976 Y-3. E.01347
G1 X-19.976 E1.32881
G1 X-20.032 Y-2.6 E.01343
G1 X20.032 E1.33253
G1 X20.0798 Y-2.2 E.01340
G1 X-20.0798 E1.33572
G1 X-20.1196 Y-1.8 E.01337
G1 X20.1196 E1.33836
G1 X20.1514 Y-1.4 E.01335
G1 X-20.1514 E1.34048
G1 X-20.1752 Y-1. E.01333
G1 X20.1752 E1.34206
G1 X20.1911 Y-.6 E.01331
G1 X-20.1911 E1.34312
G1 X-20.199 Y-.2 E.01331
G1 X20.199 E1.34364
G1 Y.2 E.01330
G1 X-20.199 E1.34364
G1 X-20.1911 Y.6 E.01331
G1 X20.1911 E1.34312
G1 X20.1752 Y1. E.01331
G1 X-20.1752 E1.34206
G1 X-20.1514 Y1.4 E.01333
G1 X20.1514 E1.34048
G1 X20.1196 Y1.8 E.01335
G1 X-20.1196 E1.33836
G1 X-20.0798 Y2.2 E.01337
G1 X20.0798 E1.33572
G1 X20.032 Y2.6 E.01340
G1 X-20.032 E1.33253
G1 X-19.976 Y3. E.01343
G1 X19.976 E1.32881
G1 X19.9118 Y3.4 E.01347
G1 X-19.9118 E1.32454
G1 X-19.8394 Y3.8 E.01352
G1 X19.8394 E1.31972
G1 X19.7585 Y4.2 E.01357
G1 X-19.7585 E1.31434
G1 X-19.6693 Y4.6 E.01363
G1 X19.6693 E1.30841
G1 X19.5714 Y5. E.01370
G1 X-19.5714 E1.30190
G1 X-19.4648 Y5.4 E.01377
G1 X19.4648 E1.29481
G1 X19.3494 Y5.8 E.01385
G1 X-19.3494 E1.28713
G1 X-19.225 Y6.2 E.01393
G1 X19.225 E1.27885
G1 X19.0914 Y6.6 E.01403
G1 X-19.0914 E1.26997
G1 X-18.9484 Y7. E.01413
G1 X18.9484 E1.26045
G1 X18.7958 Y7.4 E.01424
G1 X-18.7958 E1.25030
G1 X-18.6333 Y7.8 E.01436
G1 X18.6333 E1.23949
G1 X18.4608 Y8.2 E.01449
G1 X-18.4608 E1.22802
G1 X-18.2779 Y8.6 E.01463
G1 X18.2779 E1.21585
G1 X18.0843 Y9. E.01478
G1 X-18.0843 E1.20297
G1 X-17.8796 Y9.4 E.01494
G1 X17.8796 E1.18936
G1 X17.6635 Y9.8 E.01512
G1 X-17.6635 E1.17498
G1 X-17.4356 Y10.1999 E.01531
G1 X17.4356 E1.15982
G1 X17.1954 Y10.5999 E.01552
G1 X-17.1954 E1.14384
G1 X-16.9423 Y10.9999 E.01575
G1 X16.9423 E1.12701
G1 X16.6758 Y11.3999 E.01599
G1 X-16.6758 E1.10928
G1 X-16.3952 Y11.7999 E.01625
G1 X16.3952 E1.09061
G1 X16.0997 Y12.1999 E.01654
G1 X-16.0997 E1.07096
G1 X-15.7887 Y12.5999 E.01685
G1 X15.7887 E1.05027
G1 X15.461 Y12.9999 E.01720
G1 X-15.461 E1.02847
G1 X-15.1156 Y13.3999 E.01758
G1 X15.1156 E1.00550
G1 X14.7513 Y13.7999 E.01799
G1 X-14.7513 E.98126
G1 X-14.3667 Y14.1999 E.01846
G1 X14.3667 E.95568
G1 X13.96 Y14.5999 E.01897
G1 X-13.96 E.92862
G1 X-13.5293 Y14.9999 E.01955
G1 X13.5293 E.89997
G1 X13.0722 Y15.3999 E.02020
G1 X-13.0722 E.86957
G1 X-12.5858 Y15.7999 E.02095
G1 X12.5858 E.83721
G1 X12.3281 Y16.0021 E.01089
G1 X12.0666 Y16.1999 E.01091
G1 X-12.0666 E.80267
G1 X-11.7903 Y16.4025 E.01140
G1 X-11.5101 Y16.5999 E.01140
G1 X11.5101 E.76566
G1 X11.2122 Y16.8026 E.01198
G1 X10.9107 Y16.9999 E.01199
G1 X-10.9107 E.72578
G1 X-10.5879 Y17.2031 E.01269
G1 X-10.2608 Y17.3999 E.01270
G1 X10.2608 E.68255
G1 X9.9076 Y17.6037 E.01356
G1 X9.55 Y17.7999 E.01357
G1 X-9.55 E.63527
G1 X-9.1592 Y18.0042 E.01467
G1 X-8.7637 Y18.1999 E.01468
G1 X8.7637 E.58297
G1 X8.3239 Y18.4054 E.01614
G1 X7.8793 Y18.5999 E.01614
G1 X-7.8793 E.52413
G1 X-7.3717 Y18.8068 E.01823
G1 X-6.8588 Y18.9999 E.01823
G1 X6.8588 E.45625
G1 X6.2472 Y19.2098 E.02151
G1 X5.6288 Y19.3999 E.02152
G1 X-5.6288 E.37443
G1 X-4.8187 Y19.617 E.02790
G1 X-4.0005 Y19.7999 E.02789
G1 X4.0005 E.26611
G1 X3.0245 Y19.9723 E.03296
G1 X2.0418 Y20.0965 E.03294
G1 X1.0542 Y20.1725 E.03295
G1 X.0636 Y20.1999 E.03296
G1 X-.0636
G0 Z.4
M204 S500
M106 S0
G0 X0. Y20.6 C0. B0.
G1 Z.2 F6000.
G1 X-1.2682 Y20.5609 F1200. E.04220
G1 X-2.5315 Y20.4439 E.04220
G1 X-3.7852 Y20.2492 E.04220
G1 X-5.0246 Y19.9778 E.04220
G1 X-6.2449 Y19.6306 E.04220
G1 X-7.4416 Y19.2089 E.04220
G1 X-8.61 Y18.7144 E.04220
G1 X-9.7457 Y18.1489 E.04220
G1 X-10.8445 Y17.5145 E.04220
G1 X-11.9021 Y16.8137 E.04220
G1 X-12.9146 Y16.0491 E.04220
G1 X-13.8781 Y15.2236 E.04220
G1 X-14.789 Y14.3404 E.04220
G1 X-15.6437 Y13.4027 E.04220
G1 X-16.4392 Y12.4143 E.04220
G1 X-17.1722 Y11.3787 E.04220
G1 X-17.8401 Y10.3 E.04220
G1 X-18.4404 Y9.1822 E.04220
G1 X-18.9707 Y8.0296 E.04220
G1 X-19.429 Y6.8465 E.04220
G1 X-19.8136 Y5.6375 E.04220
G1 X-20.1231 Y4.407 E.04220
G1 X-20.3562 Y3.1599 E.04220
G1 X-20.5121 Y1.9007 E.04220
G1 X-20.5902 Y.6344 E.04220
G1 Y-.6344 E.04220
G1 X-20.5121 Y-1.9007 E.04220
G1 X-20.3562 Y-3.1599 E.04220
G1 X-20.1231 Y-4.407 E.04220
G1 X-19.8136 Y-5.6375 E.04220
G1 X-19.429 Y-6.8465 E.04220
G1 X-18.9707 Y-8.0296 E.04220
G1 X-18.4404 Y-9.1822 E.04220
G1 X-17.8401 Y-10.3 E.04220
G1 X-17.1722 Y-11.3787 E.04220
G1 X-16.4392 Y-12.4143 E.04220
G1 X-15.6437 Y-13.4027 E.04220
G1 X-14.789 Y-14.3404 E.04220
G1 X-13.8781 Y-15.2236 E.04220
G1 X-12.9146 Y-16.0491 E.04220
G1 X-11.9021 Y-16.8137 E.04220
G1 X-10.8445 Y-17.5145 E.04220
G1 X-9.7457 Y-18.1489 E.04220
G1 X-8.61 Y-18.7144 E.04220
G1 X-7.4416 Y-19.2089 E.04220
G1 X-6.2449 Y-19.6306 E.04220
G1 X-5.0246 Y-19.9778 E.04220
G1 X-3.7852 Y-20.2492 E.04220
G1 X-2.5315 Y-20.4439 E.04220
G1 X-1.2682 Y-20.5609 E.04220
G1 X0. Y-20.6 E.04220
G1 X1.2682 Y-20.5609 E.04220
G1 X2.5315 Y-20.4439 E.04220
G1 X3.7852 Y-20.2492 E.04220
G1 X5.0246 Y-19.9778 E.04220
G1 X6.2449 Y-19.6306 E.04220
G1 X7.4416 Y-19.2089 E.04220
G1 X8.61 Y-18.7144 E.04220
G1 X9.7457 Y-18.1489 E.04220
G1 X10.8445 Y-17.5145 E.04220
G1 X11.9021 Y-16.8137 E.04220
G1 X12.9146 Y-16.0491 E.04220
G1 X13.8781 Y-15.2236 E.04220
G1 X14.789 Y-14.3404 E.04220
G1 X15.6437 Y-13.4027 E.04220
G1 X16.4392 Y-12.4143 E.04220
G1 X17.1722 Y-11.3787 E.04220
G1 X17.8401 Y-10.3 E.04220
G1 X18.4404 Y-9.1822 E.04220
G1 X18.9707 Y-8.0296 E.04220
G1 X19.429 Y-6.8465 E.04220
G1 X19.8136 Y-5.6375 E.04220
G1 X20.1231 Y-4.407 E.04220
G1 X20.3562 Y-3.1599 E.04220
G1 X20.5121 Y-1.9007 E.04220
G1 X20.5902 Y-.6344 E.04220
G1 Y.6344 E.04220
G1 X20.5121 Y1.9007 E.04220
G1 X20.3562 Y3.1599 E.04220
G1 X20.1231 Y4.407 E.04220
G1 X19.8136 Y5.6375 E.04220
G1 X19.429 Y6.8465 E.04220
G1 X18.9707 Y8.0296 E.04220
G1 X18.4404 Y9.1822 E.04220
G1 X17.8401 Y10.3 E.04220
G1 X17.1722 Y11.3787 E.04220
G1 X16.4392 Y12.4143 E.04220
G1 X15.6437 Y13.4027 E.04220
G1 X14.789 Y14.3404 E.04220
G1 X13.8781 Y15.2236 E.04220
G1 X12.9146 Y16.0491 E.04220
G1 X11.9021 Y16.8137 E.04220
G1 X10.8445 Y17.5145 E.04220
G1 X9.7457 Y18.1489 E.04220
G1 X8.61 Y18.7144 E.04220
G1 X7.4416 Y19.2089 E.04220
G1 X6.2449 Y19.6306 E.04220
G1 X5.0246 Y19.9778 E.04220
G1 X3.7852 Y20.2492 E.04220
G1 X2.5315 Y20.4439 E.04220
G1 X1.2682 Y20.5609 E.04220
G1 X0. Y20.6 E.04220
G0 Z.4
M204 S500
M106 S0
G0 X0. Y21. C0. B0.
G1 Z.2 F6000.
G1 X-1.2802 Y20.9609 F1200. E.04260
G1 X-2.5557 Y20.8439 E.04260
G1 X-3.8217 Y20.6493 E.04260
G1 X-5.0735 Y20.3779 E.04260
G1 X-6.3063 Y20.0307 E.04260
G1 X-7.5158 Y19.609 E.04260
G1 X-8.6972 Y19.1143 E.04260
G1 X-9.8463 Y18.5486 E.04260
G1 X-10.9588 Y17.9138 E.04260
G1 X-12.0305 Y17.2124 E.04260
G1 X-13.0575 Y16.4469 E.04260
G1 X-14.0359 Y15.6203 E.04260
G1 X-14.962 Y14.7356 E.04260
G1 X-15.8325 Y13.796 E.04260
G1 X-16.6442 Y12.8052 E.04260
G1 X-17.3939 Y11.7666 E.04260
G1 X-18.0788 Y10.6844 E.04260
G1 X-18.6966 Y9.5623 E.04260
G1 X-19.2448 Y8.4047 E.04260
G1 X-19.7213 Y7.2159 E.04260
G1 X-20.1246 Y6.0001 E.04260
G1 X-20.4529 Y4.7621 E.04260
G1 X-20.7052 Y3.5064 E.04260
G1 X-20.8805 Y2.2376 E.04260
G1 X-20.978 Y.9604 E.04260
G1 X-20.9976 Y-.3202 E.04260
G1 X-20.939 Y-1.5997 E.04260
G1 X-20.8025 Y-2.8733 E.04260
G1 X-20.5886 Y-4.1362 E.04260
G1 X-20.2982 Y-5.3836 E.04260
G1 X-19.9322 Y-6.6111 E.04260
G1 X-19.4921 Y-7.8139 E.04260
G1 X-18.9795 Y-8.9877 E.04260
G1 X-18.3963 Y-10.1281 E.04260
G1 X-17.7446 Y-11.2307 E.04260
G1 X-17.0269 Y-12.2916 E.04260
G1 X-16.2459 Y-13.3068 E.04260
G1 X-15.4045 Y-14.2724 E.04260
G1 X-14.5057 Y-15.185 E.04260
G1 X-13.553 Y-16.0411 E.04260
G1 X-12.5498 Y-16.8375 E.04260
G1 X-11.5 Y-17.5713 E.04260
G1 X-10.4074 Y-18.2397 E.04260
G1 X-9.2761 Y-18.8402 E.04260
G1 X-8.1103 Y-19.3707 E.04260
G1 X-6.9143 Y-19.8291 E.04260
G1 X-5.6925 Y-20.2137 E.04260
G1 X-4.4496 Y-20.5232 E.04260
G1 X-3.1902 Y-20.7563 E.04260
G1 X-1.9189 Y-20.9121 E.04260
G1 X-.6404 Y-20.9902 E.04260
G1 X.6404 E.04260
G1 X1.9189 Y-20.9121 E.04260
G1 X3.1902 Y-20.7563 E.04260
G1 X4.4496 Y-20.5232 E.04260
G1 X5.6925 Y-20.2137 E.04260
G1 X6.9143 Y-19.8291 E.04260
G1 X8.1103 Y-19.3707 E.04260
G1 X9.2761 Y-18.8402 E.04260
G1 X10.4074 Y-18.2397 E.04260
G1 X11.5 Y-17.5713 E.04260
G1 X12.5498 Y-16.8375 E.04260
G1 X13.553 Y-16.0411 E.04260
G1 X14.5057 Y-15.185 E.04260
G1 X15.4045 Y-14.2724 E.04260
G1 X16.2459 Y-13.3068 E.04260
G1 X17.0269 Y-12.2916 E.04260
G1 X17.7446 Y-11.2307 E.04260
G1 X18.3963 Y-10.1281 E.04260
G1 X18.9795 Y-8.9877 E.04260
G1 X19.4921 Y-7.8139 E.04260
G1 X19.9322 Y-6.6111 E.04260
G1 X20.2982 Y-5.3836 E.04260
G1 X20.5886 Y-4.1362 E.04260
G1 X20.8025 Y-2.8733 E.04260
G1 X20.939 Y-1.5997 E.04260
G1 X20.9976 Y-.3202 E.04260
G1 X20.978 Y.9604 E.04260
G1 X20.8805 Y2.2376 E.04260
G1 X20.7052 Y3.5064 E.04260
G1 X20.4529 Y4.7621 E.04260
G1 X20.1246 Y6.0001 E.04260
G1 X19.7213 Y7.2159 E.04260
G1 X19.2448 Y8.4047 E.04260
G1 X18.6966 Y9.5623 E.04260
G1 X18.0788 Y10.6844 E.04260
G1 X17.3939 Y11.7666 E.04260
G1 X16.6442 Y12.8052 E.04260
G1 X15.8325 Y13.796 E.04260
G1 X14.962 Y14.7356 E.04260
G1 X14.0359 Y15.6203 E.04260
G1 X13.0575 Y16.4469 E.04260
G1 X12.0305 Y17.2124 E.04260
G1 X10.9588 Y17.9138 E.04260
G1 X9.8463 Y18.5486 E.04260
G1 X8.6972 Y19.1143 E.04260
G1 X7.5158 Y19.609 E.04260
G1 X6.3063 Y20.0307 E.04260
G1 X5.0735 Y20.3779 E.04260
G1 X3.8217 Y20.6493 E.04260
G1 X2.5557 Y20.8439 E.04260
G1 X1.2802 Y20.9609 E.04260
G1 X0. Y21. E.04260
G0 Z.4
N100 M01
N110 G0 G17 G40 G80 G90 G94 G98
M204 S5000
M106 S51
G0 X-.0636 Y-20.1999 C0. B0.
G1 F6000.
G1 X.0636 F10000. E.00423
G1 X1.0542 E.03296
G1 X2.0418 Y-20.0966 E.03303
G1 X3.0246 Y-19.9724 E.03295
G1 X4.0005 Y-19.7999 E.03296
G1 X-4.0005 E.26611
G1 X-4.8186 Y-19.6168 E.02788
G1 X-5.6288 Y-19.3999 E.02790
G1 X5.6288 E.37443
G1 X6.2472 Y-19.2098 E.02152
G1 X6.8588 Y-18.9999 E.02151
G1 X-6.8588 E.45625
G1 X-7.3717 Y-18.807 E.01823
G1 X-7.8793 Y-18.5999 E.01823
G1 X7.8793 E.52413
G1 X8.3239 Y-18.4052 E.01614
G1 X8.7637 Y-18.1999 E.01614
G1 X-8.7637 E.58297
G1 X-9.1592 Y-18.0043 E.01467
G1 X-9.55 Y-17.7999 E.01467
G1 X9.55 E.63527
G1 X9.9075 Y-17.6035 E.01357
G1 X10.2608 Y-17.3999 E.01356
G1 X-10.2608 E.68255
G1 X-10.5879 Y-17.2031 E.01270
G1 X-10.9107 Y-16.9999 E.01269
G1 X10.9107 E.72578
G1 X11.2124 Y-16.8028 E.01199
G1 X11.5101 Y-16.5999 E.01198
G1 X-11.5101 E.76566
G1 X-11.7901 Y-16.4022 E.01140
G1 X-12.0666 Y-16.1999 E.01139
G1 X12.0666 E.80267
G1 X12.3282 Y-16.0022 E.01091
G1 X12.5858 Y-15.7999 E.01089
G1 X-12.5858 E.83721
G1 X-13.0722 Y-15.3999 E.02095
G1 X13.0722 E.86957
G1 X13.5293 Y-14.9999 E.02020
G1 X-13.5293 E.89997
G1 X-13.96 Y-14.5999 E.01955
G1 X13.96 E.92862
G1 X14.3667 Y-14.1999 E.01897
G1 X-14.3667 E.95568
G1 X-14.7513 Y-13.7999 E.01846
G1 X14.7513 E.98126
G1 X15.1156 Y-13.3999 E.01799
G1 X-15.1156 E1.00550
G1 X-15.461 Y-12.9999 E.01758
G1 X15.461 E1.02847
G1 X15.7887 Y-12.5999 E.01720
G1 X-15.7887 E1.05027
G1 X-16.0997 Y-12.1999 E.01685
G1 X16.0997 E1.07096
G1 X16.3952 Y-11.7999 E.01654
G1 X-16.3952 E1.09061
G1 X-16.6758 Y-11.3999 E.01625
G1 X16.6758 E1.10928
G1 X16.9423 Y-10.9999 E.01598
G1 X-16.9423 E1.12701
G1 X-17.1954 Y-10.5999 E.01574
G1 X17.1954 E1.14384
G1 X17.4356 Y-10.1999 E.01552
G1 X-17.4356 E1.15982
G1 X-17.6635 Y-9.8 E.01531
G1 X17.6635 E1.17498
G1 X17.8796 Y-9.4 E.01512
G1 X-17.8796 E1.18936
G1 X-18.0843 Y-9. E.01495
G1 X18.0843 E1.20297
G1 X18.2779 Y-8.6 E.01478
G1 X-18.2779 E1.21585
G1 X-18.4608 Y-8.2 E.01463
G1 X18.4608 E1.22802
G1 X18.6333 Y-7.8 E.01449
G1 X-18.6333 E1.23949
G1 X-18.7958 Y-7.4 E.01436
G1 X18.7958 E1.25030
G1 X18.9484 Y-7. E.01424
G1 X-18.9484 E1.26045
G1 X-19.0914 Y-6.6 E.01413
G1 X19.0914 E1.26997
G1 X19.225 Y-6.2 E.01403
G1 X-19.225 E1.27885
G1 X-19.3494 Y-5.8 E.01393
G1 X19.3494 E1.28713
G1 X19.4648 Y-5.4 E.01385
G1 X-19.4648 E1.29481
G1 X-19.5714 Y-5. E.01377
G1 X19.5714 E1.30190
G1 X19.6693 Y-4.6 E.01370
G1 X-19.6693 E1.30841
G1 X-19.7585 Y-4.2 E.01363
G1 X19.7585 E1.31434
G1 X19.8394 Y-3.8 E.01357
G1 X-19.8394 E1.31972
G1 X-19.9118 Y-3.4 E.01352
G1 X19.9118 E1.32454
G1 X19.976 Y-3. E.01347
G1 X-19.976 E1.32881
G1 X-20.032 Y-2.6 E.01343
G1 X20.032 E1.33253
G1 Y-2.2 E.01340
G1 X-20.0798 E1.33413
G1 Y-1.8 E.01337
G1 X20.1196 E1.33704
G1 Y-1.4 E.01335
G1 X-20.1514 E1.33942
G1 Y-1. E.01333
G1 X20.1752 E1.34127
G1 Y-.6 E.01331
G1 X-20.1911 E1.34259
G1 Y-.2 E.01331
G1 X20.199 E1.34338
G1 Y.2 E.01330
G1 X-20.199 E1.34364
G1 Y.6 E.01331
G1 X20.1911 E1.34338
G1 Y1. E.01331
G1 X-20.1752 E1.34259
G1 Y1.4 E.01333
G1 X20.1514 E1.34127
G1 Y1.8 E.01335
G1 X-20.1196 E1.33942
G1 Y2.2 E.01337
G1 X20.0798 E1.33704
G1 Y2.6 E.01340
G1 X-20.032 E1.33412
G1 X-19.976 Y3. E.01343
G1 X19.976 E1.32881
G1 X19.9118 Y3.4 E.01347
G1 X-19.9118 E1.32454
G1 X-19.8394 Y3.8 E.01352
G1 X19.8394 E1.31972
G1 X19.7585 Y4.2 E.01357
G1 X-19.7585 E1.31434
G1 X-19.6693 Y4.6 E.01363
G1 X19.6693 E1.30841
G1 X19.5714 Y5. E.01370
G1 X-19.5714 E1.30190
G1 X-19.4648 Y5.4 E.01377
G1 X19.4648 E1.29481
G1 X19.3494 Y5.8 E.01385
G1 X-19.3494 E1.28713
G1 X-19.225 Y6.2 E.01393
G1 X19.225 E1.27885
G1 X19.0914 Y6.6 E.01403
G1 X-19.0914 E1.26997
G1 X-18.9484 Y7. E.01413
G1 X18.9484 E1.26045
G1 X18.7958 Y7.4 E.01424
G1 X-18.7958 E1.25030
G1 X-18.6333 Y7.8 E.01436
G1 X18.6333 E1.23949
G1 X18.4608 Y8.2 E.01449
G1 X-18.4608 E1.22802
G1 X-18.2779 Y8.6 E.01463
G1 X18.2779 E1.21585
G1 X18.0843 Y9. E.01478
G1 X-18.0843 E1.20297
G1 X-17.8796 Y9.4 E.01494
G1 X17.8796 E1.18936
G1 X17.6635 Y9.8 E.01512
G1 X-17.6635 E1.17498
G1 X-17.4356 Y10.1999 E.01531
G1 X17.4356 E1.15982
G1 X17.1954 Y10.5999 E.01552
G1 X-17.1954 E1.14384
G1 X-16.9423 Y10.9999 E.01575
G1 X16.9423 E1.12701
G1 X16.6758 Y11.3999 E.01599
G1 X-16.6758 E1.10928
G1 X-16.3952 Y11.7999 E.01625
G1 X16.3952 E1.09061
G1 X16.0997 Y12.1999 E.01654
G1 X-16.0997 E1.07096
G1 X-15.7887 Y12.5999 E.01685
G1 X15.7887 E1.05027
G1 X15.461 Y12.9999 E.01720
G1 X-15.461 E1.02847
G1 X-15.1156 Y13.3999 E.01758
G1 X15.1156 E1.00550
G1 X14.7513 Y13.7999 E.01799
G1 X-14.7513 E.98126
G1 X-14.3667 Y14.1999 E.01846
G1 X14.3667 E.95568
G1 X13.96 Y14.5999 E.01897
G1 X-13.96 E.92862
G1 X-13.5293 Y14.9999 E.01955
G1 X13.5293 E.89997
G1 X13.0722 Y15.3999 E.02020
G1 X-13.0722 E.86957
G1 X-12.5858 Y15.7999 E.02095
G1 X12.5858 E.83721
G1 X12.3281 Y16.0021 E.01089
G1 X12.0666 Y16.1999 E.01091
G1 X-12.0666 E.80267
G1 X-11.7903 Y16.4025 E.01140
G1 X-11.5101 Y16.5999 E.01140
G1 X11.5101 E.76566
G1 X11.2122 Y16.8026 E.01198
G1 X10.9107 Y16.9999 E.01199
G1 X-10.9107 E.72578
G1 X-10.5879 Y17.2031 E.01269
G1 X-10.2608 Y17.3999 E.01270
G1 X10.2608 E.68255
G1 X9.9076 Y17.6037 E.01356
G1 X9.55 Y17.7999 E.01357
G1 X-9.55 E.63527
G1 X-9.1592 Y18.0042 E.01467
G1 X-8.7637 Y18.1999 E.01468
G1 X8.7637 E.58297
G1 X8.3239 Y18.4054 E.01614
G1 X7.8793 Y18.5999 E.01614
G1 X-7.8793 E.52413
G1 X-7.3717 Y18.8068 E.01823
G1 X-6.8588 Y18.9999 E.01823
G1 X6.8588 E.45625
G1 X6.2472 Y19.2098 E.02151
G1 X5.6288 Y19.3999 E.02152
G1 X-5.6288 E.37443
G1 X-4.8187 Y19.617 E.02790
G1 X-4.0005 Y19.7999 E.02789
G1 X4.0005 E.26611
G1 X3.0245 Y19.9723 E.03296
G1 X2.0418 Y20.0965 E.03294
G1 X1.0542 Y20.1725 E.03295
G1 X.0636 E.03296
G1 X-.0636
G0 Z.6
G0 Y20.1999
M204 S5000
M106 S51
G0 X0. Y20.6 C0. B0.
G1 Z.4 F6000.
G1 X-1.2682 F10000. E.04220
G1 X-2.5315 Y20.4439 E.04234
G1 X-3.7852 Y20.2492 E.04220
G1 X-5.0246 Y19.9778 E.04220
G1 X-6.2449 Y19.6306 E.04220
G1 X-7.4416 Y19.2089 E.04220
G1 X-8.61 Y18.7144 E.04220
G1 X-9.7457 Y18.1489 E.04220
G1 X-10.8445 Y17.5145 E.04220
G1 X-11.9021 Y16.8137 E.04220
G1 X-12.9146 Y16.0491 E.04220
G1 X-13.8781 Y15.2236 E.04220
G1 X-14.789 Y14.3404 E.04220
G1 X-15.6437 Y13.4027 E.04220
G1 X-16.4392 Y12.4143 E.04220
G1 X-17.1722 Y11.3787 E.04220
G1 X-17.8401 Y10.3 E.04220
G1 X-18.4404 Y9.1822 E.04220
G1 X-18.9707 Y8.0296 E.04220
G1 X-19.429 Y6.8465 E.04220
G1 X-19.8136 Y5.6375 E.04220
G1 X-20.1231 Y4.407 E.04220
G1 X-20.3562 Y3.1599 E.04220
G1 X-20.5121 Y1.9007 E.04220
G1 X-20.5902 Y.6344 E.04220
G1 Y-.6344 E.04220
G1 X-20.5121 Y-1.9007 E.04220
G1 X-20.3562 Y-3.1599 E.04220
G1 X-20.1231 Y-4.407 E.04220
G1 X-19.8136 Y-5.6375 E.04220
G1 X-19.429 Y-6.8465 E.04220
G1 X-18.9707 Y-8.0296 E.04220
G1 X-18.4404 Y-9.1822 E.04220
G1 X-17.8401 Y-10.3 E.04220
G1 X-17.1722 Y-11.3787 E.04220
G1 X-16.4392 Y-12.4143 E.04220
G1 X-15.6437 Y-13.4027 E.04220
G1 X-14.789 Y-14.3404 E.04220
G1 X-13.8781 Y-15.2236 E.04220
G1 X-12.9146 Y-16.0491 E.04220
G1 X-11.9021 Y-16.8137 E.04220
G1 X-10.8445 Y-17.5145 E.04220
G1 X-9.7457 Y-18.1489 E.04220
G1 X-8.61 Y-18.7144 E.04220
G1 X-7.4416 Y-19.2089 E.04220
G1 X-6.2449 Y-19.6306 E.04220
G1 X-5.0246 Y-19.9778 E.04220
G1 X-3.7852 Y-20.2492 E.04220
G1 X-2.5315 Y-20.4439 E.04220
G1 X-1.2682 Y-20.5609 E.04220
G1 X0. E.04220
G1 X1.2682 E.04218
G1 X2.5315 Y-20.4439 E.04220
G1 X3.7852 Y-20.2492 E.04220
G1 X5.0246 Y-19.9778 E.04220
G1 X6.2449 Y-19.6306 E.04220
G1 X7.4416 Y-19.2089 E.04220
G1 X8.61 Y-18.7144 E.04220
G1 X9.7457 Y-18.1489 E.04220
G1 X10.8445 Y-17.5145 E.04220
G1 X11.9021 Y-16.8137 E.04220
G1 X12.9146 Y-16.0491 E.04220
G1 X13.8781 Y-15.2236 E.04220
G1 X14.789 Y-14.3404 E.04220
G1 X15.6437 Y-13.4027 E.04220
G1 X16.4392 Y-12.4143 E.04220
G1 X17.1722 Y-11.3787 E.04220
G1 X17.8401 Y-10.3 E.04220
G1 X18.4404 Y-9.1822 E.04220
G1 X18.9707 Y-8.0296 E.04220
G1 X19.429 Y-6.8465 E.04220
G1 X19.8136 Y-5.6375 E.04220
G1 X20.1231 Y-4.407 E.04220
G1 X20.3562 Y-3.1599 E.04220
G1 X20.5121 Y-1.9007 E.04220
G1 X20.5902 Y-.6344 E.04220
G1 Y.6344 E.04220
G1 X20.5121 Y1.9007 E.04220
G1 X20.3562 Y3.1599 E.04220
G1 X20.1231 Y4.407 E.04220
G1 X19.8136 Y5.6375 E.04220
G1 X19.429 Y6.8465 E.04220
G1 X18.9707 Y8.0296 E.04220
G1 X18.4404 Y9.1822 E.04220
G1 X17.8401 Y10.3 E.04220
G1 X17.1722 Y11.3787 E.04220
G1 X16.4392 Y12.4143 E.04220
G1 X15.6437 Y13.4027 E.04220
G1 X14.789 Y14.3404 E.04220
G1 X13.8781 Y15.2236 E.04220
G1 X12.9146 Y16.0491 E.04220
G1 X11.9021 Y16.8137 E.04220
G1 X10.8445 Y17.5145 E.04220
G1 X9.7457 Y18.1489 E.04220
G1 X8.61 Y18.7144 E.04220
G1 X7.4416 Y19.2089 E.04220
G1 X6.2449 Y19.6306 E.04220
G1 X5.0246 Y19.9778 E.04220
G1 X3.7852 Y20.2492 E.04220
G1 X2.5315 Y20.4439 E.04220
G1 X1.2682 Y20.5609 E.04220
G1 X0. E.04220
G0 Z.6
G0 Y20.6
M204 S5000
M106 S51
G0 X0. Y21. C0. B0.
G1 Z.4 F6000.
G1 X-1.2802 F10000. E.04260
G1 X-2.5557 Y20.8439 E.04274
G1 X-3.8217 Y20.6493 E.04260
G1 X-5.0735 Y20.3779 E.04260
G1 X-6.3063 Y20.0307 E.04260
G1 X-7.5158 Y19.609 E.04260
G1 X-8.6972 Y19.1143 E.04260
G1 X-9.8463 Y18.5486 E.04260
G1 X-10.9588 Y17.9138 E.04260
G1 X-12.0305 Y17.2124 E.04260
G1 X-13.0575 Y16.4469 E.04260
G1 X-14.0359 Y15.6203 E.04260
G1 X-14.962 Y14.7356 E.04260
G1 X-15.8325 Y13.796 E.04260
G1 X-16.6442 Y12.8052 E.04260
G1 X-17.3939 Y11.7666 E.04260
G1 X-18.0788 Y10.6844 E.04260
G1 X-18.6966 Y9.5623 E.04260
G1 X-19.2448 Y8.4047 E.04260
G1 X-19.7213 Y7.2159 E.04260
G1 X-20.1246 Y6.0001 E.04260
G1 X-20.4529 Y4.7621 E.04260
G1 X-20.7052 Y3.5064 E.04260
G1 X-20.8805 Y2.2376 E.04260
G1 X-20.978 Y.9604 E.04260
G1 Y-.3202 E.04260
G1 Y-1.5997 E.04258
G1 X-20.8025 Y-2.8733 E.04276
G1 X-20.5886 Y-4.1362 E.04260
G1 X-20.2982 Y-5.3836 E.04260
G1 X-19.9322 Y-6.6111 E.04260
G1 X-19.4921 Y-7.8139 E.04260
G1 X-18.9795 Y-8.9877 E.04260
G1 X-18.3963 Y-10.1281 E.04260
G1 X-17.7446 Y-11.2307 E.04260
G1 X-17.0269 Y-12.2916 E.04260
G1 X-16.2459 Y-13.3068 E.04260
G1 X-15.4045 Y-14.2724 E.04260
G1 X-14.5057 Y-15.185 E.04260
G1 X-13.553 Y-16.0411 E.04260
G1 X-12.5498 Y-16.8375 E.04260
G1 X-11.5 Y-17.5713 E.04260
G1 X-10.4074 Y-18.2397 E.04260
G1 X-9.2761 Y-18.8402 E.04260
G1 X-8.1103 Y-19.3707 E.04260
G1 X-6.9143 Y-19.8291 E.04260
G1 X-5.6925 Y-20.2137 E.04260
G1 X-4.4496 Y-20.5232 E.04260
G1 X-3.1902 Y-20.7563 E.04260
G1 X-1.9189 Y-20.9121 E.04260
G1 X-.6404 Y-20.9902 E.04260
G1 X.6404 E.04260
G1 X1.9189 Y-20.9121 E.04260
G1 X3.1902 Y-20.7563 E.04260
G1 X4.4496 Y-20.5232 E.04260
G1 X5.6925 Y-20.2137 E.04260
G1 X6.9143 Y-19.8291 E.04260
G1 X8.1103 Y-19.3707 E.04260
G1 X9.2761 Y-18.8402 E.04260
G1 X10.4074 Y-18.2397 E.04260
G1 X11.5 Y-17.5713 E.04260
G1 X12.5498 Y-16.8375 E.04260
G1 X13.553 Y-16.0411 E.04260
G1 X14.5057 Y-15.185 E.04260
G1 X15.4045 Y-14.2724 E.04260
G1 X16.2459 Y-13.3068 E.04260
G1 X17.0269 Y-12.2916 E.04260
G1 X17.7446 Y-11.2307 E.04260
G1 X18.3963 Y-10.1281 E.04260
G1 X18.9795 Y-8.9877 E.04260
G1 X19.4921 Y-7.8139 E.04260
G1 X19.9322 Y-6.6111 E.04260
G1 X20.2982 Y-5.3836 E.04260
G1 X20.5886 Y-4.1362 E.04260
G1 X20.8025 Y-2.8733 E.04260
G1 X20.939 Y-1.5997 E.04260
G1 X20.9976 Y-.3202 E.04260
G1 Y.9604 E.04260
G1 X20.8805 Y2.2376 E.04266
G1 X20.7052 Y3.5064 E.04260
G1 X20.4529 Y4.7621 E.04260
G1 X20.1246 Y6.0001 E.04260
G1 X19.7213 Y7.2159 E.04260
G1 X19.2448 Y8.4047 E.04260
G1 X18.6966 Y9.5623 E.04260
G1 X18.0788 Y10.6844 E.04260
G1 X17.3939 Y11.7666 E.04260
G1 X16.6442 Y12.8052 E.04260
G1 X15.8325 Y13.796 E.04260
G1 X14.962 Y14.7356 E.04260
G1 X14.0359 Y15.6203 E.04260
G1 X13.0575 Y16.4469 E.04260
G1 X12.0305 Y17.2124 E.04260
G1 X10.9588 Y17.9138 E.04260
G1 X9.8463 Y18.5486 E.04260
G1 X8.6972 Y19.1143 E.04260
G1 X7.5158 Y19.609 E.04260
G1 X6.3063 Y20.0307 E.04260
G1 X5.0735 Y20.3779 E.04260
G1 X3.8217 Y20.6493 E.04260
G1 X2.5557 Y20.8439 E.04260
G1 X1.2802 Y20.9609 E.04260
G1 X0. E.04260
G0 Z.6
G0 Y21.
N120 M5
N130 M01
N140 G0 G17 G40 G80 G90 G94 G98
M204 S5000
M106 S51
G0 X-.0636 Y-20.1999 C0. B0.
G1 F6000.
G1 X.0636 F10000. E.00423
G1 X1.0542 E.03296
G1 X2.0418 Y-20.0966 E.03303
G1 X3.0246 Y-19.9724 E.03295
G1 X4.0005 Y-19.7999 E.03296
G1 X-4.0005 E.26611
G1 X-4.8186 Y-19.6168 E.02788
G1 X-5.6288 Y-19.3999 E.02790
G1 X5.6288 E.37443
G1 X6.2472 Y-19.2098 E.02152
G1 X6.8588 Y-18.9999 E.02151
G1 X-6.8588 E.45625
G1 X-7.3717 Y-18.807 E.01823
G1 X-7.8793 Y-18.5999 E.01823
G1 X7.8793 E.52413
G1 X8.3239 Y-18.4052 E.01614
G1 X8.7637 Y-18.1999 E.01614
G1 X-8.7637 E.58297
G1 X-9.1592 Y-18.0043 E.01467
G1 X-9.55 Y-17.7999 E.01467
G1 X9.55 E.63527
G1 X9.9075 Y-17.6035 E.01357
G1 X10.2608 Y-17.3999 E.01356
G1 X-10.2608 E.68255
G1 X-10.5879 Y-17.2031 E.01270
G1 X-10.9107 Y-16.9999 E.01269
G1 X10.9107 E.72578
G1 X11.2124 Y-16.8028 E.01199
G1 X11.5101 Y-16.5999 E.01198
G1 X-11.5101 E.76566
G1 X-11.7901 Y-16.4022 E.01140
G1 X-12.0666 Y-16.1999 E.01139
G1 X12.0666 E.80267
G1 X12.3282 Y-16.0022 E.01091
G1 X12.5858 Y-15.7999 E.01089
G1 X-12.5858 E.83721
G1 X-13.0722 Y-15.3999 E.02095
G1 X13.0722 E.86957
G1 X13.5293 Y-14.9999 E.02020
G1 X-13.5293 E.89997
G1 X-13.96 Y-14.5999 E.01955
G1 X13.96 E.92862
G1 X14.3667 Y-14.1999 E.01897
G1 X-14.3667 E.95568
G1 X-14.7513 Y-13.7999 E.01846
G1 X14.7513 E.98126
G1 X15.1156 Y-13.3999 E.01799
G1 X-15.1156 E1.00550
G1 X-15.461 Y-12.9999 E.01758
G1 X15.461 E1.02847
G1 X15.7887 Y-12.5999 E.01720
G1 X-15.7887 E1.05027
G1 X-16.0997 Y-12.1999 E.01685
G1 X16.0997 E1.07096
G1 X16.3952 Y-11.7999 E.01654
G1 X-16.3952 E1.09061
G1 X-16.6758 Y-11.3999 E.01625
G1 X16.6758 E1.10928
G1 X16.9423 Y-10.9999 E.01598
G1 X-16.9423 E1.12701
G1 X-17.1954 Y-10.5999 E.01574
G1 X17.1954 E1.14384
G1 X17.4356 Y-10.1999 E.01552
G1 X-17.4356 E1.15982
G1 X-17.6635 Y-9.8 E.01531
G1 X17.6635 E1.17498
G1 X17.8796 Y-9.4 E.01512
G1 X-17.8796 E1.18936
G1 X-18.0843 Y-9. E.01495
G1 X18.0843 E1.20297
G1 X18.2779 Y-8.6 E.01478
G1 X-18.2779 E1.21585
G1 X-18.4608 Y-8.2 E.01463
G1 X18.4608 E1.22802
G1 X18.6333 Y-7.8 E.01449
G1 X-18.6333 E1.23949
G1 X-18.7958 Y-7.4 E.01436
G1 X18.7958 E1.25030
G1 X18.9484 Y-7. E.01424
G1 X-18.9484 E1.26045
G1 X-19.0914 Y-6.6 E.01413
G1 X19.0914 E1.26997
G1 X19.225 Y-6.2 E.01403
G1 X-19.225 E1.27885
G1 X-19.3494 Y-5.8 E.01393
G1 X19.3494 E1.28713
G1 X19.4648 Y-5.4 E.01385
G1 X-19.4648 E1.29481
G1 X-19.5714 Y-5. E.01377
G1 X19.5714 E1.30190
G1 X19.6693 Y-4.6 E.01370
G1 X-19.6693 E1.30841
G1 X-19.7585 Y-4.2 E.01363
G1 X19.7585 E1.31434
G1 X19.8394 Y-3.8 E.01357
G1 X-19.8394 E1.31972
G1 X-19.9118 Y-3.4 E.01352
G1 X19.9118 E1.32454
G1 X19.976 Y-3. E.01347
G1 X-19.976 E1.32881
G1 X-20.032 Y-2.6 E.01343
G1 X20.032 E1.33253
G1 Y-2.2 E.01340
G1 X-20.0798 E1.33413
G1 Y-1.8 E.01337
G1 X20.1196 E1.33704
G1 Y-1.4 E.01335
G1 X-20.1514 E1.33942
G1 Y-1. E.01333
G1 X20.1752 E1.34127
G1 Y-.6 E.01331
G1 X-20.1911 E1.34259
G1 Y-.2 E.01331
G1 X20.199 E1.34338
G1 Y.2 E.01330
G1 X-20.199 E1.34364
G1 Y.6 E.01331
G1 X20.1911 E1.34338
G1 Y1. E.01331
G1 X-20.1752 E1.34259
G1 Y1.4 E.01333
G1 X20.1514 E1.34127
G1 Y1.8 E.01335
G1 X-20.1196 E1.33942
G1 Y2.2 E.01337
G1 X20.0798 E1.33704
G1 Y2.6 E.01340
G1 X-20.032 E1.33412
G1 X-19.976 Y3. E.01343
G1 X19.976 E1.32881
G1 X19.9118 Y3.4 E.01347
G1 X-19.9118 E1.32454
G1 X-19.8394 Y3.8 E.01352
G1 X19.8394 E1.31972
G1 X19.7585 Y4.2 E.01357
G1 X-19.7585 E1.31434
G1 X-19.6693 Y4.6 E.01363
G1 X19.6693 E1.30841
G1 X19.5714 Y5. E.01370
G1 X-19.5714 E1.30190
G1 X-19.4648 Y5.4 E.01377
G1 X19.4648 E1.29481
G1 X19.3494 Y5.8 E.01385
G1 X-19.3494 E1.28713
G1 X-19.225 Y6.2 E.01393
G1 X19.225 E1.27885
G1 X19.0914 Y6.6 E.01403
G1 X-19.0914 E1.26997
G1 X-18.9484 Y7. E.01413
G1 X18.9484 E1.26045
G1 X18.7958 Y7.4 E.01424
G1 X-18.7958 E1.25030
G1 X-18.6333 Y7.8 E.01436
G1 X18.6333 E1.23949
G1 X18.4608 Y8.2 E.01449
G1 X-18.4608 E1.22802
G1 X-18.2779 Y8.6 E.01463
G1 X18.2779 E1.21585
G1 X18.0843 Y9. E.01478
G1 X-18.0843 E1.20297
G1 X-17.8796 Y9.4 E.01494
G1 X17.8796 E1.18936
G1 X17.6635 Y9.8 E.01512
G1 X-17.6635 E1.17498
G1 X-17.4356 Y10.1999 E.01531
G1 X17.4356 E1.15982
G1 X17.1954 Y10.5999 E.01552
G1 X-17.1954 E1.14384
G1 X-16.9423 Y10.9999 E.01575
G1 X16.9423 E1.12701
G1 X16.6758 Y11.3999 E.01599
G1 X-16.6758 E1.10928
G1 X-16.3952 Y11.7999 E.01625
G1 X16.3952 E1.09061
G1 X16.0997 Y12.1999 E.01654
G1 X-16.0997 E1.07096
G1 X-15.7887 Y12.5999 E.01685
G1 X15.7887 E1.05027
G1 X15.461 Y12.9999 E.01720
G1 X-15.461 E1.02847
G1 X-15.1156 Y13.3999 E.01758
G1 X15.1156 E1.00550
G1 X14.7513 Y13.7999 E.01799
G1 X-14.7513 E.98126
G1 X-14.3667 Y14.1999 E.01846
G1 X14.3667 E.95568
G1 X13.96 Y14.5999 E.01897
G1 X-13.96 E.92862
G1 X-13.5293 Y14.9999 E.01955
G1 X13.5293 E.89997
G1 X13.0722 Y15.3999 E.02020
G1 X-13.0722 E.86957
G1 X-12.5858 Y15.7999 E.02095
G1 X12.5858 E.83721
G1 X12.3281 Y16.0021 E.01089
G1 X12.0666 Y16.1999 E.01091
G1 X-12.0666 E.80267
G1 X-11.7903 Y16.4025 E.01140
G1 X-11.5101 Y16.5999 E.01140
G1 X11.5101 E.76566
G1 X11.2122 Y16.8026 E.01198
G1 X10.9107 Y16.9999 E.01199
G1 X-10.9107 E.72578
G1 X-10.5879 Y17.2031 E.01269
G1 X-10.2608 Y17.3999 E.01270
G1 X10.2608 E.68255
G1 X9.9076 Y17.6037 E.01356
G1 X9.55 Y17.7999 E.01357
G1 X-9.55 E.63527
G1 X-9.1592 Y18.0042 E.01467
G1 X-8.7637 Y18.1999 E.01468
G1 X8.7637 E.58297
G1 X8.3239 Y18.4054 E.01614
G1 X7.8793 Y18.5999 E.01614
G1 X-7.8793 E.52413
G1 X-7.3717 Y18.8068 E.01823
G1 X-6.8588 Y18.9999 E.01823
G1 X6.8588 E.45625
G1 X6.2472 Y19.2098 E.02151
G1 X5.6288 Y19.3999 E.02152
G1 X-5.6288 E.37443
G1 X-4.8187 Y19.617 E.02790
G1 X-4.0005 Y19.7999 E.02789
G1 X4.0005 E.26611
G1 X3.0245 Y19.9723 E.03296
G1 X2.0418 Y20.0965 E.03294
G1 X1.0542 Y20.1725 E.03295
G1 X.0636 E.03296
G1 X-.0636
G0 Z.8
G0 Y20.1999
M204 S5000
M106 S51
G0 X0. Y20.6 C0. B0.
G1 Z.6 F6000.
G1 X-1.2682 F10000. E.04220
G1 X-2.5315 Y20.4439 E.04234
G1 X-3.7852 Y20.2492 E.04220
G1 X-5.0246 Y19.9778 E.04220
G1 X-6.2449 Y19.6306 E.04220
G1 X-7.4416 Y19.2089 E.04220
G1 X-8.61 Y18.7144 E.04220
G1 X-9.7457 Y18.1489 E.04220
G1 X-10.8445 Y17.5145 E.04220
G1 X-11.9021 Y16.8137 E.04220
G1 X-12.9146 Y16.0491 E.04220
G1 X-13.8781 Y15.2236 E.04220
G1 X-14.789 Y14.3404 E.04220
G1 X-15.6437 Y13.4027 E.04220
G1 X-16.4392 Y12.4143 E.04220
G1 X-17.1722 Y11.3787 E.04220
G1 X-17.8401 Y10.3 E.04220
G1 X-18.4404 Y9.1822 E.04220
G1 X-18.9707 Y8.0296 E.04220
G1 X-19.429 Y6.8465 E.04220
G1 X-19.8136 Y5.6375 E.04220
G1 X-20.1231 Y4.407 E.04220
G1 X-20.3562 Y3.1599 E.04220
G1 X-20.5121 Y1.9007 E.04220
G1 X-20.5902 Y.6344 E.04220
G1 Y-.6344 E.04220
G1 X-20.5121 Y-1.9007 E.04220
G1 X-20.3562 Y-3.1599 E.04220
G1 X-20.1231 Y-4.407 E.04220
G1 X-19.8136 Y-5.6375 E.04220
G1 X-19.429 Y-6.8465 E.04220
G1 X-18.9707 Y-8.0296 E.04220
G1 X-18.4404 Y-9.1822 E.04220
G1 X-17.8401 Y-10.3 E.04220
G1 X-17.1722 Y-11.3787 E.04220
G1 X-16.4392 Y-12.4143 E.04220
G1 X-15.6437 Y-13.4027 E.04220
G1 X-14.789 Y-14.3404 E.04220
G1 X-13.8781 Y-15.2236 E.04220
G1 X-12.9146 Y-16.0491 E.04220
G1 X-11.9021 Y-16.8137 E.04220
G1 X-10.8445 Y-17.5145 E.04220
G1 X-9.7457 Y-18.1489 E.04220
G1 X-8.61 Y-18.7144 E.04220
G1 X-7.4416 Y-19.2089 E.04220
G1 X-6.2449 Y-19.6306 E.04220
G1 X-5.0246 Y-19.9778 E.04220
G1 X-3.7852 Y-20.2492 E.04220
G1 X-2.5315 Y-20.4439 E.04220
G1 X-1.2682 Y-20.5609 E.04220
G1 X0. E.04220
G1 X1.2682 E.04218
G1 X2.5315 Y-20.4439 E.04220
G1 X3.7852 Y-20.2492 E.04220
G1 X5.0246 Y-19.9778 E.04220
G1 X6.2449 Y-19.6306 E.04220
G1 X7.4416 Y-19.2089 E.04220
G1 X8.61 Y-18.7144 E.04220
G1 X9.7457 Y-18.1489 E.04220
G1 X10.8445 Y-17.5145 E.04220
G1 X11.9021 Y-16.8137 E.04220
G1 X12.9146 Y-16.0491 E.04220
G1 X13.8781 Y-15.2236 E.04220
G1 X14.789 Y-14.3404 E.04220
G1 X15.6437 Y-13.4027 E.04220
G1 X16.4392 Y-12.4143 E.04220
G1 X17.1722 Y-11.3787 E.04220
G1 X17.8401 Y-10.3 E.04220
G1 X18.4404 Y-9.1822 E.04220
G1 X18.9707 Y-8.0296 E.04220
G1 X19.429 Y-6.8465 E.04220
G1 X19.8136 Y-5.6375 E.04220
G1 X20.1231 Y-4.407 E.04220
G1 X20.3562 Y-3.1599 E.04220
G1 X20.5121 Y-1.9007 E.04220
G1 X20.5902 Y-.6344 E.04220
G1 Y.6344 E.04220
G1 X20.5121 Y1.9007 E.04220
G1 X20.3562 Y3.1599 E.04220
G1 X20.1231 Y4.407 E.04220
G1 X19.8136 Y5.6375 E.04220
G1 X19.429 Y6.8465 E.04220
G1 X18.9707 Y8.0296 E.04220
G1 X18.4404 Y9.1822 E.04220
G1 X17.8401 Y10.3 E.04220
G1 X17.1722 Y11.3787 E.04220
G1 X16.4392 Y12.4143 E.04220
G1 X15.6437 Y13.4027 E.04220
G1 X14.789 Y14.3404 E.04220
G1 X13.8781 Y15.2236 E.04220
G1 X12.9146 Y16.0491 E.04220
G1 X11.9021 Y16.8137 E.04220
G1 X10.8445 Y17.5145 E.04220
G1 X9.7457 Y18.1489 E.04220
G1 X8.61 Y18.7144 E.04220
G1 X7.4416 Y19.2089 E.04220
G1 X6.2449 Y19.6306 E.04220
G1 X5.0246 Y19.9778 E.04220
G1 X3.7852 Y20.2492 E.04220
G1 X2.5315 Y20.4439 E.04220
G1 X1.2682 Y20.5609 E.04220
G1 X0. E.04220
G0 Z.8
G0 Y20.6
M204 S5000
M106 S51
G0 X0. Y21. C0. B0.
G1 Z.6 F6000.
G1 X-1.2802 F10000. E.04260
G1 X-2.5557 Y20.8439 E.04274
G1 X-3.8217 Y20.6493 E.04260
G1 X-5.0735 Y20.3779 E.04260
G1 X-6.3063 Y20.0307 E.04260
G1 X-7.5158 Y19.609 E.04260
G1 X-8.6972 Y19.1143 E.04260
G1 X-9.8463 Y18.5486 E.04260
G1 X-10.9588 Y17.9138 E.04260
G1 X-12.0305 Y17.2124 E.04260
G1 X-13.0575 Y16.4469 E.04260
G1 X-14.0359 Y15.6203 E.04260
G1 X-14.962 Y14.7356 E.04260
G1 X-15.8325 Y13.796 E.04260
G1 X-16.6442 Y12.8052 E.04260
G1 X-17.3939 Y11.7666 E.04260
G1 X-18.0788 Y10.6844 E.04260
G1 X-18.6966 Y9.5623 E.04260
G1 X-19.2448 Y8.4047 E.04260
G1 X-19.7213 Y7.2159 E.04260
G1 X-20.1246 Y6.0001 E.04260
G1 X-20.4529 Y4.7621 E.04260
G1 X-20.7052 Y3.5064 E.04260
G1 X-20.8805 Y2.2376 E.04260
G1 X-20.978 Y.9604 E.04260
G1 Y-.3202 E.04260
G1 Y-1.5997 E.04258
G1 X-20.8025 Y-2.8733 E.04276
G1 X-20.5886 Y-4.1362 E.04260
G1 X-20.2982 Y-5.3836 E.04260
G1 X-19.9322 Y-6.6111 E.04260
G1 X-19.4921 Y-7.8139 E.04260
G1 X-18.9795 Y-8.9877 E.04260
G1 X-18.3963 Y-10.1281 E.04260
G1 X-17.7446 Y-11.2307 E.04260
G1 X-17.0269 Y-12.2916 E.04260
G1 X-16.2459 Y-13.3068 E.04260
G1 X-15.4045 Y-14.2724 E.04260
G1 X-14.5057 Y-15.185 E.04260
G1 X-13.553 Y-16.0411 E.04260
G1 X-12.5498 Y-16.8375 E.04260
G1 X-11.5 Y-17.5713 E.04260
G1 X-10.4074 Y-18.2397 E.04260
G1 X-9.2761 Y-18.8402 E.04260
G1 X-8.1103 Y-19.3707 E.04260
G1 X-6.9143 Y-19.8291 E.04260
G1 X-5.6925 Y-20.2137 E.04260
G1 X-4.4496 Y-20.5232 E.04260
G1 X-3.1902 Y-20.7563 E.04260
G1 X-1.9189 Y-20.9121 E.04260
G1 X-.6404 Y-20.9902 E.04260
G1 X.6404 E.04260
G1 X1.9189 Y-20.9121 E.04260
G1 X3.1902 Y-20.7563 E.04260
G1 X4.4496 Y-20.5232 E.04260
G1 X5.6925 Y-20.2137 E.04260
G1 X6.9143 Y-19.8291 E.04260
G1 X8.1103 Y-19.3707 E.04260
G1 X9.2761 Y-18.8402 E.04260
G1 X10.4074 Y-18.2397 E.04260
G1 X11.5 Y-17.5713 E.04260
G1 X12.5498 Y-16.8375 E.04260
G1 X13.553 Y-16.0411 E.04260
G1 X14.5057 Y-15.185 E.04260
G1 X15.4045 Y-14.2724 E.04260
G1 X16.2459 Y-13.3068 E.04260
G1 X17.0269 Y-12.2916 E.04260
G1 X17.7446 Y-11.2307 E.04260
G1 X18.3963 Y-10.1281 E.04260
G1 X18.9795 Y-8.9877 E.04260
G1 X19.4921 Y-7.8139 E.04260
G1 X19.9322 Y-6.6111 E.04260
G1 X20.2982 Y-5.3836 E.04260
G1 X20.5886 Y-4.1362 E.04260
G1 X20.8025 Y-2.8733 E.04260
G1 X20.939 Y-1.5997 E.04260
G1 X20.9976 Y-.3202 E.04260
G1 Y.9604 E.04260
G1 X20.8805 Y2.2376 E.04266
G1 X20.7052 Y3.5064 E.04260
G1 X20.4529 Y4.7621 E.04260
G1 X20.1246 Y6.0001 E.04260
G1 X19.7213 Y7.2159 E.04260
G1 X19.2448 Y8.4047 E.04260
G1 X18.6966 Y9.5623 E.04260
G1 X18.0788 Y10.6844 E.04260
G1 X17.3939 Y11.7666 E.04260
G1 X16.6442 Y12.8052 E.04260
G1 X15.8325 Y13.796 E.04260
G1 X14.962 Y14.7356 E.04260
G1 X14.0359 Y15.6203 E.04260
G1 X13.0575 Y16.4469 E.04260
G1 X12.0305 Y17.2124 E.04260
G1 X10.9588 Y17.9138 E.04260
G1 X9.8463 Y18.5486 E.04260
G1 X8.6972 Y19.1143 E.04260
G1 X7.5158 Y19.609 E.04260
G1 X6.3063 Y20.0307 E.04260
G1 X5.0735 Y20.3779 E.04260
G1 X3.8217 Y20.6493 E.04260
G1 X2.5557 Y20.8439 E.04260
G1 X1.2802 Y20.9609 E.04260
G1 X0. E.04260
G0 Z.8
G0 Y21.
N150 M5
N160 M01
N170 G0 G17 G40 G80 G90 G94 G98
M204 S5000
M106 S51
G0 X-.0636 Y-20.1999 C0. B0.
G1 F6000.
G1 X.0636 F10000. E.00423
G1 X1.0542 E.03296
G1 X2.0418 Y-20.0966 E.03303
G1 X3.0246 Y-19.9724 E.03295
G1 X4.0005 Y-19.7999 E.03296
G1 X-4.0005 E.26611
G1 X-4.8186 Y-19.6168 E.02788
G1 X-5.6288 Y-19.3999 E.02790
G1 X5.6288 E.37443
G1 X6.2472 Y-19.2098 E.02152
G1 X6.8588 Y-18.9999 E.02151
G1 X-6.8588 E.45625
G1 X-7.3717 Y-18.807 E.01823
G1 X-7.8793 Y-18.5999 E.01823
G1 X7.8793 E.52413
G1 X8.3239 Y-18.4052 E.01614
G1 X8.7637 Y-18.1999 E.01614
G1 X-8.7637 E.58297
G1 X-9.1592 Y-18.0043 E.01467
G1 X-9.55 Y-17.7999 E.01467
G1 X9.55 E.63527
G1 X9.9075 Y-17.6035 E.01357
G1 X10.2608 Y-17.3999 E.01356
G1 X-10.2608 E.68255
G1 X-10.5879 Y-17.2031 E.01270
G1 X-10.9107 Y-16.9999 E.01269
G1 X10.9107 E.72578
G1 X11.2124 Y-16.8028 E.01199
G1 X11.5101 Y-16.5999 E.01198
G1 X-11.5101 E.76566
G1 X-11.7901 Y-16.4022 E.01140
G1 X-12.0666 Y-16.1999 E.01139
G1 X12.0666 E.80267
G1 X12.3282 Y-16.0022 E.01091
G1 X12.5858 Y-15.7999 E.01089
G1 X-12.5858 E.83721
G1 X-13.0722 Y-15.3999 E.02095
G1 X13.0722 E.86957
G1 X13.5293 Y-14.9999 E.02020
G1 X-13.5293 E.89997
G1 X-13.96 Y-14.5999 E.01955
G1 X13.96 E.92862
G1 X14.3667 Y-14.1999 E.01897
G1 X-14.3667 E.95568
G1 X-14.7513 Y-13.7999 E.01846
G1 X14.7513 E.98126
G1 X15.1156 Y-13.3999 E.01799
G1 X-15.1156 E1.00550
G1 X-15.461 Y-12.9999 E.01758
G1 X15.461 E1.02847
G1 X15.7887 Y-12.5999 E.01720
G1 X-15.7887 E1.05027
G1 X-16.0997 Y-12.1999 E.01685
G1 X16.0997 E1.07096
G1 X16.3952 Y-11.7999 E.01654
G1 X-16.3952 E1.09061
G1 X-16.6758 Y-11.3999 E.01625
G1 X16.6758 E1.10928
G1 X16.9423 Y-10.9999 E.01598
G1 X-16.9423 E1.12701
G1 X-17.1954 Y-10.5999 E.01574
G1 X17.1954 E1.14384
G1 X17.4356 Y-10.1999 E.01552
G1 X-17.4356 E1.15982
G1 X-17.6635 Y-9.8 E.01531
G1 X17.6635 E1.17498
G1 X17.8796 Y-9.4 E.01512
G1 X-17.8796 E1.18936
G1 X-18.0843 Y-9. E.01495
G1 X18.0843 E1.20297
G1 X18.2779 Y-8.6 E.01478
G1 X-18.2779 E1.21585
G1 X-18.4608 Y-8.2 E.01463
G1 X18.4608 E1.22802
G1 X18.6333 Y-7.8 E.01449
G1 X-18.6333 E1.23949
G1 X-18.7958 Y-7.4 E.01436
G1 X18.7958 E1.25030
G1 X18.9484 Y-7. E.01424
G1 X-18.9484 E1.26045
G1 X-19.0914 Y-6.6 E.01413
G1 X19.0914 E1.26997
G1 X19.225 Y-6.2 E.01403
G1 X-19.225 E1.27885
G1 X-19.3494 Y-5.8 E.01393
G1 X19.3494 E1.28713
G1 X19.4648 Y-5.4 E.01385
G1 X-19.4648 E1.29481
G1 X-19.5714 Y-5. E.01377
G1 X19.5714 E1.30190
G1 X19.6693 Y-4.6 E.01370
G1 X-19.6693 E1.30841
G1 X-19.7585 Y-4.2 E.01363
G1 X19.7585 E1.31434
G1 X19.8394 Y-3.8 E.01357
G1 X-19.8394 E1.31972
G1 X-19.9118 Y-3.4 E.01352
G1 X19.9118 E1.32454
G1 X19.976 Y-3. E.01347
G1 X-19.976 E1.32881
G1 X-20.032 Y-2.6 E.01343
G1 X20.032 E1.33253
G1 Y-2.2 E.01340
G1 X-20.0798 E1.33413
G1 Y-1.8 E.01337
G1 X20.1196 E1.33704
G1 Y-1.4 E.01335
G1 X-20.1514 E1.33942
G1 Y-1. E.01333
G1 X20.1752 E1.34127
G1 Y-.6 E.01331
G1 X-20.1911 E1.34259
G1 Y-.2 E.01331
G1 X20.199 E1.34338
G1 Y.2 E.01330
G1 X-20.199 E1.34364
G1 Y.6 E.01331
G1 X20.1911 E1.34338
G1 Y1. E.01331
G1 X-20.1752 E1.34259
G1 Y1.4 E.01333
G1 X20.1514 E1.34127
G1 Y1.8 E.01335
G1 X-20.1196 E1.33942
G1 Y2.2 E.01337
G1 X20.0798 E1.33704
G1 Y2.6 E.01340
G1 X-20.032 E1.33412
G1 X-19.976 Y3. E.01343
G1 X19.976 E1.32881
G1 X19.9118 Y3.4 E.01347
G1 X-19.9118 E1.32454
G1 X-19.8394 Y3.8 E.01352
G1 X19.8394 E1.31972
G1 X19.7585 Y4.2 E.01357
G1 X-19.7585 E1.31434
G1 X-19.6693 Y4.6 E.01363
G1 X19.6693 E1.30841
G1 X19.5714 Y5. E.01370
G1 X-19.5714 E1.30190
G1 X-19.4648 Y5.4 E.01377
G1 X19.4648 E1.29481
G1 X19.3494 Y5.8 E.01385
G1 X-19.3494 E1.28713
G1 X-19.225 Y6.2 E.01393
G1 X19.225 E1.27885
G1 X19.0914 Y6.6 E.01403
G1 X-19.0914 E1.26997
G1 X-18.9484 Y7. E.01413
G1 X18.9484 E1.26045
G1 X18.7958 Y7.4 E.01424
G1 X-18.7958 E1.25030
G1 X-18.6333 Y7.8 E.01436
G1 X18.6333 E1.23949
G1 X18.4608 Y8.2 E.01449
G1 X-18.4608 E1.22802
G1 X-18.2779 Y8.6 E.01463
G1 X18.2779 E1.21585
G1 X18.0843 Y9. E.01478
G1 X-18.0843 E1.20297
G1 X-17.8796 Y9.4 E.01494
G1 X17.8796 E1.18936
G1 X17.6635 Y9.8 E.01512
G1 X-17.6635 E1.17498
G1 X-17.4356 Y10.1999 E.01531
G1 X17.4356 E1.15982
G1 X17.1954 Y10.5999 E.01552
G1 X-17.1954 E1.14384
G1 X-16.9423 Y10.9999 E.01575
G1 X16.9423 E1.12701
G1 X16.6758 Y11.3999 E.01599
G1 X-16.6758 E1.10928
G1 X-16.3952 Y11.7999 E.01625
G1 X16.3952 E1.09061
G1 X16.0997 Y12.1999 E.01654
G1 X-16.0997 E1.07096
G1 X-15.7887 Y12.5999 E.01685
G1 X15.7887 E1.05027
G1 X15.461 Y12.9999 E.01720
G1 X-15.461 E1.02847
G1 X-15.1156 Y13.3999 E.01758
G1 X15.1156 E1.00550
G1 X14.7513 Y13.7999 E.01799
G1 X-14.7513 E.98126
G1 X-14.3667 Y14.1999 E.01846
G1 X14.3667 E.95568
G1 X13.96 Y14.5999 E.01897
G1 X-13.96 E.92862
G1 X-13.5293 Y14.9999 E.01955
G1 X13.5293 E.89997
G1 X13.0722 Y15.3999 E.02020
G1 X-13.0722 E.86957
G1 X-12.5858 Y15.7999 E.02095
G1 X12.5858 E.83721
G1 X12.3281 Y16.0021 E.01089
G1 X12.0666 Y16.1999 E.01091
G1 X-12.0666 E.80267
G1 X-11.7903 Y16.4025 E.01140
G1 X-11.5101 Y16.5999 E.01140
G1 X11.5101 E.76566
G1 X11.2122 Y16.8026 E.01198
G1 X10.9107 Y16.9999 E.01199
G1 X-10.9107 E.72578
G1 X-10.5879 Y17.2031 E.01269
G1 X-10.2608 Y17.3999 E.01270
G1 X10.2608 E.68255
G1 X9.9076 Y17.6037 E.01356
G1 X9.55 Y17.7999 E.01357
G1 X-9.55 E.63527
G1 X-9.1592 Y18.0042 E.01467
G1 X-8.7637 Y18.1999 E.01468
G1 X8.7637 E.58297
G1 X8.3239 Y18.4054 E.01614
G1 X7.8793 Y18.5999 E.01614
G1 X-7.8793 E.52413
G1 X-7.3717 Y18.8068 E.01823
G1 X-6.8588 Y18.9999 E.01823
G1 X6.8588 E.45625
G1 X6.2472 Y19.2098 E.02151
G1 X5.6288 Y19.3999 E.02152
G1 X-5.6288 E.37443
G1 X-4.8187 Y19.617 E.02790
G1 X-4.0005 Y19.7999 E.02789
G1 X4.0005 E.26611
G1 X3.0245 Y19.9723 E.03296
G1 X2.0418 Y20.0965 E.03294
G1 X1.0542 Y20.1725 E.03295
G1 X.0636 E.03296
G1 X-.0636
G0 Z1.
G0 Y20.1999
M204 S5000
M106 S51
G0 X0. Y20.6 C0. B0.
G1 Z.8 F6000.
G1 X-1.2682 F10000. E.04220
G1 X-2.5315 Y20.4439 E.04234
G1 X-3.7852 Y20.2492 E.04220
G1 X-5.0246 Y19.9778 E.04220
G1 X-6.2449 Y19.6306 E.04220
G1 X-7.4416 Y19.2089 E.04220
G1 X-8.61 Y18.7144 E.04220
G1 X-9.7457 Y18.1489 E.04220
G1 X-10.8445 Y17.5145 E.04220
G1 X-11.9021 Y16.8137 E.04220
G1 X-12.9146 Y16.0491 E.04220
G1 X-13.8781 Y15.2236 E.04220
G1 X-14.789 Y14.3404 E.04220
G1 X-15.6437 Y13.4027 E.04220
G1 X-16.4392 Y12.4143 E.04220
G1 X-17.1722 Y11.3787 E.04220
G1 X-17.8401 Y10.3 E.04220
G1 X-18.4404 Y9.1822 E.04220
G1 X-18.9707 Y8.0296 E.04220
G1 X-19.429 Y6.8465 E.04220
G1 X-19.8136 Y5.6375 E.04220
G1 X-20.1231 Y4.407 E.04220
G1 X-20.3562 Y3.1599 E.04220
G1 X-20.5121 Y1.9007 E.04220
G1 X-20.5902 Y.6344 E.04220
G1 Y-.6344 E.04220
G1 X-20.5121 Y-1.9007 E.04220
G1 X-20.3562 Y-3.1599 E.04220
G1 X-20.1231 Y-4.407 E.04220
G1 X-19.8136 Y-5.6375 E.04220
G1 X-19.429 Y-6.8465 E.04220
G1 X-18.9707 Y-8.0296 E.04220
G1 X-18.4404 Y-9.1822 E.04220
G1 X-17.8401 Y-10.3 E.04220
G1 X-17.1722 Y-11.3787 E.04220
G1 X-16.4392 Y-12.4143 E.04220
G1 X-15.6437 Y-13.4027 E.04220
G1 X-14.789 Y-14.3404 E.04220
G1 X-13.8781 Y-15.2236 E.04220
G1 X-12.9146 Y-16.0491 E.04220
G1 X-11.9021 Y-16.8137 E.04220
G1 X-10.8445 Y-17.5145 E.04220
G1 X-9.7457 Y-18.1489 E.04220
G1 X-8.61 Y-18.7144 E.04220
G1 X-7.4416 Y-19.2089 E.04220
G1 X-6.2449 Y-19.6306 E.04220
G1 X-5.0246 Y-19.9778 E.04220
G1 X-3.7852 Y-20.2492 E.04220
G1 X-2.5315 Y-20.4439 E.04220
G1 X-1.2682 Y-20.5609 E.04220
G1 X0. E.04220
G1 X1.2682 E.04218
G1 X2.5315 Y-20.4439 E.04220
G1 X3.7852 Y-20.2492 E.04220
G1 X5.0246 Y-19.9778 E.04220
G1 X6.2449 Y-19.6306 E.04220
G1 X7.4416 Y-19.2089 E.04220
G1 X8.61 Y-18.7144 E.04220
G1 X9.7457 Y-18.1489 E.04220
G1 X10.8445 Y-17.5145 E.04220
G1 X11.9021 Y-16.8137 E.04220
G1 X12.9146 Y-16.0491 E.04220
G1 X13.8781 Y-15.2236 E.04220
G1 X14.789 Y-14.3404 E.04220
G1 X15.6437 Y-13.4027 E.04220
G1 X16.4392 Y-12.4143 E.04220
G1 X17.1722 Y-11.3787 E.04220
G1 X17.8401 Y-10.3 E.04220
G1 X18.4404 Y-9.1822 E.04220
G1 X18.9707 Y-8.0296 E.04220
G1 X19.429 Y-6.8465 E.04220
G1 X19.8136 Y-5.6375 E.04220
G1 X20.1231 Y-4.407 E.04220
G1 X20.3562 Y-3.1599 E.04220
G1 X20.5121 Y-1.9007 E.04220
G1 X20.5902 Y-.6344 E.04220
G1 Y.6344 E.04220
G1 X20.5121 Y1.9007 E.04220
G1 X20.3562 Y3.1599 E.04220
G1 X20.1231 Y4.407 E.04220
G1 X19.8136 Y5.6375 E.04220
G1 X19.429 Y6.8465 E.04220
G1 X18.9707 Y8.0296 E.04220
G1 X18.4404 Y9.1822 E.04220
G1 X17.8401 Y10.3 E.04220
G1 X17.1722 Y11.3787 E.04220
G1 X16.4392 Y12.4143 E.04220
G1 X15.6437 Y13.4027 E.04220
G1 X14.789 Y14.3404 E.04220
G1 X13.8781 Y15.2236 E.04220
G1 X12.9146 Y16.0491 E.04220
G1 X11.9021 Y16.8137 E.04220
G1 X10.8445 Y17.5145 E.04220
G1 X9.7457 Y18.1489 E.04220
G1 X8.61 Y18.7144 E.04220
G1 X7.4416 Y19.2089 E.04220
G1 X6.2449 Y19.6306 E.04220
G1 X5.0246 Y19.9778 E.04220
G1 X3.7852 Y20.2492 E.04220
G1 X2.5315 Y20.4439 E.04220
G1 X1.2682 Y20.5609 E.04220
G1 X0. E.04220
G0 Z1.
G0 Y20.6
M204 S5000
M106 S51
G0 X0. Y21. C0. B0.
G1 Z.8 F6000.
G1 X-1.2802 F10000. E.04260
G1 X-2.5557 Y20.8439 E.04274
G1 X-3.8217 Y20.6493 E.04260
G1 X-5.0735 Y20.3779 E.04260
G1 X-6.3063 Y20.0307 E.04260
G1 X-7.5158 Y19.609 E.04260
G1 X-8.6972 Y19.1143 E.04260
G1 X-9.8463 Y18.5486 E.04260
G1 X-10.9588 Y17.9138 E.04260
G1 X-12.0305 Y17.2124 E.04260
G1 X-13.0575 Y16.4469 E.04260
G1 X-14.0359 Y15.6203 E.04260
G1 X-14.962 Y14.7356 E.04260
G1 X-15.8325 Y13.796 E.04260
G1 X-16.6442 Y12.8052 E.04260
G1 X-17.3939 Y11.7666 E.04260
G1 X-18.0788 Y10.6844 E.04260
G1 X-18.6966 Y9.5623 E.04260
G1 X-19.2448 Y8.4047 E.04260
G1 X-19.7213 Y7.2159 E.04260
G1 X-20.1246 Y6.0001 E.04260
G1 X-20.4529 Y4.7621 E.04260
G1 X-20.7052 Y3.5064 E.04260
G1 X-20.8805 Y2.2376 E.04260
G1 X-20.978 Y.9604 E.04260
G1 Y-.3202 E.04260
G1 Y-1.5997 E.04258
G1 X-20.8025 Y-2.8733 E.04276
G1 X-20.5886 Y-4.1362 E.04260
G1 X-20.2982 Y-5.3836 E.04260
G1 X-19.9322 Y-6.6111 E.04260
G1 X-19.4921 Y-7.8139 E.04260
G1 X-18.9795 Y-8.9877 E.04260
G1 X-18.3963 Y-10.1281 E.04260
G1 X-17.7446 Y-11.2307 E.04260
G1 X-17.0269 Y-12.2916 E.04260
G1 X-16.2459 Y-13.3068 E.04260
G1 X-15.4045 Y-14.2724 E.04260
G1 X-14.5057 Y-15.185 E.04260
G1 X-13.553 Y-16.0411 E.04260
G1 X-12.5498 Y-16.8375 E.04260
G1 X-11.5 Y-17.5713 E.04260
G1 X-10.4074 Y-18.2397 E.04260
G1 X-9.2761 Y-18.8402 E.04260
G1 X-8.1103 Y-19.3707 E.04260
G1 X-6.9143 Y-19.8291 E.04260
G1 X-5.6925 Y-20.2137 E.04260
G1 X-4.4496 Y-20.5232 E.04260
G1 X-3.1902 Y-20.7563 E.04260
G1 X-1.9189 Y-20.9121 E.04260
G1 X-.6404 Y-20.9902 E.04260
G1 X.6404 E.04260
G1 X1.9189 Y-20.9121 E.04260
G1 X3.1902 Y-20.7563 E.04260
G1 X4.4496 Y-20.5232 E.04260
G1 X5.6925 Y-20.2137 E.04260
G1 X6.9143 Y-19.8291 E.04260
G1 X8.1103 Y-19.3707 E.04260
G1 X9.2761 Y-18.8402 E.04260
G1 X10.4074 Y-18.2397 E.04260
G1 X11.5 Y-17.5713 E.04260
G1 X12.5498 Y-16.8375 E.04260
G1 X13.553 Y-16.0411 E.04260
G1 X14.5057 Y-15.185 E.04260
G1 X15.4045 Y-14.2724 E.04260
G1 X16.2459 Y-13.3068 E.04260
G1 X17.0269 Y-12.2916 E.04260
G1 X17.7446 Y-11.2307 E.04260
G1 X18.3963 Y-10.1281 E.04260
G1 X18.9795 Y-8.9877 E.04260
G1 X19.4921 Y-7.8139 E.04260
G1 X19.9322 Y-6.6111 E.04260
G1 X20.2982 Y-5.3836 E.04260
G1 X20.5886 Y-4.1362 E.04260
G1 X20.8025 Y-2.8733 E.04260
G1 X20.939 Y-1.5997 E.04260
G1 X20.9976 Y-.3202 E.04260
G1 Y.9604 E.04260
G1 X20.8805 Y2.2376 E.04266
G1 X20.7052 Y3.5064 E.04260
G1 X20.4529 Y4.7621 E.04260
G1 X20.1246 Y6.0001 E.04260
G1 X19.7213 Y7.2159 E.04260
G1 X19.2448 Y8.4047 E.04260
G1 X18.6966 Y9.5623 E.04260
G1 X18.0788 Y10.6844 E.04260
G1 X17.3939 Y11.7666 E.04260
G1 X16.6442 Y12.8052 E.04260
G1 X15.8325 Y13.796 E.04260
G1 X14.962 Y14.7356 E.04260
G1 X14.0359 Y15.6203 E.04260
G1 X13.0575 Y16.4469 E.04260
G1 X12.0305 Y17.2124 E.04260
G1 X10.9588 Y17.9138 E.04260
G1 X9.8463 Y18.5486 E.04260
G1 X8.6972 Y19.1143 E.04260
G1 X7.5158 Y19.609 E.04260
G1 X6.3063 Y20.0307 E.04260
G1 X5.0735 Y20.3779 E.04260
G1 X3.8217 Y20.6493 E.04260
G1 X2.5557 Y20.8439 E.04260
G1 X1.2802 Y20.9609 E.04260
G1 X0. E.04260
G0 Z1.
G0 Y21.
N180 M5
N190 M01
N200 G0 G17 G40 G80 G90 G94 G98
M204 S5000
M106 S51
G0 X-.0636 Y-20.1999 C0. B0.
G1 F6000.
G1 X.0636 F10000. E.00423
G1 X1.0542 E.03296
G1 X2.0418 Y-20.0966 E.03303
G1 X3.0246 Y-19.9724 E.03295
G1 X4.0005 Y-19.7999 E.03296
G1 X-4.0005 E.26611
G1 X-4.8186 Y-19.6168 E.02788
G1 X-5.6288 Y-19.3999 E.02790
G1 X5.6288 E.37443
G1 X6.2472 Y-19.2098 E.02152
G1 X6.8588 Y-18.9999 E.02151
G1 X-6.8588 E.45625
G1 X-7.3717 Y-18.807 E.01823
G1 X-7.8793 Y-18.5999 E.01823
G1 X7.8793 E.52413
G1 X8.3239 Y-18.4052 E.01614
G1 X8.7637 Y-18.1999 E.01614
G1 X-8.7637 E.58297
G1 X-9.1592 Y-18.0043 E.01467
G1 X-9.55 Y-17.7999 E.01467
G1 X9.55 E.63527
G1 X9.9075 Y-17.6035 E.01357
G1 X10.2608 Y-17.3999 E.01356
G1 X-10.2608 E.68255
G1 X-10.5879 Y-17.2031 E.01270
G1 X-10.9107 Y-16.9999 E.01269
G1 X10.9107 E.72578
G1 X11.2124 Y-16.8028 E.01199
G1 X11.5101 Y-16.5999 E.01198
G1 X-11.5101 E.76566
G1 X-11.7901 Y-16.4022 E.01140
G1 X-12.0666 Y-16.1999 E.01139
G1 X12.0666 E.80267
G1 X12.3282 Y-16.0022 E.01091
G1 X12.5858 Y-15.7999 E.01089
G1 X-12.5858 E.83721
G1 X-13.0722 Y-15.3999 E.02095
G1 X13.0722 E.86957
G1 X13.5293 Y-14.9999 E.02020
G1 X-13.5293 E.89997
G1 X-13.96 Y-14.5999 E.01955
G1 X13.96 E.92862
G1 X14.3667 Y-14.1999 E.01897
G1 X-14.3667 E.95568
G1 X-14.7513 Y-13.7999 E.01846
G1 X14.7513 E.98126
G1 X15.1156 Y-13.3999 E.01799
G1 X-15.1156 E1.00550
G1 X-15.461 Y-12.9999 E.01758
G1 X15.461 E1.02847
G1 X15.7887 Y-12.5999 E.01720
G1 X-15.7887 E1.05027
G1 X-16.0997 Y-12.1999 E.01685
G1 X16.0997 E1.07096
G1 X16.3952 Y-11.7999 E.01654
G1 X-16.3952 E1.09061
G1 X-16.6758 Y-11.3999 E.01625
G1 X16.6758 E1.10928
G1 X16.9423 Y-10.9999 E.01598
G1 X-16.9423 E1.12701
G1 X-17.1954 Y-10.5999 E.01574
G1 X17.1954 E1.14384
G1 X17.4356 Y-10.1999 E.01552
G1 X-17.4356 E1.15982
G1 X-17.6635 Y-9.8 E.01531
G1 X17.6635 E1.17498
G1 X17.8796 Y-9.4 E.01512
G1 X-17.8796 E1.18936
G1 X-18.0843 Y-9. E.01495
G1 X18.0843 E1.20297
G1 X18.2779 Y-8.6 E.01478
G1 X-18.2779 E1.21585
G1 X-18.4608 Y-8.2 E.01463
G1 X18.4608 E1.22802
G1 X18.6333 Y-7.8 E.01449
G1 X-18.6333 E1.23949
G1 X-18.7958 Y-7.4 E.01436
G1 X18.7958 E1.25030
G1 X18.9484 Y-7. E.01424
G1 X-18.9484 E1.26045
G1 X-19.0914 Y-6.6 E.01413
G1 X19.0914 E1.26997
G1 X19.225 Y-6.2 E.01403
G1 X-19.225 E1.27885
G1 X-19.3494 Y-5.8 E.01393
G1 X19.3494 E1.28713
G1 X19.4648 Y-5.4 E.01385
G1 X-19.4648 E1.29481
G1 X-19.5714 Y-5. E.01377
G1 X19.5714 E1.30190
G1 X19.6693 Y-4.6 E.01370
G1 X-19.6693 E1.30841
G1 X-19.7585 Y-4.2 E.01363
G1 X19.7585 E1.31434
G1 X19.8394 Y-3.8 E.01357
G1 X-19.8394 E1.31972
G1 X-19.9118 Y-3.4 E.01352
G1 X19.9118 E1.32454
G1 X19.976 Y-3. E.01347
G1 X-19.976 E1.32881
G1 X-20.032 Y-2.6 E.01343
G1 X20.032 E1.33253
G1 Y-2.2 E.01340
G1 X-20.0798 E1.33413
G1 Y-1.8 E.01337
G1 X20.1196 E1.33704
G1 Y-1.4 E.01335
G1 X-20.1514 E1.33942
G1 Y-1. E.01333
G1 X20.1752 E1.34127
G1 Y-.6 E.01331
G1 X-20.1911 E1.34259
G1 Y-.2 E.01331
G1 X20.199 E1.34338
G1 Y.2 E.01330
G1 X-20.199 E1.34364
G1 Y.6 E.01331
G1 X20.1911 E1.34338
G1 Y1. E.01331
G1 X-20.1752 E1.34259
G1 Y1.4 E.01333
G1 X20.1514 E1.34127
G1 Y1.8 E.01335
G1 X-20.1196 E1.33942
G1 Y2.2 E.01337
G1 X20.0798 E1.33704
G1 Y2.6 E.01340
G1 X-20.032 E1.33412
G1 X-19.976 Y3. E.01343
G1 X19.976 E1.32881
G1 X19.9118 Y3.4 E.01347
G1 X-19.9118 E1.32454
G1 X-19.8394 Y3.8 E.01352
G1 X19.8394 E1.31972
G1 X19.7585 Y4.2 E.01357
G1 X-19.7585 E1.31434
G1 X-19.6693 Y4.6 E.01363
G1 X19.6693 E1.30841
G1 X19.5714 Y5. E.01370
G1 X-19.5714 E1.30190
G1 X-19.4648 Y5.4 E.01377
G1 X19.4648 E1.29481
G1 X19.3494 Y5.8 E.01385
G1 X-19.3494 E1.28713
G1 X-19.225 Y6.2 E.01393
G1 X19.225 E1.27885
G1 X19.0914 Y6.6 E.01403
G1 X-19.0914 E1.26997
G1 X-18.9484 Y7. E.01413
G1 X18.9484 E1.26045
G1 X18.7958 Y7.4 E.01424
G1 X-18.7958 E1.25030
G1 X-18.6333 Y7.8 E.01436
G1 X18.6333 E1.23949
G1 X18.4608 Y8.2 E.01449
G1 X-18.4608 E1.22802
G1 X-18.2779 Y8.6 E.01463
G1 X18.2779 E1.21585
G1 X18.0843 Y9. E.01478
G1 X-18.0843 E1.20297
G1 X-17.8796 Y9.4 E.01494
G1 X17.8796 E1.18936
G1 X17.6635 Y9.8 E.01512
G1 X-17.6635 E1.17498
G1 X-17.4356 Y10.1999 E.01531
G1 X17.4356 E1.15982
G1 X17.1954 Y10.5999 E.01552
G1 X-17.1954 E1.14384
G1 X-16.9423 Y10.9999 E.01575
G1 X16.9423 E1.12701
G1 X16.6758 Y11.3999 E.01599
G1 X-16.6758 E1.10928
G1 X-16.3952 Y11.7999 E.01625
G1 X16.3952 E1.09061
G1 X16.0997 Y12.1999 E.01654
G1 X-16.0997 E1.07096
G1 X-15.7887 Y12.5999 E.01685
G1 X15.7887 E1.05027
G1 X15.461 Y12.9999 E.01720
G1 X-15.461 E1.02847
G1 X-15.1156 Y13.3999 E.01758
G1 X15.1156 E1.00550
G1 X14.7513 Y13.7999 E.01799
G1 X-14.7513 E.98126
G1 X-14.3667 Y14.1999 E.01846
G1 X14.3667 E.95568
G1 X13.96 Y14.5999 E.01897
G1 X-13.96 E.92862
G1 X-13.5293 Y14.9999 E.01955
G1 X13.5293 E.89997
G1 X13.0722 Y15.3999 E.02020
G1 X-13.0722 E.86957
G1 X-12.5858 Y15.7999 E.02095
G1 X12.5858 E.83721
G1 X12.3281 Y16.0021 E.01089
G1 X12.0666 Y16.1999 E.01091
G1 X-12.0666 E.80267
G1 X-11.7903 Y16.4025 E.01140
G1 X-11.5101 Y16.5999 E.01140
G1 X11.5101 E.76566
G1 X11.2122 Y16.8026 E.01198
G1 X10.9107 Y16.9999 E.01199
G1 X-10.9107 E.72578
G1 X-10.5879 Y17.2031 E.01269
G1 X-10.2608 Y17.3999 E.01270
G1 X10.2608 E.68255
G1 X9.9076 Y17.6037 E.01356
G1 X9.55 Y17.7999 E.01357
G1 X-9.55 E.63527
G1 X-9.1592 Y18.0042 E.01467
G1 X-8.7637 Y18.1999 E.01468
G1 X8.7637 E.58297
G1 X8.3239 Y18.4054 E.01614
G1 X7.8793 Y18.5999 E.01614
G1 X-7.8793 E.52413
G1 X-7.3717 Y18.8068 E.01823
G1 X-6.8588 Y18.9999 E.01823
G1 X6.8588 E.45625
G1 X6.2472 Y19.2098 E.02151
G1 X5.6288 Y19.3999 E.02152
G1 X-5.6288 E.37443
G1 X-4.8187 Y19.617 E.02790
G1 X-4.0005 Y19.7999 E.02789
G1 X4.0005 E.26611
G1 X3.0245 Y19.9723 E.03296
G1 X2.0418 Y20.0965 E.03294
G1 X1.0542 Y20.1725 E.03295
G1 X.0636 E.03296
G1 X-.0636
G0 Z1.2
G0 Y20.1999
M204 S5000
M106 S51
G0 X0. Y20.6 C0. B0.
G1 Z1. F6000.
G1 X-1.2682 F10000. E.04220
G1 X-2.5315 Y20.4439 E.04234
G1 X-3.7852 Y20.2492 E.04220
G1 X-5.0246 Y19.9778 E.04220
G1 X-6.2449 Y19.6306 E.04220
G1 X-7.4416 Y19.2089 E.04220
G1 X-8.61 Y18.7144 E.04220
G1 X-9.7457 Y18.1489 E.04220
G1 X-10.8445 Y17.5145 E.04220
G1 X-11.9021 Y16.8137 E.04220
G1 X-12.9146 Y16.0491 E.04220
G1 X-13.8781 Y15.2236 E.04220
G1 X-14.789 Y14.3404 E.04220
G1 X-15.6437 Y13.4027 E.04220
G1 X-16.4392 Y12.4143 E.04220
G1 X-17.1722 Y11.3787 E.04220
G1 X-17.8401 Y10.3 E.04220
G1 X-18.4404 Y9.1822 E.04220
G1 X-18.9707 Y8.0296 E.04220
G1 X-19.429 Y6.8465 E.04220
G1 X-19.8136 Y5.6375 E.04220
G1 X-20.1231 Y4.407 E.04220
G1 X-20.3562 Y3.1599 E.04220
G1 X-20.5121 Y1.9007 E.04220
G1 X-20.5902 Y.6344 E.04220
G1 Y-.6344 E.04220
G1 X-20.5121 Y-1.9007 E.04220
G1 X-20.3562 Y-3.1599 E.04220
G1 X-20.1231 Y-4.407 E.04220
G1 X-19.8136 Y-5.6375 E.04220
G1 X-19.429 Y-6.8465 E.04220
G1 X-18.9707 Y-8.0296 E.04220
G1 X-18.4404 Y-9.1822 E.04220
G1 X-17.8401 Y-10.3 E.04220
G1 X-17.1722 Y-11.3787 E.04220
G1 X-16.4392 Y-12.4143 E.04220
G1 X-15.6437 Y-13.4027 E.04220
G1 X-14.789 Y-14.3404 E.04220
G1 X-13.8781 Y-15.2236 E.04220
G1 X-12.9146 Y-16.0491 E.04220
G1 X-11.9021 Y-16.8137 E.04220
G1 X-10.8445 Y-17.5145 E.04220
G1 X-9.7457 Y-18.1489 E.04220
G1 X-8.61 Y-18.7144 E.04220
G1 X-7.4416 Y-19.2089 E.04220
G1 X-6.2449 Y-19.6306 E.04220
G1 X-5.0246 Y-19.9778 E.04220
G1 X-3.7852 Y-20.2492 E.04220
G1 X-2.5315 Y-20.4439 E.04220
G1 X-1.2682 Y-20.5609 E.04220
G1 X0. E.04220
G1 X1.2682 E.04218
G1 X2.5315 Y-20.4439 E.04220
G1 X3.7852 Y-20.2492 E.04220
G1 X5.0246 Y-19.9778 E.04220
G1 X6.2449 Y-19.6306 E.04220
G1 X7.4416 Y-19.2089 E.04220
G1 X8.61 Y-18.7144 E.04220
G1 X9.7457 Y-18.1489 E.04220
G1 X10.8445 Y-17.5145 E.04220
G1 X11.9021 Y-16.8137 E.04220
G1 X12.9146 Y-16.0491 E.04220
G1 X13.8781 Y-15.2236 E.04220
G1 X14.789 Y-14.3404 E.04220
G1 X15.6437 Y-13.4027 E.04220
G1 X16.4392 Y-12.4143 E.04220
G1 X17.1722 Y-11.3787 E.04220
G1 X17.8401 Y-10.3 E.04220
G1 X18.4404 Y-9.1822 E.04220
G1 X18.9707 Y-8.0296 E.04220
G1 X19.429 Y-6.8465 E.04220
G1 X19.8136 Y-5.6375 E.04220
G1 X20.1231 Y-4.407 E.04220
G1 X20.3562 Y-3.1599 E.04220
G1 X20.5121 Y-1.9007 E.04220
G1 X20.5902 Y-.6344 E.04220
G1 Y.6344 E.04220
G1 X20.5121 Y1.9007 E.04220
G1 X20.3562 Y3.1599 E.04220
G1 X20.1231 Y4.407 E.04220
G1 X19.8136 Y5.6375 E.04220
G1 X19.429 Y6.8465 E.04220
G1 X18.9707 Y8.0296 E.04220
G1 X18.4404 Y9.1822 E.04220
G1 X17.8401 Y10.3 E.04220
G1 X17.1722 Y11.3787 E.04220
G1 X16.4392 Y12.4143 E.04220
G1 X15.6437 Y13.4027 E.04220
G1 X14.789 Y14.3404 E.04220
G1 X13.8781 Y15.2236 E.04220
G1 X12.9146 Y16.0491 E.04220
G1 X11.9021 Y16.8137 E.04220
G1 X10.8445 Y17.5145 E.04220
G1 X9.7457 Y18.1489 E.04220
G1 X8.61 Y18.7144 E.04220
G1 X7.4416 Y19.2089 E.04220
G1 X6.2449 Y19.6306 E.04220
G1 X5.0246 Y19.9778 E.04220
G1 X3.7852 Y20.2492 E.04220
G1 X2.5315 Y20.4439 E.04220
G1 X1.2682 Y20.5609 E.04220
G1 X0. E.04220
G0 Z1.2
G0 Y20.6
M204 S5000
M106 S51
G0 X0. Y21. C0. B0.
G1 Z1. F6000.
G1 X-1.2802 F10000. E.04260
G1 X-2.5557 Y20.8439 E.04274
G1 X-3.8217 Y20.6493 E.04260
G1 X-5.0735 Y20.3779 E.04260
G1 X-6.3063 Y20.0307 E.04260
G1 X-7.5158 Y19.609 E.04260
G1 X-8.6972 Y19.1143 E.04260
G1 X-9.8463 Y18.5486 E.04260
G1 X-10.9588 Y17.9138 E.04260
G1 X-12.0305 Y17.2124 E.04260
G1 X-13.0575 Y16.4469 E.04260
G1 X-14.0359 Y15.6203 E.04260
G1 X-14.962 Y14.7356 E.04260
G1 X-15.8325 Y13.796 E.04260
G1 X-16.6442 Y12.8052 E.04260
G1 X-17.3939 Y11.7666 E.04260
G1 X-18.0788 Y10.6844 E.04260
G1 X-18.6966 Y9.5623 E.04260
G1 X-19.2448 Y8.4047 E.04260
G1 X-19.7213 Y7.2159 E.04260
G1 X-20.1246 Y6.0001 E.04260
G1 X-20.4529 Y4.7621 E.04260
G1 X-20.7052 Y3.5064 E.04260
G1 X-20.8805 Y2.2376 E.04260
G1 X-20.978 Y.9604 E.04260
G1 Y-.3202 E.04260
G1 Y-1.5997 E.04258
G1 X-20.8025 Y-2.8733 E.04276
G1 X-20.5886 Y-4.1362 E.04260
G1 X-20.2982 Y-5.3836 E.04260
G1 X-19.9322 Y-6.6111 E.04260
G1 X-19.4921 Y-7.8139 E.04260
G1 X-18.9795 Y-8.9877 E.04260
G1 X-18.3963 Y-10.1281 E.04260
G1 X-17.7446 Y-11.2307 E.04260
G1 X-17.0269 Y-12.2916 E.04260
G1 X-16.2459 Y-13.3068 E.04260
G1 X-15.4045 Y-14.2724 E.04260
G1 X-14.5057 Y-15.185 E.04260
G1 X-13.553 Y-16.0411 E.04260
G1 X-12.5498 Y-16.8375 E.04260
G1 X-11.5 Y-17.5713 E.04260
G1 X-10.4074 Y-18.2397 E.04260
G1 X-9.2761 Y-18.8402 E.04260
G1 X-8.1103 Y-19.3707 E.04260
G1 X-6.9143 Y-19.8291 E.04260
G1 X-5.6925 Y-20.2137 E.04260
G1 X-4.4496 Y-20.5232 E.04260
G1 X-3.1902 Y-20.7563 E.04260
G1 X-1.9189 Y-20.9121 E.04260
G1 X-.6404 Y-20.9902 E.04260
G1 X.6404 E.04260
G1 X1.9189 Y-20.9121 E.04260
G1 X3.1902 Y-20.7563 E.04260
G1 X4.4496 Y-20.5232 E.04260
G1 X5.6925 Y-20.2137 E.04260
G1 X6.9143 Y-19.8291 E.04260
G1 X8.1103 Y-19.3707 E.04260
G1 X9.2761 Y-18.8402 E.04260
G1 X10.4074 Y-18.2397 E.04260
G1 X11.5 Y-17.5713 E.04260
G1 X12.5498 Y-16.8375 E.04260
G1 X13.553 Y-16.0411 E.04260
G1 X14.5057 Y-15.185 E.04260
G1 X15.4045 Y-14.2724 E.04260
G1 X16.2459 Y-13.3068 E.04260
G1 X17.0269 Y-12.2916 E.04260
G1 X17.7446 Y-11.2307 E.04260
G1 X18.3963 Y-10.1281 E.04260
G1 X18.9795 Y-8.9877 E.04260
G1 X19.4921 Y-7.8139 E.04260
G1 X19.9322 Y-6.6111 E.04260
G1 X20.2982 Y-5.3836 E.04260
G1 X20.5886 Y-4.1362 E.04260
G1 X20.8025 Y-2.8733 E.04260
G1 X20.939 Y-1.5997 E.04260
G1 X20.9976 Y-.3202 E.04260
G1 Y.9604 E.04260
G1 X20.8805 Y2.2376 E.04266
G1 X20.7052 Y3.5064 E.04260
G1 X20.4529 Y4.7621 E.04260
G1 X20.1246 Y6.0001 E.04260
G1 X19.7213 Y7.2159 E.04260
G1 X19.2448 Y8.4047 E.04260
G1 X18.6966 Y9.5623 E.04260
G1 X18.0788 Y10.6844 E.04260
G1 X17.3939 Y11.7666 E.04260
G1 X16.6442 Y12.8052 E.04260
G1 X15.8325 Y13.796 E.04260
G1 X14.962 Y14.7356 E.04260
G1 X14.0359 Y15.6203 E.04260
G1 X13.0575 Y16.4469 E.04260
G1 X12.0305 Y17.2124 E.04260
G1 X10.9588 Y17.9138 E.04260
G1 X9.8463 Y18.5486 E.04260
G1 X8.6972 Y19.1143 E.04260
G1 X7.5158 Y19.609 E.04260
G1 X6.3063 Y20.0307 E.04260
G1 X5.0735 Y20.3779 E.04260
G1 X3.8217 Y20.6493 E.04260
G1 X2.5557 Y20.8439 E.04260
G1 X1.2802 Y20.9609 E.04260
G1 X0. E.04260
G0 Z1.2
G0 Y21.
N210 S10000 M3
M204 S5000
M106 S51
G0 X-15.6137 Y8.5731 C0. B-.116
G1  E-.50000  F2400
G0 Y8.5692 Z1.712
G1  E.50000  F2400
G1 Z1.212 F6000. E.02495
G1 X-15.7895 Y8.664 Z1.2119 F5000. E.00996
G1 X-16.0536 Y8.1771 Z1.2124 B-.115 E.02763
G1 X-16.4792 Y7.2776 Z1.2131 B-.114 E.04965
G1 X-16.8547 Y6.3553 Z1.2138 B-.113 E.04968
G1 X-17.1957 Y5.3547 Z1.213 B-.106 E.05274
G1 X-17.4773 Y4.3361 Z1.2118 B-.099 E.05273
G1 X-17.689 Y3.3608 Z1.2112 B-.095 E.04979
G1 X-17.8467 Y2.3746 Z1.2105 B-.092 E.04983
G1 X-17.9494 Y1.3804 Z1.2096 B-.087 E.04986
G1 Y.3839 Z1.2086 B-.083 E.04977
G1 Y-.598 Z1.2074 B-.079 E.04903
G1 Y-1.5754 Z1.2061 B-.074 E.04877
G1 X-17.8154 Y-2.5488 Z1.2047 B-.069 E.04902
G1 X-17.6487 Y-3.5153 Z1.2032 B-.064 E.04893
G1 X-17.4294 Y-4.4719 Z1.2016 B-.059 E.04896
G1 X-17.1582 Y-5.4158 Z1.2 B-.054 E.04900
G1 X-16.7927 Y-6.4529 Z1.1974 B-.045 E.05486
G1 X-16.5389 Y-7.078 Z1.1969 B-.044 E.03366
G1 X-15.9863 Y-8.2458 Z1.1948 B-.036 E.06445
G1 X-15.5039 Y-9.1172 Z1.1932 B-.03 E.04969
G1 X-14.9736 Y-9.9611 Z1.1917 B-.025 E.04973
G1 X-14.397 Y-10.7749 Z1.1904 B-.02 E.04976
G1 X-13.7756 Y-11.556 Z1.1893 B-.015 E.04980
G1 X-13.1115 Y-12.3019 Z1.1884 B-.01 E.04983
G1 X-12.4064 Y-13.0102 Z1.1876 B-.006 E.04986
G1 X-11.6626 Y-13.6787 Z1.187 B-.002 E.04989
G1 X-10.8821 Y-14.3051 Z1.1866 B.001 E.04993
G1 X-10.0675 Y-14.8876 Z1.1864 B.004 E.04996
G1 X-9.2211 Y-15.4241 B.006 E.05000
G1 X-8.3149 Y-15.9287 B.009 E.05175
G1 X-7.3807 Y-16.3803 Z1.1867 B.01 E.05177
G1 X-6.4532 Y-16.7653 Z1.1871 B.011 E.05010
G1 X-5.5049 Y-17.0983 Z1.1875 E.05014
G1 X-4.5387 Y-17.3779 Z1.188 B.01 E.05018
G1 X-3.5576 Y-17.603 Z1.1885 B.009 E.05022
G1 X-2.5647 Y-17.773 Z1.189 B.007 E.05026
G1 X-1.563 Y-17.8872 Z1.1895 B.005 E.05030
G1 X-.5556 Y-17.9449 Z1.1899 B.002 E.05034
G1 X.437 Z1.1902 B-.002 E.04952
G1 X1.4232 Y-17.8936 Z1.1903 B-.006 E.04927
G1 X2.4058 Y-17.7864 B-.01 E.04931
G1 X3.3579 Y-17.6295 Z1.1901 B-.015 E.04814
G1 X4.2837 Y-17.4257 Z1.1897 B-.021 E.04729
G1 X5.2214 Y-17.1661 Z1.1891 B-.027 E.04854
G1 X6.1608 Y-16.85 Z1.1882 B-.035 E.04945
G1 X7.0819 Y-16.4822 Z1.187 B-.042 E.04948
G1 X7.982 Y-16.0638 Z1.1856 B-.049 E.04952
G1 X8.8581 Y-15.596 Z1.184 B-.057 E.04955
G1 X9.7075 Y-15.08 Z1.182 B-.065 E.04958
G1 X10.5277 Y-14.5174 Z1.1797 B-.074 E.04962
G1 X11.3159 Y-13.9097 Z1.1772 B-.082 E.04965
G1 X12.0697 Y-13.2589 Z1.1746 B-.091 E.04968
G1 X12.7866 Y-12.5667 Z1.1718 B-.1 E.04972
G1 X17.9278 Y-.0847 Z1.1488 C-41.049 B-.145 E.92963
G1 Y.0007 Z1.1475 C-38.614 B-.151 E.03825
G1 Y.093 Z1.1455 C-35.573 B-.158 E.04770
G1 Y-.048 Z1.1441 C-31.928 B-.164 E.05733
G1 Z1.1428 C-28.885 B-.169 E.04756
G1 Y.0492 Z1.1414 C-25.843 B-.174 E.04774
G1 Y-.0894 Z1.1401 C-22.198 B-.179 E.05732
G1 Y-.0389 Z1.1388 C-19.155 B-.184 E.04757
G1 Y.0127 Z1.1375 C-16.113 B-.189 E.04756
G1 Y.0666 Z1.1362 C-13.076 B-.194 E.04749
G1 Y-.0704 Z1.1349 C-9.425 B-.199 E.05741
G1 Y-.0161 Z1.1336 C-6.384 B-.204 E.04756
G1 Y.0403 Z1.1323 C-3.346 B-.209 E.04752
G1 Y-.0939 Z1.131 C.305 B-.214 E.05740
G1 Z1.1276 C3.954 B-.227 E.05698
G1 Y.0246 Z1.1261 C6.384 B-.233 E.03842
G1 Z1.1246 C9.425 B-.239 E.04753
G1 Y-.0929 Z1.1232 C13.076 B-.244 E.05732
G1 Z1.1218 C16.113 B-.25 E.04748
G1 Y-.0156 Z1.1204 C19.155 B-.255 E.04768
G1 Z1.1189 C22.198 B-.261 E.04758
G1 Y.0641 Z1.1175 C25.235 B-.266 E.04761
G1 Y-.0847 Z1.1161 C28.884 B-.272 E.05748
G1 Z1.1147 C31.928 B-.277 E.04761
G1 Y-.0003 Z1.1133 C34.965 B-.283 E.04765
G1 Z1.1119 C38.005 B-.288 E.04756
G1 Z1.1092 C41.05 B-.299 E.04764
G1 Z1.1112 C44.087 B-.291 E.04747
G1 Z1.1095 C47.126 B-.298 E.04750
G1 X17.8776 Z1.1082 C50.171 B-.303 E.04751
G1 Y.0902 Z1.107 C53.21 B-.308 E.04752
G1 Y-.0509 Z1.1057 C56.856 B-.312 E.05719
G1 Z1.1044 C59.901 B-.317 E.04746
G1 Y.0462 Z1.1032 C62.94 B-.322 E.04756
G1 Y-.0925 Z1.1019 C66.586 B-.327 E.05718
G1 Z1.1007 C69.63 B-.332 E.04745
G1 Y.0095 Z1.0995 C72.669 B-.337 E.04758
G1 Y.0629 Z1.0982 C75.707 B-.342 E.04737
G1 Y-.0745 Z1.097 C79.36 B-.347 E.05728
G1 Y.0569 Z1.0948 C82.399 B-.355 E.04777
G1 Y-.0015 Z1.0927 C86.045 B-.363 E.05684
G1 Z1.0914 C89.09 B-.368 E.04747
G1 Y.0835 Z1.0903 C92.129 B-.373 E.04751
G1 Y-.07 Z1.089 C95.775 B-.378 E.05728
G1 Z1.0878 C98.82 B-.383 E.04745
G1 Y.0019 Z1.0866 C101.858 B-.387 E.04745
G1 Z1.0854 C104.896 B-.392 E.04735
G1 Y.0774 Z1.0841 C107.941 B-.397 E.04757
G1 Y-.0724 Z1.083 C111.588 B-.401 E.05728
G1 Z1.0818 C114.626 B-.406 E.04736
G1 Y.0078 Z1.0806 C117.671 B-.411 E.04760
G1 Y.0774 Z1.0787 C120.711 B-.418 E.04749
G1 Y-.0402 Z1.0764 C124.356 B-.427 E.05708
G1 Z1.0749 C127.4 B-.433 E.04748
G1 Y.0455 Z1.0737 C130.44 B-.438 E.04756
G1 Z1.0725 C133.478 B-.443 E.04740
G1 Y-.054 Z1.0712 C137.13 B-.448 E.05711
G1 Z1.0701 C140.17 B-.452 E.04744
G1 Y.0399 Z1.0689 C143.207 B-.457 E.04757
G1 X17.8263 Z1.0676 C146.251 B-.462 E.04738
G1 Y-.0542 Z1.0665 C149.9 B-.466 E.05683
G1 Y-.004 Z1.0653 C152.937 B-.471 E.04721
G1 Z1.0641 C155.98 B-.476 E.04730
G1 Y-.0933 Z1.063 C159.629 B-.48 E.05682
G1 Y-.0415 Z1.0613 C162.667 B-.487 E.04723
G1 Z1.059 C165.71 B-.496 E.04728
G1 Y.0458 Z1.0573 C168.752 B-.503 E.04742
G1 Y-.0878 Z1.0561 C172.397 B-.507 E.05697
G1 Y-.0337 Z1.0549 C175.44 B-.512 E.04732
G1 Y.0208 Z1.0538 C178.481 B-.517 E.04729
G1 Z1.0526 C181.519 B-.521 E.04721
G1 Y-.0942 Z1.0514 C185.17 B-.526 E.05697
G1 Z1.0503 C188.211 B-.53 E.04725
G1 Y-.0213 Z1.0492 C191.248 B-.535 E.04729
G1 Z1.048 C194.29 B-.539 E.04727
G1 Y.0528 Z1.047 C197.333 B-.544 E.04740
G1 Y-.0521 Z1.0449 C200.978 B-.552 E.05684
G1 Z1.0447 C203.411 E.03781
G1 Z1.0432 C207.063 B-.559 E.05671
G1 Y.0021 Z1.0418 C210.1 B-.564 E.04725
G1 Y.0555 Z1.0404 C213.14 B-.57 E.04729
G1 Y-.0802 Z1.0391 C216.793 B-.575 E.05713
G1 Y-.0243 Z1.0377 C219.83 B-.58 E.04726
G1 Y.0315 Z1.0363 C222.87 B-.586 E.04731
G1 Y.0867 Z1.035 C225.914 B-.591 E.04738
G1 Y-.0436 Z1.0337 C229.56 B-.596 E.05701
G1 Y.0146 Z1.0323 C232.6 B-.602 E.04733
G1 Y.0722 Z1.031 C235.644 B-.607 E.04739
G1 Y-.0557 Z1.0297 C239.289 B-.612 E.05699
G1 X17.7762 Z1.0282 C242.329 B-.618 E.04718
G1 Y.0144 Z1.0268 C245.374 B-.624 E.04726
G1 Z1.0255 C248.412 B-.629 E.04707
G1 Y-.0679 Z1.0241 C252.059 B-.635 E.05660
G1 Y-.0054 Z1.0228 C255.104 B-.64 E.04724
G1 Y.06 Z1.0214 C258.142 B-.645 E.04714
G1 Y-.0625 Z1.0201 C261.789 B-.651 E.05678
G1 Y.0027 Z1.0188 C264.833 B-.656 E.04723
G1 Y.0708 Z1.0174 C267.871 B-.661 E.04715
G1 Y-.0662 Z1.0161 C271.519 B-.667 E.05688
G1 Z1.0148 C274.563 B-.672 E.04718
G1 Y.026 Z1.0136 C277.601 B-.677 E.04726
G1 Z1.0121 C280.64 B-.683 E.04705
G1 Y-.0537 Z1.0099 C283.684 B-.691 E.04730
G1 Z1.0089 C286.723 B-.696 E.04706
G1 Z1.0074 C289.761 B-.701 E.04710
G1 Y.041 Z1.0061 C292.806 B-.707 E.04739
G1 Y.0926 Z1.0047 C295.846 B-.712 E.04715
G1 Y-.0424 Z1.0033 C299.491 B-.718 E.05684
G1 Y.0094 Z1.0019 C302.535 B-.724 E.04722
G1 Y.0633 Z1.0005 C305.575 B-.729 E.04717
G1 Y-.0692 Z.9991 C309.221 B-.735 E.05685
G1 Y-.0151 Z.9977 C312.265 B-.74 E.04723
G1 Y.0412 Z.9964 C315.305 B-.746 E.04718
G1 Y-.089 Z.995 C318.95 B-.752 E.05683
G1 Y-.0307 Z.9939 C321.386 B-.756 E.03788
G1 Z.9935 C324.427 B-.758 E.04712
G1 Y.0254 Z.9922 C327.465 B-.763 E.04716
G1 Y.0848 Z.9909 C330.506 B-.768 E.04723
G1 X17.726 Y-.0434 Z.9896 C334.157 B-.773 E.05677
G1 Y.0189 Z.9883 C337.194 B-.778 E.04698
G1 Y.0807 Z.987 C340.236 B-.784 E.04705
G1 Y-.045 Z.9858 C343.887 B-.789 E.05670
G1 Y.0199 Z.9845 C346.924 B-.794 E.04699
G1 Y.0842 Z.9832 C349.966 B-.799 E.04706
G1 Y-.0387 Z.982 C353.616 B-.804 E.05667
G1 Y.0288 Z.9808 C356.654 B-.809 E.04701
G1 Y.0789 Z.9774 C360.305 B-.823 E.05641
G1 Y-.0206 Z.9767 C364.561 B-.825 E.06588
G1 Z.9755 C367.599 B-.83 E.04696
G1 Y.0726 Z.9742 C370.644 B-.836 E.04724
G1 Y-.0667 Z.973 C374.291 B-.841 E.05673
G1 Z.9717 C377.329 B-.846 E.04697
G1 Y.0314 Z.9705 C380.373 B-.851 E.04725
G1 Y.082 Z.9693 C383.413 B-.856 E.04701
G1 Y-.0534 Z.968 C387.059 B-.861 E.05670
G1 Y-.0026 Z.9668 C390.103 B-.866 E.04707
G1 Y.0504 Z.9656 C393.143 B-.87 E.04702
G1 Y-.0826 Z.9644 C396.788 B-.875 E.05667
G1 Y-.0294 Z.9632 C399.833 B-.88 E.04711
G1 Y.0903 Z.9608 C403.48 B-.89 E.05664
G1 Z.9592 C406.518 B-.897 E.04695
G1 Y-.066 Z.9579 C410.171 B-.902 E.05696
G1 Y-.0077 Z.9567 C413.21 B-.907 E.04705
G1 Y.0517 Z.9555 C416.248 B-.912 E.04704
G1 Y-.0776 Z.9542 C419.901 B-.917 E.05680
G1 Y-.0169 Z.9531 C422.94 B-.922 E.04706
G1 Y.0449 Z.9519 C425.978 B-.927 E.04706
G1 X17.6746 Y-.0819 Z.9506 C429.63 B-.932 E.05662
G1 Y-.0187 Z.9495 C432.669 B-.936 E.04688
G1 Y.0457 Z.9483 C435.707 B-.941 E.04687
G1 Y-.0785 Z.9471 C439.36 B-.946 E.05656
G1 Y-.0072 Z.9455 C442.399 B-.952 E.04691
G1 Y.0653 Z.9435 C445.437 B-.961 E.04690
G1 Y-.0598 Z.9419 C449.09 B-.967 E.05657
G1 Z.9408 C452.129 B-.972 E.04684
G1 Y.0349 Z.9396 C455.167 B-.977 E.04700
G1 Z.9384 C458.211 B-.982 E.04691
G1 Y-.0589 Z.9372 C461.858 B-.987 E.05633
G1 Z.936 C464.896 B-.991 E.04683
G1 Y.038 Z.9349 C467.941 B-.996 E.04712
G1 Y.0881 Z.9337 C470.981 B-1.001 E.04687
G1 Y-.0473 Z.9326 C474.626 B-1.006 E.05651
G1 Y.003 Z.9314 C477.67 B-1.01 E.04693
G1 Z.9299 C480.711 B-1.017 E.04684
G1 Z.9278 C483.748 B-1.025 E.04680
G1 Y.0704 Z.9261 C486.791 B-1.032 E.04698
G1 Y-.0622 Z.925 C490.44 B-1.037 E.05657
G1 Y-.006 Z.9238 C493.478 B-1.042 E.04687
G1 Y.0493 Z.9226 C496.521 B-1.047 E.04695
G1 Y-.0809 Z.9215 C500.17 B-1.051 E.05657
G1 Y-.0223 Z.9203 C503.207 B-1.056 E.04687
G1 Y.0352 Z.9191 C506.251 B-1.061 E.04698
G1 Y-.0926 Z.918 C509.9 B-1.066 E.05656
G1 Y-.0316 Z.9169 C512.937 B-1.07 E.04689
G1 Y.0284 Z.9157 C515.98 B-1.075 E.04698
G1 Y.0898 Z.9147 C519.022 B-1.079 E.04698
G1 X17.6246 Y-.0692 Z.9131 C522.667 B-1.086 E.05655
G1 Z.911 C525.71 B-1.095 E.04671
G1 Z.9094 C528.752 B-1.101 E.04669
G1 Y.0034 Z.9082 C531.789 B-1.106 E.04675
G1 Y.069 Z.907 C534.83 B-1.111 E.04678
G1 Y-.0516 Z.9059 C538.481 B-1.116 E.05635
G1 Y-.0002 Z.9048 C541.519 B-1.12 E.04670
G1 Z.9037 C544.56 B-1.125 E.04673
G1 Y.0905 Z.9026 C547.603 B-1.129 E.04692
G1 Y-.0478 Z.9015 C551.248 B-1.134 E.05637
G1 Z.9004 C554.29 B-1.139 E.04675
G1 Y.0478 Z.8994 C557.333 B-1.143 E.04695
G1 Z.8978 C560.371 B-1.15 E.04666
G1 Y-.0676 Z.8972 C563.411 B-1.152 E.04702
G1 Y.014 Z.8959 C566.455 B-1.157 E.04691
G1 Y.0782 Z.8946 C569.493 B-1.163 E.04675
G1 Y-.0438 Z.8932 C573.14 B-1.169 E.05631
G1 Y.0199 Z.8919 C576.185 B-1.174 E.04686
G1 Y.0865 Z.8905 C579.223 B-1.18 E.04677
G1 Y-.0331 Z.8892 C582.87 B-1.185 E.05631
G1 Y.0331 Z.8878 C585.914 B-1.191 E.04686
G1 Y-.0842 Z.8865 C589.56 B-1.197 E.05629
G1 Y-.015 Z.8851 C592.6 B-1.202 E.04682
G1 Y.0536 Z.8838 C595.644 B-1.208 E.04688
G1 Y-.0612 Z.8825 C599.289 B-1.213 E.05627
G1 Z.8809 C602.329 B-1.22 E.04672
G1 Z.8804 C605.374 B-1.222 E.04679
G1 Z.8791 C608.412 B-1.228 E.04668
G1 Y.02 Z.8777 C611.451 B-1.233 E.04687
G1 Y-.093 Z.8765 C615.104 B-1.239 E.05640
G1 X17.5733 Y-.0166 Z.8752 C618.142 B-1.244 E.04671
G1 Y.0603 Z.8738 C621.18 B-1.249 E.04665
G1 Y-.0498 Z.8726 C624.833 B-1.255 E.05617
G1 Y.0294 Z.8713 C627.871 B-1.26 E.04665
G1 Y.0918 Z.87 C630.91 B-1.265 E.04661
G1 Y-.039 Z.8688 C634.563 B-1.271 E.05628
G1 Y.0193 Z.8676 C637.601 B-1.276 E.04658
G1 Z.8663 C640.64 B-1.281 E.04654
G1 Y.0707 Z.8644 C644.293 B-1.289 E.05596
G1 Y-.0544 Z.8632 C647.938 B-1.294 E.05613
G1 Y.0065 Z.8619 C650.978 B-1.3 E.04663
G1 Y.0669 Z.8606 C654.023 B-1.305 E.04670
G1 Y-.0557 Z.8594 C657.668 B-1.31 E.05612
G1 Y.0076 Z.8581 C660.708 B-1.316 E.04664
G1 Y.0704 Z.8569 C663.752 B-1.321 E.04670
G1 Y-.0497 Z.8557 C667.398 B-1.326 E.05613
G1 Y.0161 Z.8544 C670.438 B-1.331 E.04665
G1 Y.0813 Z.8532 C673.482 B-1.336 E.04672
G1 Y-.0364 Z.852 C677.127 B-1.341 E.05611
G1 Y.0317 Z.8508 C680.167 B-1.347 E.04667
G1 Z.8487 C683.82 B-1.355 E.05593
G1 Y.0926 Z.8474 C686.857 B-1.361 E.04661
G1 Y-.0228 Z.8461 C690.506 B-1.366 E.05617
G1 Y.0477 Z.8449 C693.549 B-1.371 E.04674
G1 Y-.0648 Z.8437 C697.194 B-1.377 E.05610
G1 Y.0079 Z.8424 C700.236 B-1.382 E.04674
G1 Y.081 Z.8412 C703.279 B-1.387 E.04676
G1 Y-.0288 Z.84 C706.924 B-1.392 E.05610
G1 X17.5232 Y.0465 Z.8388 C709.966 B-1.397 E.04663
G1 Y-.0633 Z.8376 C713.616 B-1.403 E.05596
G1 Y.0152 Z.8364 C716.654 B-1.408 E.04652
G1 Y-.0926 Z.8352 C720.305 B-1.413 E.05597
G1 Y.0383 Z.8315 C723.954 B-1.428 E.05606
G1 Y-.0893 Z.8304 C727.599 B-1.433 E.05598
G1 Y-.0326 Z.829 C730.643 B-1.439 E.04654
G1 Y.0263 Z.8277 C733.684 B-1.445 E.04650
G1 Y.0868 Z.8264 C736.721 B-1.45 E.04645
G1 Y-.0394 Z.825 C740.373 B-1.456 E.05609
G1 Y.022 Z.8237 C743.413 B-1.461 E.04650
G1 Y.0849 Z.8224 C746.451 B-1.467 E.04647
G1 Y-.0388 Z.8211 C750.103 B-1.473 E.05608
G1 Y.0249 Z.8198 C753.143 B-1.478 E.04651
G1 Y.0903 Z.8185 C756.18 B-1.484 E.04648
G1 Y-.031 Z.8162 C759.833 B-1.494 E.05609
G1 Z.8148 C763.48 B-1.5 E.05568
G1 Z.816 C766.518 B-1.495 E.04640
G1 Z.8148 C769.562 B-1.5 E.04652
G1 Y.0766 Z.8136 C772.602 B-1.505 E.04673
G1 Y-.0382 Z.8124 C776.248 B-1.51 E.05596
G1 Y.0309 Z.8113 C779.292 B-1.515 E.04661
G1 Y-.0829 Z.8101 C782.94 B-1.52 E.05599
G1 Y-.0102 Z.809 C785.978 B-1.525 E.04654
G1 Y.0614 Z.8078 C789.022 B-1.53 E.04663
G1 Y-.0498 Z.8067 C792.669 B-1.535 E.05597
G1 Y.0254 Z.8055 C795.707 B-1.539 E.04656
G1 Y-.0856 Z.8044 C799.36 B-1.544 E.05606
G1 X17.4731 Z.8029 C802.399 B-1.551 E.04637
G1 Y-.0245 Z.8011 C805.437 B-1.558 E.04632
G1 Z.7995 C808.481 B-1.565 E.04635
G1 Y.0747 Z.7984 C811.521 B-1.57 E.04652
G1 Y-.0529 Z.7973 C815.167 B-1.575 E.05584
G1 Y.0032 Z.7961 C818.211 B-1.58 E.04640
G1 Y.0615 Z.7951 C821.251 B-1.585 E.04635
G1 Y-.0634 Z.7939 C824.896 B-1.589 E.05581
G1 Y-.0048 Z.7928 C827.941 B-1.594 E.04643
G1 Y.056 Z.7917 C830.981 B-1.599 E.04636
G1 Y-.0664 Z.7906 C834.626 B-1.604 E.05580
G1 Y-.0053 Z.7895 C837.671 B-1.608 E.04644
G1 Z.7879 C840.711 B-1.615 E.04626
G1 Y-.0584 Z.7834 C843.748 B-1.635 E.04630
G1 Z.7827 C846.791 B-1.638 E.04632
G1 Y.011 Z.7814 C849.833 B-1.643 E.04644
G1 Y.078 Z.7801 C852.87 B-1.649 E.04636
G1 Y-.0406 Z.7788 C856.521 B-1.655 E.05589
G1 Y.0267 Z.7775 C859.562 B-1.661 E.04642
G1 Y-.0884 Z.7762 C863.207 B-1.666 E.05579
G1 Y-.02 Z.7748 C866.251 B-1.672 E.04648
G1 Y.0497 Z.7735 C869.292 B-1.678 E.04644
G1 Y-.0629 Z.7722 C872.937 B-1.683 E.05578
G1 Y.0079 Z.7709 C875.98 B-1.689 E.04649
G1 Y.0801 Z.7696 C879.022 B-1.695 E.04648
G1 X17.4223 Z.7672 C882.059 B-1.705 E.04614
G1 Y.0123 Z.7702 C885.101 B-1.692 E.04627
G1 Z.7686 C888.144 B-1.699 E.04616
G1 Y.088 Z.7675 C891.181 B-1.704 E.04623
G1 Y-.0199 Z.7664 C894.83 B-1.709 E.05562
G1 Y.0569 Z.7653 C897.874 B-1.713 E.04634
G1 Y-.0652 Z.7643 C901.519 B-1.718 E.05563
G1 Y-.0093 Z.7632 C904.56 B-1.723 E.04622
G1 Y.0469 Z.7622 C907.603 B-1.727 E.04625
G1 Y-.0786 Z.7611 C911.248 B-1.732 E.05565
G1 Y-.0202 Z.7601 C914.29 B-1.736 E.04624
G1 Y.0385 Z.7591 C917.333 B-1.741 E.04626
G1 Z.7575 C920.371 B-1.747 E.04609
G1 Y-.0659 Z.757 C923.411 B-1.75 E.04642
G1 Y.0762 Z.7513 C925.847 B-1.774 E.03765
G1 Y.021 Z.7553 C927.671 B-1.757 E.02782
G1 Y-.0878 Z.754 C931.316 B-1.763 E.05557
G1 Y-.0134 Z.7527 C934.359 B-1.768 E.04632
G1 Y.0624 Z.7515 C937.4 B-1.774 E.04630
G1 Y-.0439 Z.7502 C941.045 B-1.779 E.05556
G1 Y.033 Z.7489 C944.088 B-1.785 E.04634
G1 Y-.0729 Z.7477 C947.738 B-1.79 E.05564
G1 Y.0074 Z.7465 C950.775 B-1.796 E.04627
G1 Y.0867 Z.7452 C953.818 B-1.801 E.04636
G1 Y-.0166 Z.744 C957.467 B-1.807 E.05562
G1 Y.0662 Z.7428 C960.505 B-1.812 E.04631
G1 Z.7411 C964.766 B-1.82 E.06470
G1 Z.7399 C967.804 B-1.825 E.04619
G1 Y-.0804 Z.7386 C971.451 B-1.83 E.05585
G1 Y.004 Z.7374 C974.495 B-1.836 E.04642
G1 Y.091 Z.7361 C977.534 B-1.841 E.04636
G1 Y-.0048 Z.7349 C981.18 B-1.847 E.05556
G1 Y.0824 Z.7336 C984.225 B-1.852 E.04646
G1 Y-.0114 Z.7324 C987.871 B-1.858 E.05556
G1 X17.3705 Y.0622 Z.7312 C990.91 B-1.863 E.04618
G1 Y-.0556 Z.73 C994.563 B-1.868 E.05556
G1 Y.0136 Z.7289 C997.601 B-1.873 E.04608
G1 Y-.0485 Z.7277 C1000.64 B-1.879 E.04607
G1 Z.726 C1004.293 B-1.886 E.05526
G1 Y.0138 Z.7248 C1007.331 B-1.891 E.04606
G1 Y.0858 Z.7235 C1010.37 B-1.897 E.04611
G1 Y-.0269 Z.7224 C1014.022 B-1.902 E.05553
G1 Y.0471 Z.7212 C1017.06 B-1.907 E.04610
G1 Y-.0622 Z.72 C1020.708 B-1.913 E.05545
G1 Y.0115 Z.7188 C1023.752 B-1.918 E.04620
G1 Y.088 Z.7176 C1026.79 B-1.923 E.04612
G1 Y-.0189 Z.7164 C1030.438 B-1.929 E.05544
G1 Y.0573 Z.7152 C1033.482 B-1.934 E.04621
G1 Y-.0472 Z.7141 C1037.127 B-1.939 E.05539
G1 Y.0319 Z.7129 C1040.167 B-1.944 E.04617
G1 Y-.0881 Z.7114 C1043.82 B-1.951 E.05560
G1 Y-.0266 Z.7098 C1046.857 B-1.958 E.04606
G1 Y.055 Z.7086 C1049.897 B-1.963 E.04619
G1 Y-.0474 Z.7074 C1053.549 B-1.968 E.05550
G1 Y.0366 Z.7063 C1056.587 B-1.974 E.04618
G1 Y-.0631 Z.7051 C1060.236 B-1.979 E.05545
G1 Y.021 Z.7039 C1063.279 B-1.984 E.04626
G1 Y-.0756 Z.7027 C1066.924 B-1.989 E.05538
G1 Y.0108 Z.7016 C1069.966 B-1.995 E.04626
G1 Y-.0858 Z.7004 C1073.617 B-2. E.05548
G1 Y.0038 Z.6993 C1076.654 B-2.005 E.04621
G1 X17.3194 Z.6962 C1080.914 B-2.019 E.06429
G1 Z.6953 C1085.169 B-2.023 E.06419
G1 Y-.0794 Z.6942 C1088.816 B-2.028 E.05516
G1 Y-.0113 Z.693 C1091.86 B-2.033 E.04603
G1 Y.0596 Z.6919 C1094.898 B-2.038 E.04595
G1 Y-.0524 Z.6907 C1098.546 B-2.043 E.05530
G1 Y.0183 Z.6896 C1101.59 B-2.048 E.04604
G1 Y.0917 Z.6885 C1104.628 B-2.053 E.04597
G1 Y-.0177 Z.6873 C1108.275 B-2.058 E.05527
G1 Y.0555 Z.6862 C1111.32 B-2.063 E.04607
G1 Y-.0516 Z.6851 C1114.965 B-2.068 E.05523
G1 Y.0245 Z.684 C1118.005 B-2.073 E.04601
G1 Y-.0799 Z.6806 C1122.265 B-2.088 E.06447
G1 Y.0022 Z.6789 C1125.91 B-2.096 E.05514
G1 Y.0801 Z.6776 C1128.953 B-2.102 E.04608
G1 Y-.0236 Z.6763 C1132.602 B-2.108 E.05529
G1 Y.0576 Z.675 C1135.64 B-2.114 E.04602
G1 Y-.0453 Z.6737 C1139.292 B-2.12 E.05534
G1 Y.0368 Z.6725 C1142.332 B-2.125 E.04606
G1 Y-.0624 Z.6712 C1145.977 B-2.131 E.05522
G1 Y.0201 Z.6699 C1149.022 B-2.137 E.04615
G1 Y-.0778 Z.6686 C1152.669 B-2.143 E.05525
G1 Y.0084 Z.6674 C1155.707 B-2.148 E.04607
G1 Y-.0894 Z.6661 C1159.36 B-2.154 E.05535
G1 Z.6639 C1162.399 B-2.164 E.04591
G1 Y.0708 Z.666 C1164.829 B-2.155 E.03758
G1 Z.6645 C1167.872 B-2.161 E.04596
G1 Y-.0226 Z.6634 C1171.521 B-2.166 E.05528
G1 X17.2689 Y.0454 Z.6623 C1174.559 B-2.171 E.04588
G1 Y-.0704 Z.6612 C1178.211 B-2.176 E.05522
G1 Y-.0013 Z.6602 C1181.251 B-2.181 E.04584
G1 Y.0694 Z.6591 C1184.288 B-2.186 E.04580
G1 Y-.0438 Z.658 C1187.941 B-2.191 E.05522
G1 Y.0278 Z.657 C1190.981 B-2.195 E.04585
G1 Y-.0817 Z.6559 C1194.626 B-2.2 E.05508
G1 Y-.0097 Z.6549 C1197.671 B-2.205 E.04593
G1 Z.6534 C1200.711 B-2.212 E.04573
G1 Y.0629 Z.6509 C1204.356 B-2.223 E.05494
G1 Y-.0456 Z.6498 C1208.009 B-2.228 E.05520
G1 Y.0312 Z.6487 C1211.048 B-2.233 E.04587
G1 Y-.0736 Z.6476 C1214.694 B-2.238 E.05508
G1 Y.003 Z.6466 C1217.739 B-2.243 E.04596
G1 Y.0822 Z.6455 C1220.777 B-2.248 E.04587
G1 Y-.0201 Z.6445 C1224.424 B-2.253 E.05509
G1 Y.0589 Z.6434 C1227.468 B-2.257 E.04596
G1 Y-.0416 Z.6424 C1231.114 B-2.262 E.05507
G1 Y.0409 Z.6413 C1234.153 B-2.267 E.04591
G1 Y-.06 Z.6403 C1237.806 B-2.272 E.05518
G1 Y.0245 Z.6393 C1240.844 B-2.276 E.04591
G1 Y-.0742 Z.6368 C1245.101 B-2.288 E.06423
G1 Y.0846 Z.6352 C1247.536 B-2.295 E.03752
G1 Y-.0101 Z.6342 C1251.181 B-2.3 E.05505
G1 Y.0777 Z.6331 C1254.221 B-2.305 E.04597
G1 Y-.0171 Z.6321 C1257.874 B-2.309 E.05518
G1 Y.0563 Z.6311 C1260.911 B-2.314 E.04587
G1 Y-.0593 Z.63 C1264.56 B-2.319 E.05522
G1 X17.2186 Y.0077 Z.6291 C1267.603 B-2.323 E.04581
G1 Y.0772 Z.6281 C1270.641 B-2.328 E.04568
G1 Y-.0356 Z.627 C1274.29 B-2.332 E.05500
G1 Y.0339 Z.6261 C1277.333 B-2.337 E.04576
G1 Z.6247 C1280.371 B-2.343 E.04556
G1 Y-.0626 Z.6241 C1283.411 B-2.346 E.04583
G1 Y.0837 Z.6226 C1287.063 B-2.353 E.05524
G1 Y-.0121 Z.6214 C1290.708 B-2.358 E.05486
G1 Y.0737 Z.6201 C1293.749 B-2.364 E.04580
G1 Y-.0221 Z.6189 C1297.4 B-2.37 E.05495
G1 Y.0666 Z.6177 C1300.438 B-2.376 E.04577
G1 Y-.0275 Z.6164 C1304.088 B-2.381 E.05493
G1 Y.0616 Z.6152 C1307.13 B-2.387 E.04584
G1 Y-.029 Z.614 C1310.775 B-2.393 E.05485
G1 Y.0613 Z.6127 C1313.818 B-2.398 E.04586
G1 Y-.0289 Z.6115 C1317.467 B-2.404 E.05491
G1 Y.0649 Z.6104 C1320.505 B-2.409 E.04581
G1 Y-.0688 Z.609 C1324.766 B-2.416 E.06425
G1 Y.0852 Z.6078 C1327.197 B-2.421 E.03728
G1 Y0. Z.6065 C1330.842 B-2.427 E.05484
G1 Y-.0865 Z.6053 C1334.495 B-2.433 E.05497
G1 Y.0115 Z.6041 C1337.534 B-2.439 E.04586
G1 Y-.071 Z.6028 C1341.18 B-2.445 E.05486
G1 Y.0272 Z.6016 C1344.225 B-2.45 E.04596
G1 Y-.0534 Z.6004 C1347.871 B-2.456 E.05486
G1 Y.0313 Z.5991 C1350.91 B-2.462 E.04582
G1 Y-.0734 Z.5979 C1354.563 B-2.467 E.05507
G1 Y.0065 Z.5967 C1357.601 B-2.473 E.04579
G1 X17.167 Y-.0808 Z.5956 C1360.64 B-2.478 E.04571
G1 Y-.0061 Z.595 C1363.685 B-2.481 E.04567
G1 Y.0759 Z.5939 C1366.723 B-2.486 E.04560
G1 Y-.0227 Z.5927 C1370.37 B-2.492 E.05474
G1 Y.0593 Z.5916 C1373.414 B-2.497 E.04569
G1 Y-.0376 Z.5905 C1377.06 B-2.502 E.05472
G1 Y.0478 Z.5893 C1380.099 B-2.508 E.04563
G1 Y-.0493 Z.5882 C1383.752 B-2.513 E.05482
G1 Y.038 Z.587 C1386.79 B-2.518 E.04563
G1 Y-.0557 Z.5859 C1390.438 B-2.523 E.05474
G1 Y.0313 Z.5848 C1393.482 B-2.529 E.04572
G1 Y-.0601 Z.5837 C1397.127 B-2.534 E.05468
G1 Y.03 Z.5825 C1400.167 B-2.539 E.04567
G1 Z.5812 C1403.212 B-2.545 E.04553
G1 Z.5798 C1406.25 B-2.552 E.04543
G1 Y-.0557 Z.5786 C1409.897 B-2.558 E.05470
G1 Y.0362 Z.5775 C1412.941 B-2.563 E.04575
G1 Y-.0501 Z.5764 C1416.587 B-2.568 E.05469
G1 Y.045 Z.5753 C1419.627 B-2.573 E.04572
G1 Y-.0416 Z.5741 C1423.279 B-2.579 E.05479
G1 Y.056 Z.573 C1426.317 B-2.584 E.04571
G1 Y-.0277 Z.5719 C1429.966 B-2.589 E.05474
G1 Y.07 Z.5708 C1433.009 B-2.594 E.04579
G1 Y-.0105 Z.5697 C1436.654 B-2.599 E.05467
G1 Z.5666 C1440.914 B-2.614 E.06373
G1 Y-.0898 Z.5654 C1445.169 B-2.62 E.06377
G1 Y-.0107 Z.5639 C1448.207 B-2.627 E.04565
G1 X17.1156 Y.068 Z.5627 C1451.252 B-2.633 E.04562
G1 Y-.0315 Z.5615 C1454.898 B-2.638 E.05456
G1 Y.0507 Z.5603 C1457.937 B-2.644 E.04548
G1 Y-.0491 Z.5591 C1461.59 B-2.65 E.05467
G1 Y.0351 Z.5579 C1464.628 B-2.656 E.04547
G1 Y-.0612 Z.5567 C1468.275 B-2.661 E.05457
G1 Y.0227 Z.5555 C1471.32 B-2.667 E.04558
G1 Y-.0713 Z.5543 C1474.965 B-2.673 E.05453
G1 Y.0156 Z.5531 C1478.005 B-2.678 E.04552
G1 Y-.0898 Z.5523 C1481.05 B-2.682 E.04569
G1 C1484.087 E.04527
G1 Y.0091 Z.5512 C1487.126 B-2.687 E.04557
G1 Y-.0834 Z.5501 C1490.779 B-2.692 E.05465
G1 Y.0079 Z.5491 C1493.817 B-2.697 E.04552
G1 Y-.0812 Z.548 C1497.465 B-2.703 E.05456
G1 Y.0099 Z.5469 C1500.509 B-2.708 E.04561
G1 Y-.0769 Z.5459 C1504.154 B-2.713 E.05451
G1 Y.0172 Z.5448 C1507.194 B-2.718 E.04557
G1 Y-.0698 Z.5437 C1510.847 B-2.723 E.05463
G1 Y.0269 Z.5427 C1513.884 B-2.728 E.04554
G1 Y-.0573 Z.5417 C1517.533 B-2.733 E.05457
G1 Y.0395 Z.5406 C1520.576 B-2.738 E.04564
G1 Y-.022 Z.5385 C1524.829 B-2.748 E.06349
G1 Z.5371 C1527.872 B-2.755 E.04540
G1 Y.0558 Z.5361 C1530.914 B-2.76 E.04555
G1 Y-.0459 Z.535 C1534.559 B-2.765 E.05460
G1 Y.032 Z.5339 C1537.602 B-2.77 E.04557
G1 Y-.0691 Z.533 C1541.251 B-2.775 E.05467
G1 Y.0123 Z.5319 C1544.288 B-2.779 E.04551
G1 X17.0649 Y-.0879 Z.5309 C1547.941 B-2.784 E.05457
G1 Y-.0056 Z.5299 C1550.981 B-2.789 E.04536
G1 Y.0784 Z.5289 C1554.018 B-2.794 E.04532
G1 Y-.0192 Z.5279 C1557.671 B-2.799 E.05450
G1 Z.5238 C1560.711 B-2.819 E.04524
G1 Y-.0716 Z.522 C1564.356 B-2.827 E.05423
G1 Y.0133 Z.5215 C1567.4 B-2.83 E.04543
G1 Y-.0797 Z.5203 C1571.048 B-2.835 E.05441
G1 Y.0089 Z.5191 C1574.086 B-2.841 E.04537
G1 Y-.0841 Z.5179 C1577.739 B-2.847 E.05449
G1 Y.0058 Z.5167 C1580.777 B-2.853 E.04538
G1 Y-.0834 Z.5155 C1584.424 B-2.859 E.05439
G1 Y.0065 Z.5143 C1587.468 B-2.865 E.04547
G1 Y-.081 Z.5131 C1591.114 B-2.87 E.05437
G1 Y.0123 Z.5119 C1594.153 B-2.876 E.04542
G1 Y-.0755 Z.5107 C1597.806 B-2.882 E.05448
G1 Y.0199 Z.5084 C1600.844 B-2.893 E.04543
G1 Z.5074 C1604.492 B-2.898 E.05424
G1 Y-.0327 Z.5095 C1607.536 B-2.888 E.04534
G1 Y.0656 Z.5085 C1610.574 B-2.893 E.04544
G1 Y-.0156 Z.5075 C1614.221 B-2.897 E.05437
G1 Y.0827 Z.5065 C1617.266 B-2.902 E.04555
G1 Y-.0126 Z.5056 C1620.911 B-2.907 E.05441
G1 Y.0651 Z.5046 C1623.951 B-2.912 E.04539
G1 Y-.0376 Z.5036 C1627.603 B-2.916 E.05455
G1 Y.0426 Z.5027 C1630.641 B-2.921 E.04538
G1 Y-.0573 Z.5017 C1634.29 B-2.925 E.05450
G1 Y.0229 Z.5008 C1637.333 B-2.93 E.04546
G1 X17.0133 Y-.064 Z.4989 C1643.411 B-2.939 E.09018
G1 Y.0034 Z.4982 C1645.238 B-2.943 E.02727
G1 Y-.0802 Z.4971 C1648.885 B-2.948 E.05419
G1 Y.0173 Z.4959 C1651.923 B-2.954 E.04527
G1 Y-.0662 Z.4948 C1655.576 B-2.959 E.05428
G1 Y.0328 Z.4937 C1658.615 B-2.965 E.04529
G1 Y-.047 Z.4925 C1662.261 B-2.971 E.05416
G1 Y.052 Z.4914 C1665.306 B-2.976 E.04538
G1 Y-.026 Z.4903 C1668.952 B-2.982 E.05416
G1 Y.0764 Z.4891 C1671.991 B-2.987 E.04532
G1 Y-.0019 Z.488 C1675.644 B-2.993 E.05426
G1 Y-.0769 Z.4869 C1679.289 B-2.998 E.05414
G1 Y.0512 Z.4855 C1681.721 B-3.005 E.03661
G1 Z.4842 C1685.374 B-3.011 E.05418
G1 Y-.0686 Z.4831 C1689.019 B-3.017 E.05434
G1 Y.0384 Z.4819 C1692.059 B-3.023 E.04537
G1 Y-.0344 Z.4807 C1695.712 B-3.028 E.05426
G1 Y.0753 Z.4796 C1698.749 B-3.034 E.04535
G1 Y.0054 Z.4783 C1702.398 B-3.04 E.05419
G1 Y-.064 Z.4772 C1706.049 B-3.046 E.05423
G1 Y.0487 Z.476 C1709.086 B-3.052 E.04538
G1 Y-.0418 Z.4749 C1712.737 B-3.057 E.05431
G1 Y.0472 Z.4737 C1715.779 B-3.063 E.04533
G1 Y-.0409 Z.4725 C1719.424 B-3.069 E.05422
G1 Y.0426 Z.4713 C1723.076 B-3.075 E.05431
G1 Y-.0442 Z.4701 C1726.723 B-3.081 E.05425
G1 Y.0497 Z.4689 C1729.761 B-3.086 E.04532
G1 X16.9621 Y-.0369 Z.4678 C1733.414 B-3.092 E.05419
G1 Y.0585 Z.4666 C1736.453 B-3.098 E.04514
G1 Y-.0244 Z.4654 C1740.099 B-3.104 E.05401
G1 Y.071 Z.4643 C1743.144 B-3.109 E.04523
G1 Y-.0102 Z.4631 C1746.79 B-3.115 E.05400
G1 Y.0887 Z.462 C1749.829 B-3.121 E.04516
G1 Y.0073 Z.4608 C1753.482 B-3.127 E.05411
G1 Y-.0709 Z.4597 C1757.127 B-3.133 E.05398
G1 Y.0301 Z.4588 C1760.167 B-3.137 E.04519
G1 Y-.0288 Z.4572 C1763.212 B-3.145 E.04508
G1 Y-.0887 Z.4574 C1766.25 B-3.144 E.04498
G1 Y.015 Z.4562 C1769.288 B-3.149 E.04518
G1 Y-.0613 Z.4552 C1772.941 B-3.155 E.05410
G1 Y.0444 Z.4541 C1775.979 B-3.16 E.04519
G1 Y-.0284 Z.453 C1779.627 B-3.166 E.05402
G1 Y.0772 Z.452 C1782.671 B-3.171 E.04529
G1 Y.0069 Z.4509 C1786.317 B-3.176 E.05398
G1 Y-.0636 Z.4499 C1789.966 B-3.181 E.05403
G1 Y.0453 Z.4488 C1793.009 B-3.187 E.04530
G1 Y-.022 Z.4478 C1796.654 B-3.192 E.05397
G1 Y.0894 Z.4467 C1799.695 B-3.197 E.04529
G1 Z.4454 C1802.739 B-3.204 E.04500
G1 Y-.0759 Z.444 C1806.383 B-3.211 E.05449
G1 Y.0139 Z.4429 C1809.425 B-3.216 E.04520
G1 Y-.0747 Z.4419 C1813.076 B-3.221 E.05415
G1 Y.0181 Z.4409 C1816.113 B-3.226 E.04515
G1 Y-.0687 Z.4398 C1819.764 B-3.232 E.05415
G1 Y.0247 Z.4388 C1822.806 B-3.237 E.04523
G1 X16.9117 Y-.0585 Z.4378 C1826.451 B-3.242 E.05389
G1 Y.036 Z.4368 C1829.494 B-3.247 E.04506
G1 Y-.0467 Z.4358 C1833.143 B-3.252 E.05389
G1 Y.0513 Z.4348 C1836.18 B-3.257 E.04499
G1 Y-.0306 Z.4337 C1839.833 B-3.262 E.05395
G1 Z.4318 C1843.48 B-3.272 E.05371
G1 Y.0677 Z.4305 C1846.518 B-3.279 E.04501
G1 Y-.0117 Z.4295 C1850.171 B-3.284 E.05394
G1 Y-.0882 Z.4285 C1853.817 B-3.289 E.05383
G1 Y.0146 Z.4274 C1856.856 B-3.294 E.04505
G1 Y-.0622 Z.4264 C1860.509 B-3.299 E.05394
G1 Y.0426 Z.4254 C1863.547 B-3.304 E.04505
G1 Y-.0307 Z.4244 C1867.194 B-3.309 E.05384
G1 Y.074 Z.4234 C1870.239 B-3.314 E.04516
G1 Y.0032 Z.4224 C1873.884 B-3.319 E.05381
G1 Y-.0678 Z.4214 C1877.533 B-3.324 E.05387
G1 Y.0401 Z.4205 C1880.576 B-3.329 E.04516
G1 Z.4186 C1884.221 B-3.339 E.05372
G1 Z.4172 C1887.263 B-3.346 E.04483
G1 Y-.0439 Z.4162 C1890.914 B-3.351 E.05396
G1 Y.0456 Z.4153 C1893.951 B-3.356 E.04498
G1 Y-.044 Z.4143 C1897.602 B-3.361 E.05399
G1 Y.046 Z.4133 C1900.644 B-3.366 E.04507
G1 Y-.0399 Z.4124 C1904.288 B-3.371 E.05387
G1 Y.0515 Z.4114 C1907.332 B-3.376 E.04511
G1 Y-.0339 Z.4104 C1910.981 B-3.38 E.05395
G1 Y.0609 Z.4095 C1914.018 B-3.385 E.04504
G1 Y-.0237 Z.4085 C1917.671 B-3.39 E.05402
G1 X16.8584 Y.0437 Z.4066 C1921.318 B-3.4 E.05371
G1 Y-.0647 Z.4047 C1925.573 B-3.41 E.06269
G1 Y.0317 Z.4038 C1928.617 B-3.415 E.04494
G1 Y-.047 Z.4028 C1932.262 B-3.419 E.05365
G1 Y.0524 Z.4018 C1935.302 B-3.425 E.04490
G1 Y-.0267 Z.4009 C1938.955 B-3.429 E.05377
G1 Y.0752 Z.3999 C1941.992 B-3.434 E.04487
G1 Y-.0012 Z.3989 C1945.641 B-3.439 E.05370
G1 Y-.0771 Z.398 C1949.292 B-3.444 E.05373
G1 Y.0274 Z.3971 C1952.329 B-3.449 E.04489
G1 Y-.0468 Z.3961 C1955.98 B-3.454 E.05373
G1 Y.0583 Z.3953 C1959.022 B-3.458 E.04497
G1 Y-.0413 Z.3932 C1963.275 B-3.469 E.06264
G1 Y.0333 Z.3914 C1966.928 B-3.478 E.05377
G1 Y-.0354 Z.3904 C1970.574 B-3.483 E.05365
G1 Y.0745 Z.3895 C1973.613 B-3.488 E.04497
G1 Y.0058 Z.3885 C1977.266 B-3.493 E.05376
G1 Y-.0756 Z.3877 C1980.911 B-3.497 E.05369
G1 Y.0128 Z.3867 C1983.951 B-3.502 E.04487
G1 Y-.077 Z.3858 C1987.603 B-3.507 E.05383
G1 Y.014 Z.3849 C1990.641 B-3.511 E.04486
G1 Y-.0729 Z.384 C1994.29 B-3.516 E.05378
G1 Y.0181 Z.3832 C1997.333 B-3.521 E.04494
G1 Y-.0791 Z.3814 C2001.586 B-3.53 E.06266
G1 C2003.411 E.02689
G1 Y.0531 Z.3809 C2004.629 B-3.532 E.01919
G1 Y-.0179 Z.3798 C2008.278 B-3.538 E.05373
G1 Y-.0869 Z.3787 C2011.923 B-3.544 E.05367
G1 X16.8081 Y.0205 Z.3776 C2014.968 B-3.549 E.04496
G1 Y-.0473 Z.3766 C2018.615 B-3.555 E.05348
G1 Y.0638 Z.3754 C2021.653 B-3.561 E.04481
G1 Y-.0039 Z.3744 C2025.306 B-3.566 E.05357
G1 Y-.0687 Z.3733 C2028.952 B-3.572 E.05346
G1 Y.0448 Z.3722 C2031.991 B-3.577 E.04484
G1 Y-.0202 Z.3712 C2035.644 B-3.583 E.05356
G1 Y-.082 Z.3701 C2039.289 B-3.588 E.05344
G1 Y-.0257 Z.3688 C2042.939 B-3.595 E.05350
G1 Y.0299 Z.3675 C2046.589 B-3.602 E.05350
G1 Y-.0288 Z.3664 C2050.234 B-3.608 E.05344
G1 Y-.0886 Z.3653 C2053.887 B-3.613 E.05356
G1 Y.0312 Z.3643 C2056.927 B-3.619 E.04491
G1 Y-.0246 Z.3632 C2060.572 B-3.624 E.05343
G1 Y-.0816 Z.3622 C2064.225 B-3.63 E.05356
G1 Y.0417 Z.3611 C2067.264 B-3.635 E.04492
G1 Y-.0282 Z.3601 C2070.91 B-3.641 E.05350
G1 Y.0706 Z.3591 C2073.955 B-3.646 E.04487
G1 Y-.005 Z.358 C2077.601 B-3.652 E.05352
G1 Y-.0673 Z.3568 C2081.248 B-3.658 E.05350
G1 Y.0473 Z.3556 C2084.293 B-3.664 E.04497
G1 Y-.0252 Z.3545 C2087.938 B-3.67 E.05351
G1 Y.0796 Z.3534 C2090.978 B-3.676 E.04485
G1 Y.0069 Z.3524 C2094.63 B-3.681 E.05362
G1 Y-.0628 Z.3514 C2098.275 B-3.687 E.05351
G1 Y.0443 Z.3503 C2101.317 B-3.692 E.04491
G1 X16.7581 Y-.0253 Z.3494 C2104.968 B-3.697 E.05345
G1 Y.0847 Z.3483 C2108.005 B-3.703 E.04465
G1 Y.0169 Z.3473 C2111.656 B-3.708 E.05338
G1 Y-.0495 Z.3463 C2115.305 B-3.713 E.05335
G1 Y.0631 Z.3453 C2118.343 B-3.719 E.04469
G1 Z.3442 C2121.386 B-3.724 E.04441
G1 Y-.034 Z.3426 C2125.642 B-3.733 E.06229
G1 Y.081 Z.3416 C2128.68 B-3.738 E.04471
G1 Y.0178 Z.3406 C2132.333 B-3.744 E.05340
G1 Y-.0424 Z.3396 C2135.979 B-3.749 E.05329
G1 Y.0749 Z.3385 C2139.018 B-3.755 E.04474
G1 Y.0146 Z.3375 C2142.671 B-3.76 E.05340
G1 Y-.0425 Z.3365 C2146.317 B-3.765 E.05329
G1 Y.0774 Z.3355 C2149.357 B-3.771 E.04478
G1 Y.0203 Z.3346 C2153.009 B-3.776 E.05338
G1 Y-.0337 Z.3336 C2156.654 B-3.781 E.05327
G1 Y-.0883 Z.3326 C2160.305 B-3.786 E.05337
G1 Y.0267 Z.33 C2162.739 B-3.8 E.03602
G1 Z.3296 C2165.776 B-3.802 E.04441
G1 Y.0831 Z.3282 C2168.816 B-3.81 E.04449
G1 Y.0071 Z.3271 C2172.468 B-3.816 E.05346
G1 Y-.0658 Z.326 C2176.113 B-3.821 E.05335
G1 Y.0375 Z.3249 C2179.155 B-3.827 E.04474
G1 Y-.0353 Z.3238 C2182.806 B-3.833 E.05345
G1 Y.071 Z.3228 C2185.843 B-3.839 E.04470
G1 Y0. Z.3217 C2189.494 B-3.845 E.05345
G1 X16.706 Y-.0696 Z.3206 C2193.143 B-3.851 E.05326
G1 Y.0393 Z.3195 C2196.18 B-3.856 E.04451
G1 Y-.0294 Z.3186 C2199.833 B-3.861 E.05325
G1 Y.0452 Z.3179 C2202.873 B-3.865 E.04438
G1 Y-.0548 Z.3167 C2206.518 B-3.872 E.05326
G1 Y.0555 Z.3154 C2209.562 B-3.879 E.04462
G1 Y-.0083 Z.3143 C2213.21 B-3.884 E.05316
G1 Y-.0708 Z.3132 C2216.856 B-3.89 E.05313
G1 Y.042 Z.3121 C2219.901 B-3.896 E.04466
G1 Y-.0187 Z.311 C2223.547 B-3.902 E.05313
G1 Y-.0788 Z.3099 C2227.194 B-3.908 E.05315
G1 Y.0369 Z.3088 C2230.239 B-3.914 E.04468
G1 Y-.0207 Z.3078 C2233.884 B-3.92 E.05311
G1 Y-.0784 Z.3066 C2237.533 B-3.926 E.05317
G1 Y.0405 Z.3051 C2240.576 B-3.934 E.04468
G1 Y-.024 Z.3043 C2244.221 B-3.938 E.05314
G1 Y-.0748 Z.3051 C2247.263 B-3.934 E.04435
G1 Y.0323 Z.3042 C2250.306 B-3.939 E.04461
G1 Y-.0436 Z.3033 C2253.951 B-3.944 E.05318
G1 Y.0563 Z.3023 C2256.993 B-3.949 E.04456
G1 Y-.0194 Z.3014 C2260.644 B-3.954 E.05327
G1 Y.0837 Z.3006 C2263.681 B-3.959 E.04451
G1 Y.0099 Z.2996 C2267.332 B-3.964 E.05327
G1 Y-.0624 Z.2987 C2270.981 B-3.969 E.05324
G1 Y.0432 Z.2979 C2274.018 B-3.973 E.04454
G1 Y-.0282 Z.2969 C2277.671 B-3.978 E.05330
G1 Z.2952 C2281.318 B-3.988 E.05310
G1 Z.2935 C2284.964 B-3.997 E.05310
G1 X16.6544 Y-.083 Z.2926 C2288.617 B-4.002 E.05311
G1 Y.027 Z.2917 C2291.655 B-4.007 E.04440
G1 Y-.0385 Z.2907 C2295.302 B-4.012 E.05299
G1 Y.0714 Z.2898 C2298.347 B-4.017 E.04450
G1 Y.0083 Z.289 C2301.992 B-4.022 E.05295
G1 Y-.0549 Z.288 C2305.641 B-4.027 E.05301
G1 Y.058 Z.2872 C2308.684 B-4.032 E.04449
G1 Y-.0022 Z.2863 C2312.329 B-4.036 E.05295
G1 Y-.0633 Z.2854 C2315.98 B-4.041 E.05304
G1 Y.0528 Z.2846 C2319.022 B-4.046 E.04450
G1 Z.2828 C2322.667 B-4.056 E.05288
G1 Y-.0811 Z.281 C2326.928 B-4.065 E.06216
G1 Y.0388 Z.2802 C2329.967 B-4.07 E.04449
G1 Y-.0158 Z.2792 C2333.613 B-4.075 E.05296
G1 Y-.0714 Z.2784 C2337.266 B-4.08 E.05306
G1 Y.0368 Z.2776 C2340.304 B-4.085 E.04441
G1 Y-.0395 Z.2766 C2343.951 B-4.09 E.05304
G1 Y.0593 Z.2758 C2346.995 B-4.094 E.04444
G1 Y-.0145 Z.275 C2350.641 B-4.099 E.05303
G1 Y.0874 Z.2741 C2353.681 B-4.104 E.04441
G1 Y.0134 Z.2733 C2357.333 B-4.108 E.05312
G1 Z.2717 C2360.978 B-4.117 E.05290
G1 Y-.0624 C2363.411 E.03554
G1 Y.0687 Z.2672 C2365.847 B-4.142 E.03601
G1 Z.2703 C2367.671 B-4.125 E.02657
G1 Y-.0158 Z.2693 C2371.316 B-4.13 E.05307
G1 Y-.0728 Z.2682 C2374.968 B-4.136 E.05309
G1 Y.0478 Z.2673 C2378.008 B-4.142 E.04456
G1 Y-.0054 Z.2662 C2381.653 B-4.147 E.05298
G1 X16.6031 Y-.0599 Z.2652 C2385.306 B-4.153 E.05294
G1 Y.0637 Z.2642 C2388.345 B-4.159 E.04437
G1 Y.0131 Z.2632 C2391.991 B-4.164 E.05277
G1 Y-.0386 Z.2622 C2395.644 B-4.17 E.05287
G1 Z.2612 C2399.289 B-4.175 E.05275
G1 Y.0876 Z.26 C2402.329 B-4.182 E.04440
G1 Z.2589 C2405.982 B-4.188 E.05282
G1 Z.2579 C2409.627 B-4.194 E.05275
G1 Y-.0054 Z.2568 C2413.278 B-4.2 E.05299
G1 Z.2559 C2416.927 B-4.205 E.05281
G1 Y.0827 Z.2548 C2419.964 B-4.211 E.04414
G1 Z.2538 C2423.616 B-4.216 E.05285
G1 Y-.0018 Z.2529 C2427.264 B-4.222 E.05292
G1 Y-.058 Z.2519 C2430.91 B-4.227 E.05280
G1 Y.0517 Z.2509 C2433.955 B-4.233 E.04438
G1 Y-.0108 Z.25 C2437.601 B-4.238 E.05282
G1 Y.0688 Z.2489 C2440.64 B-4.244 E.04414
G1 Y-.0548 Z.2478 C2444.293 B-4.25 E.05320
G1 Y.0335 Z.2468 C2447.331 B-4.256 E.04418
G1 Y-.0256 Z.2458 C2450.978 B-4.262 E.05284
G1 Y-.0852 Z.2448 C2454.63 B-4.267 E.05292
G1 Y.033 Z.2439 C2457.668 B-4.273 E.04436
G1 Y-.0238 Z.2429 C2461.317 B-4.278 E.05287
G1 Y-.0802 Z.2419 C2464.968 B-4.283 E.05290
G1 Y.0407 Z.241 C2468.005 B-4.289 E.04438
G1 Y-.0139 Z.24 C2471.656 B-4.294 E.05291
G1 X16.5531 Y-.067 Z.2391 C2475.305 B-4.3 E.05272
G1 Y.0566 Z.2381 C2478.343 B-4.305 E.04422
G1 Z.2372 C2481.386 B-4.31 E.04389
G1 Z.2358 C2485.035 B-4.318 E.05263
G1 Y-.0324 Z.2348 C2488.68 B-4.324 E.05273
G1 Z.2338 C2492.333 B-4.329 E.05271
G1 Y.0452 Z.2329 C2495.372 B-4.335 E.04398
G1 Z.2319 C2499.018 B-4.34 E.05261
G1 Y-.048 Z.231 C2502.671 B-4.345 E.05286
G1 Y.0826 Z.23 C2505.709 B-4.351 E.04428
G1 Z.2291 C2509.357 B-4.356 E.05263
G1 Y-.0047 Z.2282 C2513.009 B-4.361 E.05283
G1 Z.2273 C2516.654 B-4.367 E.05259
G1 Y-.0865 Z.2263 C2520.305 B-4.372 E.05280
G1 Y-.0004 Z.2248 C2523.954 B-4.381 E.05279
G1 Z.2237 C2526.991 B-4.387 E.04380
G1 Y-.0612 Z.2227 C2530.643 B-4.392 E.05275
G1 Y.0522 Z.2218 C2533.683 B-4.398 E.04421
G1 Y-.0071 Z.2209 C2537.329 B-4.403 E.05266
G1 Y-.0677 Z.22 C2540.982 B-4.408 E.05277
G1 Y.0488 Z.2191 C2544.021 B-4.413 E.04423
G1 Y-.0079 Z.2182 C2547.667 B-4.419 E.05267
G1 Y-.0657 Z.2173 C2551.32 B-4.424 E.05277
G1 Y.0538 Z.2164 C2554.358 B-4.429 E.04425
G1 Y-.0006 Z.2155 C2558.005 B-4.434 E.05269
G1 Y.0642 Z.2145 C2561.05 B-4.44 E.04407
G1 X16.5025 Z.2132 C2564.087 B-4.447 E.04372
G1 Y-.0293 Z.212 C2567.735 B-4.454 E.05263
G1 Y-.0816 Z.2111 C2571.387 B-4.459 E.05254
G1 Y.0431 Z.2102 C2574.425 B-4.465 E.04410
G1 Z.2093 C2578.074 B-4.47 E.05249
G1 Y-.0555 Z.2084 C2581.725 B-4.475 E.05269
G1 Y.0721 Z.2075 C2584.762 B-4.48 E.04411
G1 Z.2066 C2588.413 B-4.485 E.05252
G1 Y-.0208 Z.2058 C2592.062 B-4.49 E.05264
G1 Z.2049 C2595.707 B-4.495 E.05243
G1 Y.065 Z.204 C2598.752 B-4.5 E.04397
G1 Y-.062 Z.2025 C2603.006 B-4.509 E.06146
G1 Z.201 C2606.654 B-4.518 E.05248
G1 Z.2001 C2610.306 B-4.523 E.05249
G1 Y.0407 Z.1993 C2613.344 B-4.528 E.04398
G1 Y-.0224 Z.1984 C2616.993 B-4.533 E.05255
G1 Y-.085 Z.1975 C2620.644 B-4.538 E.05258
G1 Y.0288 Z.1967 C2623.681 B-4.543 E.04404
G1 Y-.032 Z.1958 C2627.332 B-4.548 E.05258
G1 Y.0825 Z.195 C2630.373 B-4.553 E.04411
G1 Y.0253 Z.1942 C2634.018 B-4.558 E.05249
G1 Y-.0331 Z.1933 C2637.671 B-4.563 E.05261
G1 Y.0835 Z.1921 C2640.711 B-4.57 E.04412
G1 Y.0297 Z.1906 C2644.356 B-4.579 E.05249
G1 Y-.0243 Z.1894 C2648.009 B-4.586 E.05261
G1 Y-.0773 Z.1885 C2651.655 B-4.591 E.05252
G1 X16.4517 Y.0442 Z.1876 C2654.694 B-4.596 E.04403
G1 Y-.0089 Z.1868 C2658.347 B-4.601 E.05240
G1 Z.186 C2661.992 B-4.606 E.05227
G1 Y.065 Z.1851 C2665.032 B-4.611 E.04371
G1 Y.0149 Z.1843 C2668.684 B-4.616 E.05238
G1 Z.1835 C2672.329 B-4.62 E.05227
G1 Y-.08 Z.1826 C2675.98 B-4.625 E.05252
G1 Y.0471 Z.1819 C2679.022 B-4.63 E.04404
G1 Z.1806 C2682.667 B-4.637 E.05225
G1 Y-.0225 Z.179 C2686.319 B-4.647 E.05244
G1 Z.1779 C2689.967 B-4.654 E.05231
G1 Y.0668 Z.177 C2693.005 B-4.659 E.04376
G1 Z.1762 C2696.658 B-4.664 E.05239
G1 Y-.0287 Z.1754 C2700.304 B-4.668 E.05246
G1 Y.0815 Z.1746 C2703.343 B-4.673 E.04390
G1 Y.0175 Z.1738 C2706.995 B-4.678 E.05243
G1 Y-.0433 Z.173 C2710.641 B-4.682 E.05234
G1 Y.0694 Z.1722 C2713.681 B-4.687 E.04394
G1 Y.0085 Z.1714 C2717.333 B-4.692 E.05243
G1 Z.1702 C2720.978 B-4.699 E.05229
G1 Y-.0595 Z.1699 C2723.411 B-4.701 E.03506
G1 Z.1688 C2727.671 B-4.707 E.06106
G1 Y.0507 Z.1678 C2730.708 B-4.713 E.04390
G1 Z.1669 C2734.359 B-4.719 E.05239
G1 Y-.0347 Z.1659 C2738.008 B-4.724 E.05249
G1 Z.165 C2741.653 B-4.73 E.05230
G1 Y.0575 Z.164 C2744.698 B-4.736 E.04393
G1 Z.1631 C2748.345 B-4.741 E.05234
G1 X16.3998 Y-.0186 Z.1621 C2751.991 B-4.747 E.05227
G1 Z.1612 C2755.644 B-4.753 E.05220
G1 Y.0807 Z.1603 C2758.682 B-4.758 E.04367
G1 Z.1593 C2762.329 B-4.764 E.05213
G1 Y-.0209 Z.1583 C2765.982 B-4.77 E.05241
G1 Z.1573 C2769.627 B-4.776 E.05210
G1 Y.0733 Z.1563 C2772.668 B-4.782 E.04368
G1 Z.1554 C2776.319 B-4.787 E.05217
G1 Y.0124 Z.1545 C2779.964 B-4.793 E.05214
G1 Z.1535 C2783.616 B-4.799 E.05218
G1 Y-.0453 Z.1526 C2787.264 B-4.804 E.05218
G1 Y.0851 Z.1517 C2790.302 B-4.81 E.04388
G1 Y.0328 Z.1508 C2793.955 B-4.815 E.05224
G1 Z.1499 C2797.601 B-4.821 E.05214
G1 Z.1489 C2800.64 B-4.827 E.04342
G1 Z.1475 C2803.685 B-4.835 E.04351
G1 Y-.0849 Z.1467 C2807.331 B-4.84 E.05242
G1 Y.042 Z.1457 C2810.37 B-4.846 E.04389
G1 Z.1447 C2814.023 B-4.852 E.05225
G1 Y-.0483 Z.1438 C2817.668 B-4.858 E.05228
G1 Y.081 Z.1428 C2820.708 B-4.864 E.04393
G1 Z.1418 C2824.36 B-4.87 E.05224
G1 Y-.0033 Z.1409 C2828.005 B-4.875 E.05227
G1 Z.1399 C2831.656 B-4.881 E.05223
G1 Y-.0846 Z.139 C2835.305 B-4.887 E.05232
G1 X16.3494 Y.05 Z.138 C2838.343 B-4.893 E.04384
G1 Y-.0047 Z.1372 C2841.386 B-4.898 E.04341
G1 Y.0622 Z.1369 C2844.427 B-4.9 E.04342
G1 Z.136 C2848.072 B-4.905 E.05192
G1 Y-.0099 Z.1351 C2851.725 B-4.911 E.05213
G1 Z.1342 C2855.372 B-4.916 E.05195
G1 Y-.0769 Z.1333 C2859.018 B-4.921 E.05201
G1 Y.0618 Z.1325 C2862.063 B-4.927 E.04390
G1 Z.1316 C2865.709 B-4.932 E.05193
G1 Y.0007 Z.1307 C2869.357 B-4.938 E.05203
G1 Z.1298 C2873.009 B-4.943 E.05202
G1 Y-.057 Z.129 C2876.654 B-4.948 E.05198
G1 Z.1281 C2880.305 B-4.954 E.05201
G1 Y.0808 Z.1259 C2883.346 B-4.967 E.04385
G1 Z.125 C2886.383 B-4.973 E.04327
G1 Y.0078 Z.1241 C2890.034 B-4.978 E.05212
G1 Z.1231 C2893.683 B-4.984 E.05203
G1 Y.0853 Z.1222 C2896.721 B-4.99 E.04345
G1 Z.1212 C2900.373 B-4.996 E.05207
G1 Y-.0069 Z.1203 C2904.021 B-5.002 E.05217
G1 Z.1193 C2907.667 B-5.008 E.05199
G1 Y.0769 Z.1184 C2910.712 B-5.014 E.04360
G1 Z.1174 C2914.358 B-5.019 E.05199
G1 Y-.0061 Z.1165 C2918.005 B-5.025 E.05213
G1 Z.1154 C2921.05 B-5.032 E.04346
G1 Z.1161 C2924.087 B-5.028 E.04330
G1 Z.115 C2927.126 B-5.034 E.04336
G1 X16.2989 Z.1142 C2930.779 B-5.04 E.05191
G1 Z.1133 C2934.425 B-5.045 E.05179
G1 Y.0847 Z.1125 C2937.465 B-5.05 E.04338
G1 Z.1117 C2941.117 B-5.055 E.05186
G1 Y.0151 Z.1108 C2944.762 B-5.06 E.05185
G1 Z.11 C2948.413 B-5.066 E.05184
G1 Y-.0513 Z.1092 C2952.062 B-5.071 E.05190
G1 Z.1084 C2955.707 B-5.076 E.05176
G1 Y.0588 Z.1076 C2958.752 B-5.081 E.04357
G1 Z.1065 C2962.399 B-5.088 E.05177
G1 Z.1051 C2966.045 B-5.096 E.05176
G1 Y-.0009 Z.1041 C2969.698 B-5.103 E.05194
G1 Z.1033 C2973.344 B-5.108 E.05182
G1 Y.0711 Z.1024 C2976.384 B-5.113 E.04331
G1 Y.021 Z.1016 C2980.036 B-5.118 E.05191
G1 Z.1009 C2983.681 B-5.123 E.05180
G1 Y-.0737 Z.1 C2987.332 B-5.128 E.05205
G1 Y.0516 Z.0993 C2990.373 B-5.133 E.04364
G1 Z.0985 C2994.018 B-5.138 E.05180
G1 Y-.0378 Z.0977 C2997.671 B-5.143 E.05207
G1 Y.0526 Z.0967 C3000.711 B-5.149 E.04342
G1 Y-.0629 Z.0953 C3004.356 B-5.158 E.05209
G1 Y.0301 Z.0942 C3007.4 B-5.165 E.04350
G1 Z.0934 C3011.048 B-5.17 E.05186
G1 Y-.0492 Z.0926 C3014.694 B-5.175 E.05195
G1 Y.0824 Z.0918 C3017.739 B-5.18 E.04378
G1 X16.2485 Z.091 C3021.385 B-5.185 E.05168
G1 Y.0087 Z.0902 C3025.032 B-5.19 E.05173
G1 Z.0895 C3028.684 B-5.195 E.05170
G1 Y-.0621 Z.0887 C3032.329 B-5.2 E.05169
G1 Y.075 Z.0879 C3035.371 B-5.205 E.04358
G1 Z.0872 C3039.022 B-5.21 E.05168
G1 Y-.0156 Z.0861 C3042.667 B-5.216 E.05177
G1 Y.0646 Z.0847 C3045.71 B-5.225 E.04324
G1 Y.0014 Z.0836 C3049.359 B-5.233 E.05173
G1 Z.0828 C3053.005 B-5.238 E.05161
G1 Y-.0558 Z.082 C3056.657 B-5.243 E.05176
G1 Y.0768 Z.0813 C3059.696 B-5.247 E.04352
G1 Y.0267 Z.0805 C3063.342 B-5.252 E.05166
G1 Y-.0243 Z.0798 C3066.995 B-5.257 E.05176
G1 Z.0791 C3070.641 B-5.261 E.05166
G1 Y.0513 Z.0783 C3073.681 B-5.266 E.04320
G1 Z.0776 C3077.333 B-5.271 E.05175
G1 Y-.0724 Z.0766 C3080.978 B-5.277 E.05196
G1 Z.0763 C3083.411 B-5.28 E.03447
G1 Z.0753 C3087.063 B-5.286 E.05174
G1 Z.0745 C3090.708 B-5.291 E.05161
G1 Y.0831 Z.0735 C3093.749 B-5.297 E.04376
G1 Z.0727 C3097.4 B-5.303 E.05172
G1 Y.0271 Z.0718 C3101.045 B-5.309 E.05169
G1 Z.0709 C3104.698 B-5.314 E.05175
G1 Y-.026 Z.07 C3108.345 B-5.32 E.05172
G1 Z.0691 C3111.991 B-5.326 E.05166
G1 X16.1979 Z.0683 C3115.644 B-5.331 E.05164
G1 Y.0737 Z.0674 C3118.682 B-5.337 E.04314
G1 Y.0078 Z.0665 C3122.329 B-5.343 E.05154
G1 Y.0635 Z.0657 C3125.374 B-5.348 E.04304
G1 Y-.0042 Z.0648 C3129.019 B-5.354 E.05152
G1 Z.0639 C3132.668 B-5.36 E.05148
G1 Z.063 C3136.319 B-5.365 E.05153
G1 Y-.0575 Z.0622 C3139.964 B-5.371 E.05148
G1 Z.0613 C3143.616 B-5.377 E.05152
G1 Y.0821 Z.0604 C3146.656 B-5.382 E.04345
G1 Z.0596 C3150.302 B-5.388 E.05145
G1 Y.0143 Z.0587 C3153.955 B-5.393 E.05164
G1 Z.0579 C3157.601 B-5.399 E.05147
G1 Z.0571 C3160.64 B-5.404 E.04288
G1 Z.0558 C3164.901 B-5.412 E.06013
G1 Y-.0469 Z.055 C3168.546 B-5.418 E.05152
G1 Z.0541 C3172.197 B-5.424 E.05155
G1 Y.0576 Z.0533 C3175.238 B-5.429 E.04324
G1 Z.0525 C3178.883 B-5.435 E.05146
G1 Y-.0038 Z.0516 C3182.535 B-5.44 E.05163
G1 Z.0508 C3186.183 B-5.445 E.05151
G1 Y-.0602 Z.05 C3189.829 B-5.451 E.05154
G1 Y.0818 Z.0492 C3192.874 B-5.456 E.04358
G1 Z.0483 C3196.52 B-5.462 E.05149
G1 Y.0312 Z.0475 C3200.167 B-5.467 E.05155
G1 X16.1477 Y-.0659 Z.0462 C3204.427 B-5.476 E.06015
G1 Y.082 Z.0453 C3207.465 B-5.482 E.04335
G1 Z.0444 C3211.116 B-5.488 E.05135
G1 Z.0436 C3214.765 B-5.493 E.05136
G1 Y.0182 Z.0428 C3218.41 B-5.498 E.05135
G1 Z.042 C3222.063 B-5.504 E.05137
G1 Z.0412 C3225.709 B-5.509 E.05130
G1 Y-.0367 Z.0403 C3229.357 B-5.515 E.05137
G1 Z.0396 C3233.009 B-5.52 E.05136
G1 Z.0388 C3236.654 B-5.525 E.05128
G1 Z.0379 C3240.305 B-5.531 E.05139
G1 Z.0363 C3244.561 B-5.542 E.05985
G1 Z.0355 C3248.207 B-5.547 E.05132
G1 Y.057 Z.0347 C3251.252 B-5.552 E.04309
G1 Z.0339 C3254.898 B-5.558 E.05131
G1 Y-.0109 Z.0331 C3258.546 B-5.563 E.05143
G1 Z.0323 C3262.198 B-5.568 E.05140
G1 Y-.0757 Z.0316 C3265.843 B-5.573 E.05138
G1 Y.063 Z.0308 C3268.885 B-5.579 E.04336
G1 Z.03 C3272.535 B-5.584 E.05138
G1 Y.0042 Z.0293 C3276.18 B-5.589 E.05137
G1 Z.0285 C3279.833 B-5.594 E.05142
G1 Y.0587 Z.0271 C3283.48 B-5.604 E.05140
G1 Z.0261 C3286.518 B-5.61 E.04279
G1 Z.0253 C3290.171 B-5.616 E.05142
G1 X16.0973 Z.0246 C3293.817 B-5.621 E.05119
G1 Y.0024 Z.0238 C3297.465 B-5.626 E.05121
G1 Z.023 C3301.117 B-5.631 E.05120
G1 Z.0222 C3304.762 B-5.636 E.05114
G1 Y-.0615 Z.0215 C3308.413 B-5.642 E.05127
G1 Z.0207 C3312.062 B-5.647 E.05116
G1 Y.0719 Z.02 C3315.099 B-5.652 E.04309
G1 Z.0192 C3318.752 B-5.657 E.05121
G1 Y.0169 Z.0183 C3322.399 B-5.664 E.05120
G1 Y-.0505 Z.0171 C3326.045 B-5.672 E.05122
G1 Y.0648 Z.0161 C3329.09 B-5.678 E.04308
G1 Z.0154 C3332.736 B-5.683 E.05115
G1 Y-.0083 Z.0146 C3336.384 B-5.689 E.05128
G1 Z.0138 C3340.036 B-5.694 E.05124
G1 Y-.0793 Z.0131 C3343.681 B-5.699 E.05123
G1 Y.0559 Z.0124 C3346.722 B-5.704 E.04318
G1 Z.0117 C3350.373 B-5.709 E.05122
G1 Y-.0088 Z.0109 C3354.018 B-5.714 E.05122
G1 Z.0102 C3357.671 B-5.718 E.05126
G1 Z.0092 C3360.711 B-5.726 E.04268
G1 Z.0066 C3363.748 B-5.743 E.04264
G1 Y.082 Z.006 C3366.791 B-5.748 E.04295
G1 Z.0051 C3370.44 B-5.754 E.05122
G1 Y.0287 Z.0042 C3374.086 B-5.76 E.05123
G1 X16.0469 Z.0034 C3377.739 B-5.766 E.05112
G1 Y-.0222 Z.0025 C3381.385 B-5.772 E.05101
G1 Z.0016 C3385.032 B-5.778 E.05097
G1 Z.0008 C3388.684 B-5.784 E.05108
G1 Y.079 Z-.0001 C3391.722 B-5.79 E.04275
G1 Z-.001 C3395.371 B-5.796 E.05100
G1 Z-.0018 C3399.022 B-5.802 E.05106
G1 Y-.0414 Z-.0017 C3402.667 B-5.801 E.05129
G1 Z-.0023 C3405.71 B-5.805 E.04254
G1 Y.0656 Z-.004 C3408.752 B-5.817 E.04285
G1 Z-.0049 C3412.397 B-5.823 E.05095
G1 Z-.0058 C3416.049 B-5.829 E.05106
G1 Y.0112 Z-.0065 C3419.696 B-5.835 E.05104
G1 Z-.0073 C3423.342 B-5.84 E.05099
G1 Y-.0638 Z-.0082 C3426.995 B-5.846 E.05120
G1 Y.07 Z-.009 C3430.033 B-5.852 E.04300
G1 Z-.0099 C3433.681 B-5.858 E.05103
G1 Y.0008 Z-.0107 C3437.333 B-5.864 E.05117
G1 Z-.0093 C3443.411 B-5.854 E.08497
G1 Z-.01 C3446.455 B-5.859 E.04257
G1 Z-.0109 C3450.1 B-5.865 E.05096
G1 Z-.0117 C3453.749 B-5.871 E.05103
G1 Z-.0125 C3457.4 B-5.877 E.05108
G1 Z-.0134 C3461.045 B-5.883 E.05102
G1 Y-.0592 Z-.0142 C3464.698 B-5.889 E.05118
G1 Z-.0151 C3468.345 B-5.895 E.05101
G1 Z-.0159 C3471.991 B-5.901 E.05101
G1 Y.0746 Z-.0168 C3475.036 B-5.907 E.04314
G1 X15.9954 Z-.0176 C3478.682 B-5.913 E.05085
G1 Y-.0225 Z-.0185 C3482.329 B-5.919 E.05103
G1 Z-.0188 C3485.374 B-5.921 E.04241
G1 Y.0531 Z-.0196 C3488.412 B-5.927 E.04248
G1 Z-.0204 C3492.059 B-5.933 E.05080
G1 Z-.0212 C3495.712 B-5.938 E.05088
G1 Z-.022 C3499.356 B-5.944 E.05076
G1 Z-.0228 C3503.007 B-5.95 E.05086
G1 Z-.0236 C3506.656 B-5.955 E.05084
G1 Z-.0244 C3510.302 B-5.961 E.05081
G1 Y-.0058 Z-.0252 C3513.955 B-5.966 E.05097
G1 Z-.0259 C3517.601 B-5.972 E.05080
G1 Z-.0267 C3520.64 B-5.977 E.04235
G1 Z-.0277 C3524.293 B-5.985 E.05092
G1 Z-.0285 C3527.938 B-5.99 E.05079
G1 Z-.0293 C3531.587 B-5.996 E.05084
G1 Z-.03 C3535.238 B-6.001 E.05089
G1 Z-.0308 C3538.883 B-6.007 E.05084
G1 Y-.0693 Z-.0316 C3542.535 B-6.013 E.05099
G1 Y.083 Z-.0323 C3545.575 B-6.018 E.04306
G1 Z-.0331 C3549.221 B-6.024 E.05082
G1 Z-.0339 C3552.874 B-6.029 E.05094
G1 Z-.0346 C3556.52 B-6.034 E.05087
G1 Y.0292 Z-.0354 C3560.167 B-6.04 E.05091
G1 Z-.0363 C3563.82 B-6.047 E.05096
G1 Y-.0381 Z-.0373 C3567.465 B-6.054 E.05094
G1 X15.9441 Z-.0381 C3571.116 B-6.059 E.05075
G1 Z-.0388 C3574.765 B-6.065 E.05067
G1 Z-.0396 C3578.41 B-6.07 E.05062
G1 Z-.0403 C3582.063 B-6.076 E.05074
G1 Z-.0411 C3585.709 B-6.081 E.05065
G1 Z-.0418 C3589.357 B-6.087 E.05069
G1 Z-.0425 C3593.009 B-6.092 E.05075
G1 Z-.0433 C3596.654 B-6.097 E.05066
G1 Z-.044 C3600.305 B-6.103 E.05074
G1 Z-.0459 C3603.954 B-6.117 E.05070
G1 Z-.0468 C3607.599 B-6.123 E.05062
G1 Z-.0476 C3611.252 B-6.129 E.05073
G1 Z-.0484 C3614.898 B-6.135 E.05066
G1 Y.0786 Z-.0492 C3617.937 B-6.141 E.04261
G1 Z-.05 C3621.59 B-6.147 E.05075
G1 Z-.0508 C3625.235 B-6.153 E.05067
G1 Y.0213 Z-.0516 C3628.885 B-6.159 E.05078
G1 Z-.0524 C3632.535 B-6.165 E.05071
G1 Z-.0532 C3636.18 B-6.17 E.05067
G1 Z-.0543 C3639.833 B-6.178 E.05082
G1 Y-.0416 Z-.055 C3643.48 B-6.183 E.05078
G1 Z-.0546 C3646.518 B-6.181 E.04223
G1 Z-.0554 C3650.171 B-6.186 E.05078
G1 Z-.056 C3653.817 B-6.192 E.05070
G1 Y.0829 Z-.0568 C3656.856 B-6.197 E.04271
G1 X15.8939 Z-.0575 C3660.509 B-6.202 E.05062
G1 Z-.0582 C3664.154 B-6.207 E.05045
G1 Z-.0589 C3667.803 B-6.213 E.05052
G1 Z-.0596 C3671.454 B-6.218 E.05055
G1 Z-.0602 C3675.099 B-6.223 E.05048
G1 Z-.0609 C3678.752 B-6.228 E.05060
G1 Y-.0167 Z-.0618 C3682.399 B-6.234 E.05072
G1 Z-.0628 C3685.437 B-6.242 E.04210
G1 Z-.0637 C3689.09 B-6.249 E.05059
G1 Y-.0697 Z-.0644 C3692.736 B-6.254 E.05054
G1 Y.074 Z-.0651 C3695.775 B-6.259 E.04268
G1 Z-.0657 C3699.428 B-6.264 E.05058
G1 Z-.0664 C3703.073 B-6.269 E.05051
G1 Y.0074 Z-.0671 C3706.722 B-6.274 E.05062
G1 Z-.0677 C3710.373 B-6.279 E.05056
G1 Z-.0684 C3714.018 B-6.284 E.05050
G1 Y-.0504 Z-.069 C3717.671 B-6.289 E.05066
G1 Z-.0699 C3720.711 B-6.295 E.04215
G1 Z-.0715 C3724.964 B-6.307 E.05889
G1 Z-.0721 C3728.617 B-6.312 E.05059
G1 Z-.0728 C3732.262 B-6.317 E.05049
G1 Z-.0735 C3735.912 B-6.322 E.05058
G1 Y.0748 Z-.0741 C3738.955 B-6.327 E.04263
G1 Z-.0748 C3742.6 B-6.332 E.05050
G1 Z-.0755 C3746.251 B-6.337 E.05059
G1 Z-.0761 C3749.9 B-6.342 E.05058
G1 X15.8431 Z-.0767 C3753.545 B-6.347 E.05038
G1 Z-.0774 C3757.198 B-6.352 E.05045
G1 Y.0222 Z-.078 C3760.844 B-6.357 E.05037
G1 Z-.0809 C3763.883 B-6.379 E.04195
G1 Y-.05 C3766.928 E.04216
G1 Z-.0822 C3770.574 B-6.389 E.05030
G1 Z-.083 C3774.221 B-6.395 E.05032
G1 Z-.0838 C3777.874 B-6.401 E.05040
G1 Z-.0845 C3781.519 B-6.407 E.05031
G1 Y.0705 Z-.0853 C3784.56 B-6.413 E.04240
G1 Z-.086 C3788.211 B-6.418 E.05040
G1 Z-.0868 C3791.856 B-6.424 E.05035
G1 Y.002 Z-.0875 C3795.508 B-6.43 E.05052
G1 C3799.156 E.05036
G1 Z-.0866 C3803.411 B-6.423 E.05876
G1 Y.0596 Z-.0876 C3807.671 B-6.43 E.05886
G1 Z-.0883 C3811.316 B-6.436 E.05031
G1 Z-.0891 C3814.968 B-6.442 E.05041
G1 Z-.0898 C3818.615 B-6.448 E.05034
G1 Z-.0906 C3822.261 B-6.454 E.05033
G1 Z-.0913 C3825.914 B-6.459 E.05044
G1 Z-.092 C3829.56 B-6.465 E.05034
G1 Z-.0928 C3833.209 B-6.471 E.05039
G1 Z-.0935 C3836.86 B-6.476 E.05042
G1 Z-.0942 C3840.505 B-6.482 E.05034
G1 X15.793 Z-.0951 C3844.766 B-6.489 E.05865
G1 Y-.0595 Z-.0958 C3848.412 B-6.495 E.05049
G1 Z-.0966 C3852.059 B-6.501 E.05015
G1 Z-.0973 C3855.712 B-6.506 E.05024
G1 Z-.098 C3859.356 B-6.512 E.05013
G1 Z-.0988 C3863.007 B-6.518 E.05024
G1 Z-.0995 C3866.656 B-6.523 E.05024
G1 Z-.1002 C3870.302 B-6.529 E.05020
G1 Z-.1009 C3873.955 B-6.535 E.05027
G1 Z-.1016 C3877.601 B-6.54 E.05016
G1 Z-.1022 C3880.64 B-6.545 E.04180
G1 Y.063 Z-.1031 C3883.685 B-6.552 E.04233
G1 Z-.1038 C3887.331 B-6.558 E.05015
G1 Z-.1045 C3890.978 B-6.563 E.05017
G1 Z-.1052 C3894.63 B-6.569 E.05025
G1 Z-.1059 C3898.275 B-6.574 E.05016
G1 Z-.1066 C3901.926 B-6.58 E.05025
G1 Z-.1073 C3905.575 B-6.585 E.05023
G1 Z-.108 C3909.221 B-6.591 E.05020
G1 Z-.1087 C3912.874 B-6.596 E.05030
G1 Z-.1093 C3916.52 B-6.602 E.05021
G1 Z-.11 C3920.167 B-6.607 E.05022
G1 Y-.0623 Z-.1108 C3923.82 B-6.614 E.05067
G1 Y.0099 Z-.1117 C3926.857 B-6.62 E.04198
G1 Z-.1124 C3930.506 B-6.626 E.05024
G1 X15.7429 Z-.1131 C3934.157 B-6.632 E.05011
G1 Z-.1137 C3937.802 B-6.637 E.04997
G1 Z-.1144 C3941.454 B-6.643 E.05007
G1 Z-.1151 C3945.102 B-6.648 E.05003
G1 Z-.1158 C3948.748 B-6.653 E.05002
G1 Z-.1164 C3952.401 B-6.659 E.05014
G1 Y.0719 Z-.1171 C3956.046 B-6.664 E.05006
G1 Y-.0814 Z-.1178 C3960.305 B-6.67 E.05889
G1 Y.047 Z-.1216 C3963.346 B-6.701 E.04219
G1 Z-.1196 C3965.169 B-6.685 E.02502
G1 Z-.1205 C3968.816 B-6.692 E.05002
G1 Z-.1212 C3972.468 B-6.698 E.05011
G1 Z-.122 C3976.113 B-6.704 E.05003
G1 Y-.0048 Z-.1227 C3979.764 B-6.71 E.05013
G1 Z-.1234 C3983.413 B-6.716 E.05004
G1 Z-.1242 C3987.059 B-6.722 E.05001
G1 Z-.1249 C3990.712 B-6.728 E.05011
G1 Z-.1256 C3994.358 B-6.734 E.05002
G1 Z-.1264 C3998.005 B-6.74 E.05004
G1 Y.0642 Z-.1272 C4001.657 B-6.747 E.05022
G1 Y-.0091 Z-.1278 C4005.91 B-6.752 E.05845
G1 Z-.1286 C4009.562 B-6.758 E.05011
G1 Z-.1293 C4013.21 B-6.764 E.05006
G1 Z-.13 C4016.856 B-6.77 E.05004
G1 X15.6918 Z-.1308 C4020.509 B-6.776 E.04998
G1 Z-.1315 C4024.154 B-6.782 E.04981
G1 Z-.1322 C4027.803 B-6.788 E.04987
G1 Z-.1329 C4031.454 B-6.794 E.04991
G1 Z-.1337 C4035.099 B-6.8 E.04984
G1 Z-.1344 C4038.752 B-6.806 E.04997
G1 Z-.1353 C4042.399 B-6.813 E.04987
G1 Y-.0643 Z-.1345 C4045.437 B-6.807 E.04160
G1 Y.0094 Z-.1353 C4048.481 B-6.813 E.04176
G1 Z-.1359 C4052.129 B-6.818 E.04985
G1 Z-.1365 C4055.775 B-6.824 E.04983
G1 Z-.1371 C4059.428 B-6.829 E.04994
G1 Z-.1377 C4063.073 B-6.834 E.04985
G1 Z-.1383 C4066.722 B-6.839 E.04992
G1 Y-.0439 Z-.1389 C4070.373 B-6.844 E.04997
G1 Z-.1395 C4074.018 B-6.849 E.04982
G1 Z-.1401 C4077.671 B-6.854 E.04993
G1 Z-.1408 C4080.711 B-6.86 E.04156
G1 Z-.1422 C4084.356 B-6.871 E.04988
G1 Z-.1428 C4088.009 B-6.876 E.04999
G1 Z-.1434 C4091.655 B-6.881 E.04989
G1 Z-.144 C4095.302 B-6.886 E.04991
G1 Z-.1446 C4098.955 B-6.891 E.05000
G1 Z-.1452 C4102.6 B-6.896 E.04990
G1 Z-.1458 C4106.251 B-6.902 E.04999
G1 Z-.1463 C4109.9 B-6.906 E.04997
G1 Y.0112 Z-.1469 C4113.545 B-6.911 E.04994
G1 Z-.1475 C4117.198 B-6.916 E.04997
G1 X15.6405 Z-.148 C4120.844 B-6.921 E.04972
G1 Z-.1494 C4125.101 B-6.932 E.05802
G1 Z-.1502 C4128.144 B-6.94 E.04144
G1 Z-.1508 C4131.789 B-6.945 E.04964
G1 Z-.1514 C4135.44 B-6.95 E.04973
G1 Z-.1519 C4139.089 B-6.954 E.04971
G1 Z-.1525 C4142.734 B-6.959 E.04965
G1 Z-.1531 C4146.387 B-6.964 E.04976
G1 Z-.1536 C4150.033 B-6.969 E.04966
G1 Z-.1542 C4153.681 B-6.973 E.04970
G1 Z-.1547 C4157.333 B-6.978 E.04976
G1 Z-.1554 C4160.371 B-6.984 E.04139
G1 Y-.0404 Z-.1557 C4163.411 B-6.987 E.04150
G1 Z-.1564 C4167.671 B-6.993 E.05804
G1 Z-.1571 C4171.316 B-6.999 E.04966
G1 Z-.1578 C4174.968 B-7.005 E.04976
G1 Z-.1584 C4178.615 B-7.01 E.04970
G1 Z-.1591 C4182.261 B-7.016 E.04970
G1 Z-.1598 C4185.914 B-7.022 E.04981
G1 Y.0099 Z-.1604 C4189.56 B-7.028 E.04975
G1 Z-.1611 C4193.209 B-7.034 E.04974
G1 Z-.1617 C4196.86 B-7.039 E.04979
G1 Z-.1624 C4200.505 B-7.045 E.04975
G1 Y-.0401 Z-.1632 C4204.766 B-7.052 E.05813
G1 Z-.1638 C4207.804 B-7.057 E.04147
G1 X15.5901 Y.0128 Z-.1645 C4211.451 B-7.063 E.04964
G1 Z-.1651 C4215.104 B-7.068 E.04960
G1 Z-.1657 C4218.749 B-7.074 E.04953
G1 Y.0817 Z-.1664 C4222.398 B-7.08 E.04966
G1 Y-.0574 Z-.167 C4226.656 B-7.086 E.05822
G1 Z-.1677 C4230.302 B-7.091 E.04950
G1 Z-.1683 C4233.955 B-7.097 E.04960
G1 Z-.1689 C4237.601 B-7.102 E.04951
G1 Y.0762 Z-.1697 C4240.032 B-7.109 E.03368
G1 Y-.069 Z-.1704 C4243.685 B-7.115 E.05012
G1 Z-.1711 C4247.331 B-7.121 E.04951
G1 Z-.1718 C4250.978 B-7.127 E.04952
G1 Z-.1724 C4254.63 B-7.133 E.04960
G1 Z-.1731 C4258.275 B-7.139 E.04952
G1 Z-.1738 C4261.926 B-7.145 E.04962
G1 Z-.1744 C4265.575 B-7.151 E.04961
G1 Y-.0113 Z-.1751 C4269.221 B-7.157 E.04961
G1 Z-.1758 C4272.874 B-7.163 E.04962
G1 Z-.1764 C4276.52 B-7.169 E.04955
G1 Z-.1769 C4280.167 B-7.174 E.04959
G1 Y.0411 Z-.1778 C4283.212 B-7.182 E.04147
G1 C4286.25 B-7.181 E.04130
G1 Z-.1784 C4289.897 B-7.187 E.04958
G1 Y-.0767 Z-.179 C4294.157 B-7.192 E.05817
G1 Z-.1796 C4297.802 B-7.198 E.04955
G1 Z-.1802 C4301.454 B-7.203 E.04968
G1 X15.5382 Y-.0152 Z-.1808 C4305.102 B-7.209 E.04952
G1 Z-.1814 C4308.748 B-7.214 E.04934
G1 Z-.182 C4312.401 B-7.22 E.04948
G1 Y.0567 Z-.1826 C4316.046 B-7.225 E.04945
G1 Y-.081 Z-.1832 C4320.305 B-7.23 E.05803
G1 Y-.0142 Z-.1839 C4323.346 B-7.237 E.04128
G1 Y.0734 Z-.1847 C4326.383 B-7.244 E.04133
G1 Z-.1853 C4330.034 B-7.25 E.04940
G1 Z-.1859 C4333.683 B-7.255 E.04938
G1 Y-.0779 Z-.1865 C4337.937 B-7.26 E.05806
G1 Z-.1869 C4341.59 B-7.264 E.04943
G1 Z-.1877 C4345.235 B-7.271 E.04933
G1 Z-.1882 C4348.884 B-7.276 E.04940
G1 Z-.1888 C4352.535 B-7.282 E.04944
G1 Z-.1894 C4356.18 B-7.287 E.04938
G1 Y-.0265 Z-.1899 C4359.833 B-7.292 E.04951
G1 Z-.1909 C4363.48 B-7.301 E.04942
G1 Y.0339 Z-.1917 C4367.126 B-7.308 E.04945
G1 Z-.1923 C4370.779 B-7.314 E.04946
G1 Z-.1928 C4374.425 B-7.319 E.04939
G1 Z-.1934 C4378.074 B-7.324 E.04947
G1 Y-.066 Z-.194 C4382.332 B-7.329 E.05786
G1 Z-.1945 C4385.977 B-7.335 E.04938
G1 Z-.1951 C4389.63 B-7.34 E.04952
G1 Y-.0063 Z-.1956 C4393.277 B-7.345 E.04949
G1 X15.4879 Z-.1962 C4396.924 B-7.35 E.04926
G1 Z-.1967 C4400.576 B-7.355 E.04930
G1 Z-.1978 C4404.829 B-7.365 E.05736
G1 Y.0593 Z-.1985 C4407.872 B-7.372 E.04117
G1 Z-.1991 C4411.521 B-7.377 E.04921
G1 Z-.1996 C4415.167 B-7.382 E.04918
G1 Z-.2002 C4418.82 B-7.387 E.04927
G1 Z-.2007 C4422.466 B-7.392 E.04918
G1 Z-.2012 C4426.113 B-7.397 E.04920
G1 Y-.0773 Z-.2018 C4430.373 B-7.402 E.05786
G1 Z-.2023 C4434.018 B-7.407 E.04917
G1 Z-.2028 C4437.671 B-7.412 E.04928
G1 Z-.2044 C4440.711 B-7.428 E.04102
G1 Y.0312 Z-.2054 C4443.748 B-7.437 E.04134
G1 Z-.2059 C4447.4 B-7.442 E.04928
G1 Z-.2066 C4451.048 B-7.448 E.04924
G1 Z-.2072 C4454.694 B-7.454 E.04924
G1 Z-.2078 C4458.347 B-7.46 E.04936
G1 Y-.0679 Z-.2085 C4462.6 B-7.466 E.05761
G1 Z-.2091 C4466.251 B-7.472 E.04929
G1 Z-.2097 C4469.9 B-7.478 E.04929
G1 Y-.0171 Z-.2104 C4473.545 B-7.484 E.04928
G1 X15.4378 Z-.211 C4477.198 B-7.49 E.04918
G1 Z-.2119 C4480.844 B-7.5 E.04905
G1 Y.0386 Z-.2124 C4484.492 B-7.504 E.04912
G1 Z-.2116 C4487.536 B-7.497 E.04093
G1 Z-.2121 C4491.181 B-7.502 E.04904
G1 Y-.0601 Z-.2127 C4495.44 B-7.507 E.05746
G1 Z-.2131 C4499.089 B-7.512 E.04906
G1 Z-.2136 C4502.734 B-7.516 E.04901
G1 Z-.2142 C4506.387 B-7.521 E.04912
G1 Z-.2146 C4510.033 B-7.526 E.04904
G1 Z-.2151 C4513.681 B-7.531 E.04907
G1 Z-.2156 C4517.333 B-7.535 E.04913
G1 Z-.2162 C4520.371 B-7.541 E.04087
G1 Z-.2165 C4523.411 B-7.544 E.04089
G1 Z-.2171 C4527.063 B-7.55 E.04915
G1 Y.0052 Z-.2177 C4530.708 B-7.556 E.04912
G1 Z-.2183 C4534.359 B-7.562 E.04911
G1 Z-.2189 C4538.008 B-7.568 E.04913
G1 Y.0779 Z-.2195 C4541.653 B-7.574 E.04915
G1 Y-.0591 Z-.2201 C4545.914 B-7.58 E.05771
G1 Z-.2207 C4549.56 B-7.586 E.04906
G1 Y-.0025 Z-.2213 C4553.209 B-7.592 E.04917
G1 Z-.2219 C4556.86 B-7.598 E.04914
G1 Y.058 Z-.2226 C4560.505 B-7.604 E.04913
G1 Z-.2231 C4564.157 B-7.609 E.04916
G1 Z-.2234 C4567.197 B-7.613 E.04094
G1 Z-.224 C4570.842 B-7.619 E.04906
G1 Y-.0551 Z-.2246 C4575.104 B-7.624 E.05762
G1 Z-.2252 C4578.749 B-7.63 E.04910
G1 X15.3858 Y.0196 Z-.2258 C4582.398 B-7.636 E.04910
G1 Z-.2263 C4586.049 B-7.642 E.04895
G1 Y-.0767 Z-.2269 C4590.302 B-7.647 E.05718
G1 Z-.2274 C4593.955 B-7.653 E.04894
G1 Z-.228 C4597.601 B-7.658 E.04887
G1 Z-.2286 C4601.248 B-7.664 E.04890
G1 Z-.2292 C4604.901 B-7.671 E.04899
G1 Y-.0127 Z-.2298 C4608.546 B-7.677 E.04894
G1 Z-.2304 C4612.197 B-7.683 E.04893
G1 Z-.2309 C4615.846 B-7.688 E.04894
G1 Y.05 Z-.2315 C4619.491 B-7.694 E.04894
G1 Z-.232 C4623.144 B-7.699 E.04896
G1 Y-.0648 Z-.2326 C4627.398 B-7.705 E.05729
G1 Z-.2331 C4631.047 B-7.71 E.04892
G1 Y-.0142 Z-.2337 C4634.698 B-7.716 E.04900
G1 Z-.2342 C4638.343 B-7.721 E.04888
G1 Y-.0778 Z-.2348 C4641.995 B-7.727 E.04906
G1 Z-.2356 C4646.25 B-7.736 E.05703
G1 Z-.2362 C4649.897 B-7.741 E.04893
G1 Y-.0101 Z-.2367 C4653.549 B-7.747 E.04908
G1 Z-.2372 C4657.194 B-7.752 E.04890
G1 Y.0563 Z-.2378 C4660.845 B-7.758 E.04907
G1 Y-.0703 Z-.2383 C4665.102 B-7.763 E.05743
G1 Z-.2388 C4668.748 B-7.769 E.04894
G1 Y.0022 Z-.2393 C4672.401 B-7.774 E.04913
G1 X15.3342 Z-.2398 C4676.046 B-7.78 E.04878
G1 Y-.0807 Z-.2404 C4680.305 B-7.785 E.05702
G1 Z-.2418 C4683.346 B-7.8 E.04061
G1 Z-.2416 C4686.383 B-7.798 E.04059
G1 Z-.2422 C4690.034 B-7.804 E.04881
G1 Y-.0147 Z-.2427 C4693.683 B-7.809 E.04884
G1 Z-.2432 C4697.329 B-7.814 E.04869
G1 Y.0625 Z-.2444 C4701.59 B-7.828 E.05703
G1 Z-.2442 C4704.628 B-7.825 E.04058
G1 Z-.2447 C4708.275 B-7.83 E.04870
G1 Y-.0749 Z-.2452 C4712.535 B-7.835 E.05730
G1 Z-.2457 C4716.18 B-7.841 E.04870
G1 Z-.2462 C4719.833 B-7.846 E.04885
G1 Z-.2469 C4723.48 B-7.853 E.04872
G1 Y.0727 Z-.2476 C4726.518 B-7.861 E.04125
G1 Y-.062 Z-.2481 C4730.779 B-7.867 E.05731
G1 Z-.2486 C4734.425 B-7.872 E.04873
G1 Y-.003 Z-.2492 C4738.074 B-7.877 E.04884
G1 Z-.2496 C4741.725 B-7.883 E.04881
G1 Y.06 Z-.2501 C4745.37 B-7.888 E.04881
G1 Y-.0691 Z-.2506 C4749.63 B-7.893 E.05728
G1 Z-.2511 C4753.277 B-7.898 E.04877
G1 Y.0013 Z-.2516 C4756.924 B-7.903 E.04887
G1 Z-.252 C4760.576 B-7.908 E.04885
G1 Y.0766 Z-.2529 C4764.221 B-7.918 E.04888
G1 X15.2822 Y-.0539 Z-.2535 C4767.872 B-7.924 E.04909
G1 Z-.254 C4771.521 B-7.93 E.04857
G1 Z-.2545 C4775.167 B-7.935 E.04855
G1 Y-.0035 Z-.255 C4778.82 B-7.94 E.04868
G1 Z-.2554 C4782.466 B-7.945 E.04853
G1 Z-.2559 C4786.113 B-7.95 E.04856
G1 Y.0502 Z-.2563 C4789.766 B-7.955 E.04869
G1 Z-.2568 C4793.411 B-7.96 E.04852
G1 Y-.069 Z-.2573 C4797.671 B-7.965 E.05700
G1 Y-.0013 Z-.258 C4801.318 B-7.973 E.04865
G1 Y.0681 Z-.2589 C4804.964 B-7.983 E.04865
G1 Y-.069 Z-.2594 C4809.225 B-7.988 E.05712
G1 Z-.2599 C4812.87 B-7.993 E.04854
G1 Y-.0167 Z-.2603 C4816.521 B-7.999 E.04867
G1 Z-.2608 C4820.17 B-8.004 E.04860
G1 Y.0403 Z-.2612 C4823.815 B-8.009 E.04861
G1 Z-.2617 C4827.468 B-8.014 E.04866
G1 Y-.0598 Z-.2621 C4831.722 B-8.019 E.05685
G1 Z-.2626 C4835.371 B-8.024 E.04861
G1 Y.0044 Z-.263 C4839.022 B-8.028 E.04872
G1 Z-.2639 C4843.275 B-8.038 E.05665
G1 Y-.0638 Z-.2648 C4847.536 B-8.048 E.05685
G1 Z-.2652 C4851.181 B-8.053 E.04859
G1 Y.0116 Z-.2657 C4854.83 B-8.058 E.04876
G1 Z-.2661 C4858.481 B-8.063 E.04868
G1 X15.2307 Y.0643 Z-.2665 C4862.126 B-8.067 E.04848
G1 Z-.2669 C4865.779 B-8.072 E.04845
G1 Y-.0655 Z-.2673 C4870.033 B-8.077 E.05679
G1 Z-.2678 C4873.681 B-8.082 E.04839
G1 Z-.2682 C4877.333 B-8.086 E.04846
G1 Z-.2696 C4880.371 B-8.103 E.04030
G1 Z-.269 C4883.411 B-8.095 E.04034
G1 Y.0212 Z-.2711 C4886.455 B-8.119 E.04061
G1 Z-.2696 C4888.278 B-8.103 E.02420
G1 Y.0739 Z-.2702 C4891.923 B-8.109 E.04842
G1 Y-.0502 Z-.2707 C4896.185 B-8.115 E.05687
G1 Z-.2712 C4899.83 B-8.12 E.04839
G1 Y.028 Z-.2717 C4903.479 B-8.126 E.04856
G1 Z-.2722 C4907.13 B-8.132 E.04847
G1 Y-.0498 Z-.2727 C4911.383 B-8.138 E.05655
G1 Z-.2732 C4915.036 B-8.144 E.04851
G1 Y.036 Z-.2737 C4918.682 B-8.149 E.04856
G1 Y-.0216 Z-.2743 C4922.939 B-8.156 E.05655
G1 Y-.0792 Z-.2748 C4927.197 B-8.162 E.05657
G1 Z-.2753 C4930.842 B-8.168 E.04843
G1 Y.0163 Z-.2758 C4934.495 B-8.174 E.04872
G1 Y.0665 Z-.2763 C4938.142 B-8.18 E.04847
G1 Y-.0421 Z-.2768 C4942.398 B-8.186 E.05674
G1 Y.0094 Z-.2773 C4946.049 B-8.191 E.04854
G1 Z-.2778 C4949.694 B-8.197 E.04844
G1 Y.0771 Z-.2783 C4953.346 B-8.203 E.04861
G1 X15.1801 Y-.0535 Z-.2787 C4957.601 B-8.208 E.05667
G1 Z-.2792 C4961.248 B-8.214 E.04821
G1 Y.0381 Z-.2798 C4964.293 B-8.22 E.04051
G1 Z-.2803 C4967.938 B-8.226 E.04818
G1 Z-.2808 C4971.587 B-8.232 E.04825
G1 Y-.0605 Z-.2812 C4975.846 B-8.237 E.05651
G1 Z-.2817 C4979.491 B-8.243 E.04822
G1 Y.0103 Z-.2822 C4983.144 B-8.248 E.04842
G1 Z-.2826 C4986.79 B-8.254 E.04824
G1 Y-.0728 Z-.2831 C4991.047 B-8.259 E.05643
G1 Z-.2835 C4994.698 B-8.265 E.04831
G1 Y.0074 Z-.284 C4998.343 B-8.27 E.04836
G1 Z-.2845 C5001.386 B-8.276 E.04030
G1 Z-.2851 C5005.642 B-8.284 E.05631
G1 Z-.2856 C5009.288 B-8.289 E.04821
G1 Z-.2861 C5012.941 B-8.295 E.04836
G1 Y-.0594 Z-.2865 C5017.194 B-8.301 E.05634
G1 Z-.287 C5020.845 B-8.306 E.04835
G1 Y.0347 Z-.2874 C5024.494 B-8.312 E.04850
G1 Y-.0744 Z-.2879 C5028.748 B-8.317 E.05653
G1 Z-.2883 C5032.401 B-8.322 E.04839
G1 Y.0274 Z-.2888 C5036.046 B-8.328 E.04849
G1 Y-.0531 Z-.2899 C5040.914 B-8.341 E.06451
G1 X15.1297 Z-.2904 C5045.776 B-8.348 E.06414
G1 Y.0222 Z-.2911 C5049.425 B-8.356 E.04822
G1 Z-.2916 C5053.076 B-8.362 E.04812
G1 Y-.0755 Z-.2921 C5057.329 B-8.368 E.05624
G1 Z-.2926 C5060.982 B-8.374 E.04815
G1 Y-.0106 Z-.293 C5064.628 B-8.38 E.04814
G1 Z-.2935 C5068.275 B-8.386 E.04808
G1 Y.0585 Z-.294 C5071.928 B-8.392 E.04825
G1 Y-.0627 Z-.2945 C5076.18 B-8.398 E.05635
G1 Z-.2948 C5079.833 B-8.402 E.04817
G1 Y.0404 Z-.295 C5082.873 B-8.405 E.04039
G1 Y-.0503 Z-.2956 C5086.518 B-8.412 E.04825
G1 Z-.2962 C5090.171 B-8.42 E.04818
G1 Y.0315 Z-.2967 C5093.817 B-8.426 E.04823
G1 Z-.2972 C5097.465 B-8.432 E.04813
G1 Y-.0411 Z-.2977 C5101.725 B-8.438 E.05626
G1 Z-.2982 C5105.37 B-8.444 E.04811
G1 Y.0501 Z-.2986 C5109.022 B-8.45 E.04836
G1 Y-.0607 Z-.2991 C5113.277 B-8.456 E.05636
G1 Z-.2996 C5116.924 B-8.462 E.04815
G1 Y.0369 Z-.3001 C5120.576 B-8.469 E.04841
G1 Y-.0147 Z-.3004 C5124.221 B-8.473 E.04814
G1 Z-.3002 C5127.263 B-8.47 E.04014
G1 Z-.3006 C5130.914 B-8.476 E.04820
G1 Y.0552 Z-.301 C5134.559 B-8.481 E.04821
G1 X15.0797 Y-.0757 Z-.3014 C5138.82 B-8.486 E.05638
G1 Z-.3018 C5142.466 B-8.491 E.04790
G1 Y-.0141 Z-.3022 C5146.113 B-8.496 E.04799
G1 Z-.3026 C5149.766 B-8.501 E.04799
G1 Y.0511 Z-.303 C5153.411 B-8.506 E.04797
G1 Y-.0739 Z-.3034 C5157.671 B-8.511 E.05628
G1 Z-.3039 C5161.318 B-8.518 E.04790
G1 Z-.3046 C5164.964 B-8.526 E.04790
G1 Y-.0237 Z-.3051 C5168.617 B-8.534 E.04804
G1 Z-.3055 C5172.262 B-8.539 E.04791
G1 Y.055 Z-.3059 C5175.912 B-8.544 E.04810
G1 Y-.0629 Z-.3063 C5180.17 B-8.549 E.05623
G1 Z-.3067 C5183.815 B-8.554 E.04792
G1 Y.0213 Z-.3071 C5187.468 B-8.559 E.04817
G1 Z-.3074 C5191.115 B-8.564 E.04796
G1 Y-.047 Z-.3078 C5195.371 B-8.569 E.05601
G1 Z-.3082 C5199.022 B-8.573 E.04802
G1 Y.0687 Z-.3087 C5202.667 B-8.581 E.04824
G1 Y-.0205 Z-.3095 C5206.928 B-8.591 E.05616
G1 Y.0299 Z-.31 C5210.574 B-8.597 E.04798
G1 Y-.0769 Z-.3104 C5214.83 B-8.603 E.05618
G1 Z-.3107 C5218.481 B-8.607 E.04805
G1 Y.0053 Z-.3111 C5222.126 B-8.612 E.04809
G1 Z-.3114 C5225.779 B-8.617 E.04804
G1 Y.0613 Z-.3118 C5229.426 B-8.621 E.04803
G1 X15.0289 Y-.0661 Z-.3121 C5233.681 B-8.626 E.05610
G1 Z-.3125 C5237.333 B-8.631 E.04782
G1 Y-.012 Z-.3129 C5240.978 B-8.637 E.04778
G1 Z-.3131 C5243.411 B-8.639 E.03186
G1 Y.0772 Z-.3136 C5247.671 B-8.647 E.05593
G1 Y-.0305 Z-.3141 C5251.923 B-8.653 E.05590
G1 Z-.3145 C5255.576 B-8.659 E.04787
G1 Y.0703 Z-.3149 C5259.223 B-8.665 E.04800
G1 Y-.035 Z-.3154 C5263.479 B-8.671 E.05595
G1 Y.018 Z-.3158 C5267.13 B-8.677 E.04786
G1 Y.0735 Z-.3163 C5270.775 B-8.683 E.04779
G1 Y-.0295 Z-.3167 C5275.036 B-8.689 E.05601
G1 Y.0281 Z-.3171 C5278.682 B-8.695 E.04781
G1 Y-.075 Z-.3176 C5282.939 B-8.701 E.05596
G1 Z-.318 C5286.589 B-8.706 E.04784
G1 Y.0218 Z-.3184 C5290.234 B-8.713 E.04797
G1 Y-.0751 Z-.3189 C5294.495 B-8.719 E.05600
G1 Y-.0116 Z-.3193 C5298.142 B-8.725 E.04786
G1 Y.0529 Z-.3198 C5301.789 B-8.731 E.04787
G1 Y-.04 Z-.3202 C5306.049 B-8.737 E.05598
G1 Y.0154 Z-.3206 C5309.694 B-8.743 E.04783
G1 Z-.321 C5313.346 B-8.749 E.04788
G1 Y-.0605 Z-.3214 C5317.601 B-8.755 E.05586
G1 Y.0593 Z-.3219 C5320.64 B-8.761 E.04029
G1 Y-.0546 Z-.322 C5324.293 B-8.762 E.04820
G1 X14.9775 Y.0725 Z-.3224 C5327.331 B-8.768 E.04021
G1 Y-.039 Z-.3228 C5331.587 B-8.773 E.05578
G1 Z-.3232 C5335.238 B-8.779 E.04767
G1 Y.0563 Z-.3236 C5338.883 B-8.785 E.04777
G1 Y-.0528 Z-.3239 C5343.144 B-8.79 E.05584
G1 Y-.0019 Z-.3243 C5346.79 B-8.796 E.04762
G1 Y.0498 Z-.3247 C5350.438 B-8.801 E.04765
G1 Y-.0557 Z-.3251 C5354.698 B-8.807 E.05581
G1 Y-.0011 Z-.3255 C5358.343 B-8.812 E.04762
G1 Z-.3258 C5361.386 B-8.817 E.03971
G1 Z-.3263 C5365.035 B-8.825 E.04760
G1 Y.0537 Z-.3267 C5368.68 B-8.831 E.04763
G1 Y-.0469 Z-.3271 C5372.941 B-8.836 E.05581
G1 Y.0127 Z-.3275 C5376.587 B-8.841 E.04766
G1 Y.0725 Z-.3279 C5380.236 B-8.847 E.04770
G1 Y-.0237 Z-.3282 C5384.494 B-8.852 E.05576
G1 Y.0396 Z-.3286 C5388.14 B-8.858 E.04768
G1 Y-.0548 Z-.329 C5392.401 B-8.863 E.05580
G1 Y.011 Z-.3293 C5396.046 B-8.869 E.04768
G1 Y.0772 Z-.3297 C5399.695 B-8.874 E.04774
G1 Y-.0047 Z-.3303 C5403.954 B-8.882 E.05573
G1 Z-.3307 C5406.991 B-8.888 E.03975
G1 Y-.0702 Z-.3311 C5411.252 B-8.894 E.05571
G1 Z-.3314 C5414.898 B-8.899 E.04766
G1 Y.0192 Z-.3318 C5418.546 B-8.905 E.04785
G1 X14.9258 Z-.3321 C5422.198 B-8.91 E.04759
G1 Y-.0445 Z-.3325 C5426.451 B-8.915 E.05537
G1 Z-.3328 C5430.103 B-8.92 E.04752
G1 Y.0524 Z-.3332 C5433.75 B-8.926 E.04764
G1 Y-.0534 Z-.3335 C5438.005 B-8.931 E.05555
G1 Y.0513 Z-.3339 C5441.05 B-8.937 E.03992
G1 Z-.3347 C5444.087 B-8.95 E.03948
G1 Z-.3352 C5447.735 B-8.956 E.04747
G1 Z-.3356 C5451.387 B-8.962 E.04747
G1 Y-.0393 Z-.336 C5455.64 B-8.968 E.05547
G1 Y.0164 Z-.3364 C5459.292 B-8.974 E.04756
G1 Y.0745 Z-.3367 C5462.94 B-8.98 E.04752
G1 Y-.0224 Z-.3372 C5467.194 B-8.987 E.05552
G1 Y.0368 Z-.3375 C5470.847 B-8.993 E.04759
G1 Y-.0571 Z-.3379 C5475.099 B-8.999 E.05548
G1 Y.0046 Z-.3383 C5478.752 B-9.005 E.04761
G1 Y-.0606 Z-.3386 C5483.006 B-9.01 E.05541
G1 Y.031 Z-.339 C5486.654 B-9.015 E.04767
G1 Y-.0772 Z-.3394 C5490.914 B-9.022 E.05567
G1 Z-.3398 C5494.559 B-9.028 E.04747
G1 Y.0045 Z-.3402 C5498.211 B-9.034 E.04769
G1 Z-.3405 C5501.858 B-9.04 E.04750
G1 Y-.0645 Z-.3409 C5506.113 B-9.046 E.05546
G1 X14.8743 Z-.3413 C5509.766 B-9.052 E.04743
G1 Y.0265 Z-.3417 C5513.411 B-9.058 E.04743
G1 Z-.3421 C5517.061 B-9.064 E.04733
G1 C5520.711 E.04732
G1 Z-.3424 C5524.356 B-9.069 E.04721
G1 Z-.343 C5528.009 B-9.079 E.04732
G1 Z-.3434 C5531.655 B-9.086 E.04726
G1 Y-.0387 Z-.3438 C5535.912 B-9.092 E.05524
G1 Y.0143 Z-.3441 C5539.562 B-9.098 E.04735
G1 Y.07 Z-.3445 C5543.207 B-9.104 E.04730
G1 Y-.0312 Z-.3449 C5547.468 B-9.11 E.05543
G1 Y.0265 Z-.3453 C5551.115 B-9.116 E.04734
G1 Y-.0712 Z-.3457 C5555.371 B-9.122 E.05535
G1 Y-.0124 Z-.346 C5559.022 B-9.128 E.04740
G1 Z-.3461 C5562.667 B-9.13 E.04728
G1 Y.0412 Z-.3464 C5566.319 B-9.135 E.04740
G1 Z-.347 C5569.967 B-9.145 E.04731
G1 Y-.0151 Z-.3474 C5574.221 B-9.151 E.05520
G1 Y.0494 Z-.3478 C5577.874 B-9.157 E.04746
G1 Y-.0593 Z-.3481 C5582.126 B-9.162 E.05537
G1 Z-.3484 C5585.779 B-9.168 E.04740
G1 Y.0223 Z-.3488 C5589.426 B-9.174 E.04746
G1 Z-.3491 C5593.072 B-9.18 E.04733
G1 Y-.0469 Z-.3495 C5597.333 B-9.186 E.05535
G1 C5600.978 E.04727
G1 Z-.3489 C5603.411 B-9.176 E.03160
G1 Z-.3491 C5605.847 B-9.18 E.03166
G1 Z-.3495 C5609.493 B-9.186 E.04732
G1 X14.8231 Y.0532 Z-.3498 C5613.14 B-9.192 E.04741
G1 Y-.0396 Z-.3502 C5617.4 B-9.198 E.05518
G1 Y.0261 Z-.3505 C5621.045 B-9.204 E.04716
G1 Y-.0645 Z-.3509 C5625.306 B-9.21 E.05518
G1 Y.0032 Z-.3512 C5628.952 B-9.216 E.04718
G1 Y.0717 Z-.3516 C5632.6 B-9.222 E.04721
G1 Y-.0152 Z-.3519 C5636.86 B-9.228 E.05516
G1 Y.0563 Z-.3523 C5640.505 B-9.234 E.04719
G1 Z-.3526 C5644.157 B-9.239 E.04715
G1 Z-.3529 C5647.804 B-9.244 E.04710
G1 Y-.048 Z-.3533 C5652.059 B-9.251 E.05518
G1 Y.0263 Z-.3536 C5655.712 B-9.257 E.04731
G1 Y-.0514 Z-.354 C5659.964 B-9.263 E.05503
G1 Y.0256 Z-.3543 C5663.616 B-9.269 E.04731
G1 Y-.0499 Z-.3546 C5667.871 B-9.275 E.05507
G1 Y.0126 Z-.355 C5671.519 B-9.281 E.04722
G1 Y.0654 Z-.3553 C5675.171 B-9.287 E.04724
G1 Y-.0338 Z-.3556 C5679.424 B-9.292 E.05515
G1 Z-.356 C5683.685 B-9.299 E.05508
G1 Z-.3563 C5687.331 B-9.305 E.04711
G1 Z-.3567 C5690.978 B-9.311 E.04719
G1 Y.0747 Z-.357 C5694.63 B-9.317 E.04750
G1 Y-.0181 Z-.3573 C5698.883 B-9.323 E.05514
G1 Y.0433 Z-.3576 C5702.535 B-9.329 E.04730
G1 X14.7709 Y-.0477 Z-.358 C5706.79 B-9.335 E.05498
G1 Y.0172 Z-.3583 C5710.438 B-9.341 E.04703
G1 Y-.0728 Z-.3586 C5714.698 B-9.347 E.05497
G1 Y-.0049 Z-.359 C5718.343 B-9.353 E.04700
G1 Z-.3591 C5721.386 B-9.356 E.03914
G1 Z-.3592 C5724.427 B-9.358 E.03915
G1 Y-.0565 Z-.3596 C5728.68 B-9.364 E.05476
G1 Y.0132 Z-.3599 C5732.333 B-9.37 E.04712
G1 Y-.0688 Z-.3602 C5736.587 B-9.376 E.05487
G1 Y.0043 Z-.3605 C5740.236 B-9.381 E.04708
G1 Y-.0763 Z-.3608 C5744.494 B-9.387 E.05492
G1 Y.0002 Z-.3611 C5748.14 B-9.392 E.04706
G1 Y.0762 Z-.3614 C5751.793 B-9.397 E.04715
G1 Y.0007 Z-.3616 C5756.046 B-9.403 E.05484
G1 Y-.0747 Z-.3619 C5760.305 B-9.408 E.05492
G1 Y.0629 Z-.3625 C5763.346 B-9.419 E.03974
G1 Y-.067 Z-.3629 C5766.991 B-9.426 E.04736
G1 Y-.0125 Z-.3632 C5770.643 B-9.432 E.04708
G1 Y.0445 Z-.3635 C5774.291 B-9.438 E.04704
G1 Y-.0518 Z-.3638 C5778.546 B-9.444 E.05497
G1 Y.0063 Z-.3641 C5782.198 B-9.45 E.04711
G1 Y.0674 Z-.3644 C5785.843 B-9.456 E.04703
G1 Y-.0266 Z-.3648 C5790.103 B-9.462 E.05504
G1 Y.0361 Z-.365 C5793.75 B-9.468 E.04707
G1 X14.72 Y-.0542 Z-.3654 C5798.005 B-9.474 E.05478
G1 Y.0247 Z-.3656 C5801.05 B-9.478 E.03923
G1 Z-.3658 C5805.302 B-9.482 E.05450
G1 Y-.0738 Z-.3662 C5809.562 B-9.491 E.05482
G1 Y-.0057 Z-.3665 C5813.21 B-9.497 E.04688
G1 Y.0639 Z-.3668 C5816.856 B-9.503 E.04686
G1 Y-.0213 Z-.3671 C5821.117 B-9.509 E.05478
G1 Y.051 Z-.3674 C5824.762 B-9.515 E.04686
G1 Y-.0315 Z-.3678 C5829.022 B-9.521 E.05476
G1 Y.0425 Z-.368 C5832.669 B-9.527 E.04690
G1 Y-.0361 Z-.3684 C5836.924 B-9.534 E.05469
G1 Y.0392 Z-.3686 C5840.576 B-9.538 E.04697
G1 Y-.0677 Z-.3688 C5844.829 B-9.542 E.05479
G1 Z-.3691 C5848.481 B-9.549 E.04684
G1 Y.0127 Z-.3694 C5852.129 B-9.556 E.04695
G1 Y.0668 Z-.3697 C5855.775 B-9.562 E.04684
G1 Y-.0336 Z-.37 C5860.036 B-9.568 E.05487
G1 Y.0233 Z-.3703 C5863.681 B-9.574 E.04684
G1 Y-.0744 Z-.3706 C5867.941 B-9.58 E.05485
G1 Y-.0159 Z-.3709 C5871.588 B-9.586 E.04688
G1 Y.0442 Z-.3712 C5875.234 B-9.592 E.04688
G1 Y-.0502 Z-.3713 C5879.495 B-9.594 E.05486
G1 Z-.3718 C5882.533 B-9.605 E.03905
G1 Y.026 Z-.3716 C5885.573 B-9.599 E.03922
G1 Y-.0651 Z-.3718 C5889.833 B-9.605 E.05484
G1 Y.0007 Z-.372 C5893.478 B-9.61 E.04690
G1 X14.6682 Y.0656 Z-.3723 C5897.13 B-9.615 E.04683
G1 Y-.0207 Z-.3725 C5901.385 B-9.62 E.05452
G1 Y.0477 Z-.3728 C5905.032 B-9.625 E.04671
G1 Y-.0374 Z-.373 C5909.292 B-9.63 E.05458
G1 Y.034 Z-.3732 C5912.937 B-9.635 E.04669
G1 Y-.0491 Z-.3734 C5917.198 B-9.64 E.05458
G1 Y.0245 Z-.3736 C5920.844 B-9.644 E.04671
G1 Z-.374 C5924.492 B-9.652 E.04663
G1 Y-.0604 Z-.3744 C5928.144 B-9.662 E.04684
G1 Y.0169 Z-.3747 C5931.789 B-9.667 E.04672
G1 Y-.0597 Z-.3749 C5936.049 B-9.672 E.05455
G1 Y.0197 Z-.3751 C5939.696 B-9.676 E.04676
G1 Y.073 Z-.3753 C5943.342 B-9.681 E.04666
G1 Y-.0279 Z-.3755 C5947.603 B-9.686 E.05467
G1 Y.0281 Z-.3758 C5951.248 B-9.691 E.04666
G1 Y-.07 Z-.376 C5955.508 B-9.696 E.05465
G1 Y-.0124 Z-.3762 C5959.156 B-9.7 E.04671
G1 Z-.3764 C5963.411 B-9.706 E.05438
G1 Z-.3767 C5967.063 B-9.711 E.04668
G1 Y.0679 Z-.3769 C5970.708 B-9.717 E.04676
G1 Y-.01 Z-.3772 C5974.968 B-9.723 E.05458
G1 Y.0677 Z-.3774 C5978.615 B-9.729 E.04679
G1 Y-.0065 Z-.3777 C5982.87 B-9.735 E.05452
G1 Y.0724 Z-.3779 C5986.522 B-9.74 E.04687
G1 Y.0011 Z-.3782 C5990.775 B-9.746 E.05449
G1 X14.6179 Y-.071 Z-.3785 C5995.036 B-9.752 E.05441
G1 Y.0131 Z-.3787 C5998.682 B-9.758 E.04660
G1 Z-.379 C6002.329 B-9.763 E.04642
G1 Y-.0464 Z-.3792 C6005.982 B-9.769 E.04659
G1 Z-.3794 C6009.627 B-9.774 E.04640
G1 Y.0498 Z-.3797 C6013.278 B-9.78 E.04672
G1 Y-.0139 Z-.3799 C6017.534 B-9.786 E.05427
G1 Y-.0758 Z-.3801 C6021.789 B-9.792 E.05425
G1 Y.0154 Z-.3804 C6025.441 B-9.797 E.04671
G1 Y-.0539 Z-.3806 C6029.694 B-9.803 E.05425
G1 Y.0119 Z-.3809 C6033.346 B-9.808 E.04661
G1 Y-.0731 Z-.3811 C6037.601 B-9.814 E.05434
G1 Y-.0035 Z-.3813 C6040.64 B-9.819 E.03886
G1 Z-.3816 C6044.901 B-9.827 E.05429
G1 Z-.3818 C6048.546 B-9.832 E.04644
G1 Y-.0554 Z-.3821 C6052.806 B-9.838 E.05431
G1 Y.018 Z-.3823 C6056.453 B-9.843 E.04659
G1 Y-.06 Z-.3825 C6060.708 B-9.849 E.05433
G1 Y.0147 Z-.3827 C6064.36 B-9.854 E.04667
G1 Y-.0604 Z-.3829 C6068.613 B-9.86 E.05430
G1 Y.0166 Z-.3832 C6072.265 B-9.865 E.04669
G1 Y-.0566 Z-.3834 C6076.52 B-9.871 E.05433
G1 Y.024 Z-.3836 C6080.167 B-9.877 E.04665
G1 Y-.0734 Z-.3839 C6084.427 B-9.883 E.05449
G1 X14.5671 Y-.0216 Z-.3841 C6088.072 B-9.89 E.04637
G1 Y.0613 Z-.3844 C6091.725 B-9.896 E.04652
G1 Y-.0059 Z-.3846 C6095.979 B-9.901 E.05406
G1 Y-.0721 Z-.3848 C6100.236 B-9.907 E.05410
G1 Y.0149 Z-.385 C6103.887 B-9.912 E.04651
G1 Y-.0479 Z-.3852 C6108.14 B-9.918 E.05404
G1 Y.0412 Z-.3854 C6111.793 B-9.923 E.04655
G1 Y-.019 Z-.3856 C6116.046 B-9.929 E.05403
G1 Y.0738 Z-.3859 C6119.695 B-9.934 E.04652
G1 Y-.0681 Z-.3863 C6124.561 B-9.948 E.06214
G1 Y-.0002 Z-.3866 C6128.207 B-9.954 E.04638
G1 Y.0671 Z-.3868 C6131.86 B-9.96 E.04647
G1 Y-.0146 Z-.387 C6136.113 B-9.966 E.05412
G1 Y.0558 Z-.3873 C6139.764 B-9.972 E.04647
G1 Y-.0244 Z-.3875 C6144.021 B-9.978 E.05417
G1 Y.0495 Z-.3877 C6147.667 B-9.984 E.04643
G1 Y-.0293 Z-.3879 C6151.928 B-9.99 E.05422
G1 Y.0472 Z-.3881 C6155.573 B-9.996 E.04643
G1 Y-.029 Z-.3882 C6159.833 B-9.998 E.05420
G1 Z-.3884 C6163.48 B-10.003 E.04636
G1 Y.0726 Z-.3887 C6166.518 B-10.012 E.03893
G1 Y-.0003 Z-.3889 C6170.779 B-10.018 E.05422
G1 Y-.0698 Z-.3891 C6175.032 B-10.025 E.05411
G1 X14.5154 Y.0124 Z-.3894 C6178.683 B-10.031 E.04640
G1 Y-.0556 Z-.3896 C6182.94 B-10.037 E.05391
G1 Y.0302 Z-.3898 C6186.586 B-10.043 E.04628
G1 Y-.0363 Z-.39 C6190.847 B-10.049 E.05396
G1 Y.0523 Z-.3902 C6194.492 B-10.055 E.04628
G1 Y-.0114 Z-.3904 C6198.752 B-10.061 E.05394
G1 Z-.3905 C6202.399 B-10.062 E.04614
G1 Z-.3906 C6206.045 B-10.067 E.04609
G1 Z-.3909 C6209.698 B-10.077 E.04621
G1 Y-.0615 Z-.3911 C6213.951 B-10.082 E.05382
G1 Y.005 Z-.3914 C6217.602 B-10.089 E.04628
G1 Y.0732 Z-.3915 C6221.251 B-10.094 E.04626
G1 Y-.0083 Z-.3917 C6225.505 B-10.1 E.05394
G1 Y.0614 Z-.3919 C6229.158 B-10.106 E.04632
G1 Y-.0174 Z-.3921 C6233.411 B-10.112 E.05392
G1 Y.0552 Z-.3923 C6237.061 B-10.118 E.04630
G1 Y.0026 Z-.3924 C6240.711 B-10.122 E.04624
G1 Z-.3926 C6244.964 B-10.125 E.05382
G1 Z-.3929 C6249.225 B-10.135 E.05392
G1 Z-.3931 C6252.87 B-10.141 E.04616
G1 Z-.3933 C6257.13 B-10.148 E.05391
G1 Z-.3934 C6260.777 B-10.154 E.04621
G1 Z-.3937 C6265.032 B-10.16 E.05384
G1 X14.4654 Y.0616 Z-.3938 C6268.684 B-10.166 E.04616
G1 Y-.0054 Z-.394 C6272.937 B-10.172 E.05367
G1 Y-.0733 Z-.3942 C6277.198 B-10.178 E.05378
G1 Y.0133 C6280.844 B-10.18 E.04613
G1 Y.0739 Z-.3946 C6283.883 B-10.192 E.03840
G1 Y-.0303 Z-.3944 C6287.536 B-10.183 E.04631
G1 Y.0598 Z-.3945 C6291.181 B-10.188 E.04613
G1 Y-.0013 Z-.3947 C6295.44 B-10.193 E.05373
G1 Y-.0605 Z-.3948 C6299.696 B-10.198 E.05369
G1 Y.0058 Z-.395 C6303.342 B-10.202 E.04605
G1 Y.0712 Z-.3951 C6306.995 B-10.207 E.04613
G1 Y-.0114 Z-.3952 C6311.248 B-10.212 E.05373
G1 Y.0569 Z-.3954 C6314.899 B-10.217 E.04612
G1 Y-.0242 Z-.3955 C6319.156 B-10.222 E.05378
G1 Z-.3957 C6323.411 B-10.228 E.05361
G1 Z-.3958 C6326.455 B-10.232 E.03843
G1 Z-.396 C6330.708 B-10.238 E.05359
G1 Y.0488 Z-.3962 C6334.359 B-10.245 E.04615
G1 Y-.0117 Z-.3963 C6338.615 B-10.25 E.05371
G1 Y-.0706 Z-.3965 C6342.87 B-10.257 E.05370
G1 Y.0216 Z-.3967 C6346.522 B-10.262 E.04626
G1 Y-.0342 Z-.3969 C6350.775 B-10.268 E.05367
G1 Y.0603 Z-.397 C6354.427 B-10.275 E.04628
G1 Y.0065 Z-.3972 C6358.682 B-10.28 E.05370
G1 Z-.3974 C6362.329 B-10.286 E.04599
G1 C6365.374 B-10.289 E.03843
G1 Z-.3976 C6369.019 B-10.294 E.04597
G1 Y-.0439 Z-.3978 C6373.278 B-10.3 E.05376
G1 X14.4136 Y.0587 Z-.3979 C6376.927 B-10.306 E.04615
G1 Z-.3981 C6381.18 B-10.312 E.05343
G1 Y-.0338 Z-.3982 C6385.441 B-10.317 E.05368
G1 Y.064 Z-.3983 C6389.086 B-10.323 E.04601
G1 Y-.0076 Z-.3985 C6393.346 B-10.329 E.05359
G1 Y.0733 Z-.3986 C6396.994 B-10.334 E.04596
G1 Y-.0326 Z-.3988 C6400.64 B-10.339 E.04607
G1 Z-.3989 C6404.293 B-10.346 E.04586
G1 Y.0655 Z-.3991 C6407.938 B-10.352 E.04602
G1 Y-.0007 Z-.3992 C6412.197 B-10.357 E.05356
G1 Y-.065 Z-.3994 C6416.453 B-10.363 E.05352
G1 Y.023 Z-.3995 C6420.099 B-10.368 E.04598
G1 Y-.04 Z-.3996 C6424.36 B-10.374 E.05358
G1 Y.0508 Z-.3998 C6428.005 B-10.379 E.04599
G1 Y-.0095 Z-.3999 C6432.265 B-10.385 E.05357
G1 Y-.0673 Z-.4 C6436.52 B-10.39 E.05350
G1 Y.0265 Z-.4002 C6440.167 B-10.396 E.04604
G1 Z-.4003 C6443.82 B-10.402 E.04588
G1 Z-.4005 C6447.465 B-10.409 E.04579
G1 Y-.0379 Z-.4006 C6451.725 B-10.414 E.05360
G1 Y.0606 Z-.4007 C6455.372 B-10.42 E.04608
G1 Y.0102 Z-.4009 C6459.627 B-10.425 E.05351
G1 Y-.0401 Z-.401 C6463.887 B-10.431 E.05357
G1 Y.0629 Z-.4011 C6467.532 B-10.436 E.04610
G1 X14.3634 Z-.4013 C6471.793 B-10.442 E.05340
G1 Y-.0296 Z-.4014 C6476.046 B-10.447 E.05339
G1 Z-.4017 C6480.914 B-10.458 E.06092
G1 C6485.776 B-10.463 E.06083
G1 Z-.4019 C6490.034 B-10.47 E.05330
G1 Z-.402 C6493.683 B-10.475 E.04569
G1 Z-.4021 C6497.937 B-10.48 E.05322
G1 Y.0294 Z-.4022 C6501.59 B-10.486 E.04579
G1 Y-.0337 Z-.4023 C6505.843 B-10.491 E.05329
G1 Y.053 Z-.4025 C6509.494 B-10.496 E.04588
G1 Y-.0086 Z-.4026 C6513.75 B-10.501 E.05333
G1 Y-.0684 Z-.4027 C6518.005 B-10.507 E.05331
G1 Z-.4029 C6521.05 B-10.518 E.03813
G1 Y.0581 Z-.4031 C6524.087 B-10.526 E.03854
G1 Y.0008 Z-.4032 C6528.344 B-10.532 E.05334
G1 Y-.0558 Z-.4033 C6532.602 B-10.538 E.05336
G1 Y.04 Z-.4034 C6536.248 B-10.544 E.04589
G1 Y-.0148 Z-.4036 C6540.509 B-10.55 E.05340
G1 Y-.0662 Z-.4037 C6544.762 B-10.556 E.05330
G1 Y.032 Z-.4038 C6548.413 B-10.562 E.04598
G1 Z-.4039 C6552.669 B-10.568 E.05334
G1 Y-.0656 Z-.404 C6556.924 B-10.574 E.05350
G1 X14.3131 Y.0361 Z-.4041 C6560.576 B-10.577 E.04587
G1 Y-.0336 C6564.221 B-10.579 E.04556
G1 Y.0284 Z-.4043 C6567.263 B-10.587 E.03804
G1 Y-.032 Z-.4044 C6571.521 B-10.595 E.05315
G1 Y.0478 Z-.4045 C6575.167 B-10.601 E.04562
G1 Y-.0226 Z-.4046 C6579.428 B-10.607 E.05322
G1 Y.0597 Z-.4047 C6583.073 B-10.613 E.04562
G1 Y-.0074 Z-.4048 C6587.332 B-10.619 E.05319
G1 Y-.0729 Z-.4049 C6591.588 B-10.625 E.05315
G1 Y.013 Z-.405 C6595.234 B-10.631 E.04565
G1 Y-.051 C6599.495 E.05321
G1 Y.0388 Z-.4051 C6603.14 B-10.636 E.04566
G1 Y-.0359 Z-.4053 C6606.791 B-10.647 E.04567
G1 Y.0543 Z-.4054 C6610.44 B-10.653 E.04572
G1 Y-.003 Z-.4055 C6614.694 B-10.659 E.05312
G1 Y-.0608 Z-.4056 C6618.955 B-10.665 E.05321
G1 Y.034 Z-.4057 C6622.6 B-10.671 E.04571
G1 Y-.0212 Z-.4058 C6626.86 B-10.677 E.05320
G1 Y-.0737 Z-.4059 C6631.114 B-10.683 E.05312
G1 Y.0242 Z-.406 C6634.762 B-10.689 E.04577
G1 Y-.0271 Z-.4061 C6639.022 B-10.695 E.05320
G1 C6642.667 B-10.7 E.04550
G1 Z-.4062 C6646.928 B-10.702 E.05320
G1 X14.2628 Z-.4063 C6651.181 B-10.713 E.05288
G1 Y.0724 Z-.4064 C6654.83 B-10.719 E.04559
G1 Z-.4065 C6659.089 B-10.724 E.05294
G1 Y-.0411 Z-.4066 C6663.342 B-10.73 E.05312
G1 Y.0371 Z-.4067 C6666.995 B-10.736 E.04554
G1 Y-.0304 C6671.248 B-10.742 E.05293
G1 Y.0509 Z-.4068 C6674.899 B-10.748 E.04553
G1 Y-.0151 C6679.156 B-10.746 E.05297
G1 Z-.4067 C6683.411 B-10.741 E.05285
G1 Z-.4068 C6688.278 B-10.748 E.06047
G1 Y.0528 Z-.4069 C6691.923 B-10.754 E.04540
G1 Z-.407 C6696.185 B-10.76 E.05299
G1 Y-.0387 Z-.4071 C6700.438 B-10.766 E.05302
G1 Y.0659 C6704.088 B-10.772 E.04564
G1 Z-.4072 C6708.345 B-10.778 E.05293
G1 Y-.0173 Z-.4073 C6712.6 B-10.784 E.05302
G1 C6716.86 B-10.79 E.05296
G1 Y.053 Z-.4074 C6720.505 B-10.795 E.04543
G1 Y-.0706 Z-.4075 C6725.374 B-10.802 E.06081
G1 Y.0438 Z-.4076 C6728.412 B-10.807 E.03820
G1 Z-.4077 C6732.668 B-10.814 E.05292
G1 Y-.0238 C6736.927 B-10.82 E.05304
G1 Z-.4078 C6741.18 B-10.826 E.05288
G1 Y.063 C6744.833 B-10.832 E.04563
G1 Z-.4079 C6749.086 B-10.838 E.05290
G1 Y-.0298 Z-.408 C6753.346 B-10.844 E.05316
G1 X14.2117 Y.0639 C6756.994 B-10.85 E.04546
G1 Y-.0649 Z-.4081 C6760.64 B-10.853 E.04557
G1 Y0. C6763.685 B-10.856 E.03782
G1 Y-.0512 C6767.938 B-10.862 E.05269
G1 Y.0465 Z-.4082 C6771.587 B-10.868 E.04542
G1 Z-.4083 C6775.846 B-10.873 E.05276
G1 Y-.0507 C6780.099 B-10.879 E.05286
G1 Y.0498 Z-.4084 C6783.752 B-10.884 E.04549
G1 C6788.005 B-10.89 E.05268
G1 Y-.0399 Z-.4085 C6792.265 B-10.895 E.05291
G1 Y.0657 C6795.913 B-10.901 E.04546
G1 Z-.4086 C6800.167 B-10.906 E.05269
G1 Y-.0383 C6803.82 B-10.912 E.04552
G1 Y.0453 C6806.857 B-10.919 E.03783
G1 Z-.4087 C6811.116 B-10.924 E.05276
G1 Y-.0304 C6815.372 B-10.93 E.05282
G1 Z-.4088 C6819.627 B-10.935 E.05271
G1 Y.0473 C6823.279 B-10.941 E.04539
G1 Z-.4089 C6827.532 B-10.946 E.05268
G1 Y-.0171 C6831.793 B-10.951 E.05286
G1 C6836.046 B-10.957 E.05269
G1 Z-.409 C6840.914 B-10.967 E.06028
G1 Y.0652 C6845.169 B-10.972 E.05286
G1 Y-.0305 Z-.4091 C6849.425 B-10.978 E.05294
G1 X14.1617 Y.064 C6853.076 B-10.984 E.04534
G1 Y.0134 Z-.4092 C6857.329 B-10.989 E.05250
G1 Y-.038 C6861.59 B-10.995 E.05261
G1 Y.0617 C6865.235 B-11. E.04522
G1 Z-.4093 C6869.494 B-11.005 E.05257
G1 Y-.0328 C6873.75 B-11.01 E.05269
G1 Y.0704 C6877.397 B-11.015 E.04527
G1 C6881.657 B-11.022 E.05259
G1 Y-.0213 Z-.4094 C6885.91 B-11.03 E.05265
G1 C6890.171 B-11.036 E.05260
G1 Y.0426 C6893.817 B-11.042 E.04509
G1 Z-.4095 C6898.074 B-11.047 E.05254
G1 Y-.0341 Z-.4094 C6902.332 B-11.052 E.05266
G1 Z-.4095 C6906.586 B-11.057 E.05250
G1 Y.0422 C6910.239 B-11.063 E.04523
G1 C6914.492 B-11.068 E.05249
G1 Y-.0232 C6918.752 B-11.073 E.05266
G1 C6922.399 B-11.079 E.04501
G1 Z-.4096 C6925.437 B-11.091 E.03752
G1 C6929.09 B-11.099 E.04510
G1 Y.0567 C6932.736 B-11.105 E.04519
G1 Y.0019 C6936.993 B-11.111 E.05262
G1 Y-.0519 C6941.251 B-11.117 E.05263
G1 X14.11 Y.0441 Z-.4097 C6944.896 B-11.123 E.04511
G1 Y-.0078 C6949.158 B-11.128 E.05243
G1 C6953.411 B-11.134 E.05231
G1 C6957.061 B-11.14 E.04491
G1 Y-.0581 C6960.711 B-11.143 E.04492
G1 C6964.356 B-11.142 E.04479
G1 Y.0368 C6968.009 B-11.148 E.04513
G1 C6972.262 B-11.153 E.05230
G1 Y-.0495 C6976.521 B-11.158 E.05251
G1 Y.0562 C6980.17 B-11.163 E.04515
G1 C6984.424 B-11.168 E.05231
G1 Y-.0231 C6988.684 B-11.173 E.05250
G1 C6992.937 B-11.178 E.05229
G1 Y.0504 C6996.589 B-11.182 E.04503
G1 C7000.844 B-11.187 E.05232
G1 C7005.101 B-11.197 E.05238
G1 Y-.0445 C7008.752 B-11.204 E.04513
G1 Y.0729 C7012.397 B-11.21 E.04519
G1 C7016.658 B-11.214 E.05240
G1 Y-.0037 Z-.4096 C7020.911 B-11.219 E.05242
G1 Y-.0594 Z-.4097 C7025.17 B-11.224 E.05243
G1 Y.0335 Z-.4096 C7028.819 B-11.228 E.04511
G1 Y-.0184 C7033.072 B-11.233 E.05236
G1 Y-.0707 C7037.333 B-11.238 E.05246
G1 C7043.411 B-11.246 E.07473
G1 Y.0698 C7045.238 B-11.249 E.02364
G1 C7049.493 B-11.255 E.05236
G1 X14.0582 Y.0059 C7053.749 B-11.261 E.05226
G1 Z-.4095 C7058.008 B-11.267 E.05216
G1 Y-.0529 C7062.261 B-11.273 E.05214
G1 Y.0651 C7065.914 B-11.279 E.04510
G1 C7070.167 B-11.285 E.05208
G1 Y.014 C7074.427 B-11.291 E.05221
G1 Z-.4094 C7078.682 B-11.297 E.05210
G1 Y-.0662 C7082.329 B-11.302 E.04483
G1 Y.012 C7085.982 B-11.307 E.04489
G1 C7090.234 B-11.314 E.05207
G1 C7094.495 B-11.32 E.05221
G1 Y-.0435 Z-.4093 C7098.749 B-11.326 E.05216
G1 C7103.007 B-11.332 E.05215
G1 Y.0723 Z-.4092 C7106.656 B-11.338 E.04506
G1 C7110.91 B-11.344 E.05211
G1 Y.0041 C7115.171 B-11.35 E.05230
G1 C7119.424 B-11.355 E.05213
G1 Z-.4091 C7123.076 B-11.36 E.04477
G1 C7127.331 B-11.366 E.05214
G1 Y-.0568 C7131.587 B-11.373 E.05223
G1 Y.0545 Z-.409 C7135.238 B-11.379 E.04509
G1 C7139.491 B-11.385 E.05214
G1 Y-.0105 Z-.4089 C7143.752 B-11.391 E.05232
G1 X14.0074 C7148.005 B-11.397 E.05196
G1 Y-.07 Z-.4088 C7152.265 B-11.403 E.05204
G1 Y.0486 C7155.913 B-11.409 E.04489
G1 C7160.167 B-11.413 E.05190
G1 Z-.4087 C7163.212 B-11.419 E.03714
G1 C7166.25 B-11.42 E.03707
G1 C7170.506 B-11.425 E.05191
G1 Z-.4086 C7174.765 B-11.431 E.05196
G1 C7179.018 B-11.436 E.05192
G1 Y-.0148 Z-.4085 C7183.279 B-11.442 E.05207
G1 C7187.532 B-11.447 E.05189
G1 Z-.4084 C7191.793 B-11.453 E.05201
G1 C7196.046 B-11.458 E.05194
G1 Z-.4083 C7200.914 B-11.47 E.05939
G1 Z-.4082 C7205.169 B-11.475 E.05192
G1 Z-.4081 C7208.816 B-11.484 E.04452
G1 C7213.076 B-11.49 E.05199
G1 Y-.0681 Z-.408 C7217.329 B-11.496 E.05197
G1 Y.0412 Z-.4079 C7220.982 B-11.502 E.04493
G1 C7225.235 B-11.507 E.05194
G1 Y-.0251 Z-.4078 C7229.494 B-11.514 E.05210
G1 Z-.4077 C7233.75 B-11.519 E.05198
G1 Y.0598 C7237.397 B-11.525 E.04475
G1 Y-.0082 Z-.4076 C7241.657 B-11.528 E.05213
G1 X13.9562 C7245.302 B-11.533 E.04442
G1 Z-.4075 C7249.562 B-11.542 E.05178
G1 Z-.4074 C7253.817 B-11.548 E.05176
G1 Y.0659 Z-.4073 C7257.465 B-11.554 E.04449
G1 Z-.4072 C7261.725 B-11.56 E.05178
G1 C7265.977 B-11.566 E.05172
G1 Y.0018 Z-.4071 C7270.239 B-11.572 E.05190
G1 Z-.407 C7274.492 B-11.578 E.05170
G1 C7278.752 B-11.584 E.05181
G1 Y-.0636 Z-.4069 C7282.399 B-11.586 E.04445
G1 C7286.654 B-11.591 E.05172
G1 Y.0561 Z-.4067 C7290.306 B-11.6 E.04480
G1 Z-.4066 C7294.559 B-11.606 E.05174
G1 Y-.0245 C7298.82 B-11.612 E.05196
G1 Z-.4065 C7303.073 B-11.618 E.05174
G1 Y.0463 Z-.4064 C7306.722 B-11.624 E.04452
G1 Z-.4063 C7310.981 B-11.63 E.05182
G1 Y-.0233 Z-.4062 C7315.234 B-11.636 E.05184
G1 Z-.4061 C7319.495 B-11.641 E.05185
G1 Z-.406 C7323.748 B-11.646 E.05175
G1 Y.0616 C7327.4 B-11.652 E.04464
G1 Z-.4058 C7331.655 B-11.659 E.05178
G1 Y.0054 C7335.912 B-11.665 E.05187
G1 X13.9044 Z-.4056 C7340.17 B-11.671 E.05163
G1 Y-.0458 Z-.4055 C7344.424 B-11.677 E.05157
G1 Z-.4054 C7348.684 B-11.683 E.05159
G1 Y.0528 Z-.4053 C7352.329 B-11.689 E.04441
G1 C7356.589 B-11.695 E.05159
G1 C7360.844 B-11.694 E.05156
G1 Z-.4052 C7364.492 B-11.698 E.04417
G1 Y-.0118 Z-.405 C7368.144 B-11.711 E.04434
G1 Z-.4049 C7372.397 B-11.717 E.05150
G1 Z-.4048 C7376.658 B-11.723 E.05162
G1 Y-.0715 Z-.4046 C7380.911 B-11.728 E.05159
G1 Y.0325 C7384.56 B-11.734 E.04450
G1 Z-.4044 C7388.819 B-11.74 E.05162
G1 Y-.0439 Z-.4043 C7393.072 B-11.746 E.05165
G1 Y.0634 Z-.4042 C7396.725 B-11.752 E.04458
G1 Y-.0406 Z-.4044 C7403.411 B-11.742 E.08113
G1 Z-.4043 C7407.063 B-11.748 E.04430
G1 Z-.4042 C7411.316 B-11.754 E.05154
G1 Z-.4041 C7415.576 B-11.76 E.05161
G1 Z-.4039 C7419.83 B-11.766 E.05153
G1 Z-.4038 C7424.088 B-11.772 E.05159
G1 Z-.4037 C7428.345 B-11.778 E.05159
G1 Y.0689 Z-.4036 C7431.991 B-11.784 E.04453
G1 Z-.4035 C7436.252 B-11.79 E.05164
G1 Z-.4033 C7440.505 B-11.796 E.05155
G1 C7444.157 B-11.801 E.04430
G1 Y-.036 Z-.4032 C7447.804 B-11.804 E.04453
G1 X13.8522 Z-.4031 C7452.059 B-11.81 E.05139
G1 Z-.4029 C7456.319 B-11.815 E.05138
G1 Z-.4028 C7460.572 B-11.821 E.05130
G1 Z-.4027 C7464.833 B-11.827 E.05140
G1 Z-.4026 C7469.086 B-11.833 E.05130
G1 Z-.4024 C7473.346 B-11.838 E.05142
G1 Y.0481 Z-.4023 C7476.994 B-11.843 E.04421
G1 Y-.0288 Z-.4022 C7481.248 B-11.849 E.05146
G1 Z-.4021 C7484.901 B-11.855 E.04408
G1 Y.0676 Z-.4019 C7488.546 B-11.861 E.04424
G1 Z-.4018 C7492.806 B-11.867 E.05140
G1 Z-.4017 C7497.06 B-11.872 E.05136
G1 Y.0125 Z-.4016 C7501.317 B-11.878 E.05144
G1 Z-.4014 C7505.575 B-11.883 E.05138
G1 Z-.4013 C7509.829 B-11.889 E.05135
G1 Z-.4012 C7514.09 B-11.894 E.05146
G1 Y-.0416 Z-.401 C7518.343 B-11.899 E.05140
G1 Z-.4009 C7521.995 B-11.905 E.04410
G1 Z-.4007 C7526.25 B-11.913 E.05136
G1 Z-.4006 C7530.506 B-11.918 E.05138
G1 Z-.4004 C7534.765 B-11.924 E.05143
G1 Z-.4003 C7539.018 B-11.929 E.05136
G1 Z-.4002 C7543.279 B-11.935 E.05147
G1 Y.0699 Z-.4 C7546.924 B-11.94 E.04438
G1 X13.8011 Z-.3999 C7551.184 B-11.945 E.05126
G1 Z-.3997 C7555.439 B-11.951 E.05113
G1 Y-.0719 Z-.3996 C7560.305 B-11.956 E.05890
G1 Z-.3993 C7563.346 B-11.968 E.03656
G1 Y-.0128 C7566.383 E.03662
G1 Z-.3992 C7570.643 B-11.973 E.05121
G1 Z-.399 C7574.898 B-11.979 E.05119
G1 Y.0627 Z-.3989 C7578.546 B-11.984 E.04401
G1 Z-.3987 C7582.806 B-11.989 E.05121
G1 Z-.3986 C7587.059 B-11.994 E.05115
G1 Y.0062 Z-.3984 C7591.32 B-12. E.05129
G1 Z-.3983 C7595.573 B-12.005 E.05113
G1 Z-.3982 C7599.833 B-12.01 E.05123
G1 Z-.398 C7603.48 B-12.016 E.04392
G1 Y-.0611 Z-.3978 C7607.126 B-12.024 E.04397
G1 Y.0703 Z-.3976 C7610.779 B-12.029 E.04441
G1 Z-.3975 C7615.032 B-12.034 E.05114
G1 Z-.3973 C7619.292 B-12.04 E.05123
G1 Z-.3971 C7623.547 B-12.045 E.05118
G1 Z-.397 C7627.803 B-12.05 E.05120
G1 Z-.3968 C7632.062 B-12.055 E.05125
G1 Z-.3967 C7636.315 B-12.06 E.05119
G1 Z-.3966 C7640.576 B-12.065 E.05129
G1 Y-.0541 Z-.3963 C7644.829 B-12.073 E.05154
G1 X13.7504 Y.0346 Z-.3961 C7647.872 B-12.08 E.03679
G1 Z-.396 C7652.129 B-12.085 E.05098
G1 Z-.3958 C7656.384 B-12.09 E.05099
G1 Y-.0343 Z-.3956 C7660.644 B-12.095 E.05112
G1 Z-.3955 C7664.896 B-12.1 E.05092
G1 Y.0656 Z-.3953 C7668.549 B-12.105 E.04402
G1 Z-.3952 C7672.803 B-12.11 E.05095
G1 Z-.3951 C7677.061 B-12.115 E.05102
G1 Y-.0177 Z-.3948 C7681.318 B-12.121 E.05114
G1 Y.0542 Z-.3946 C7684.964 B-12.13 E.04381
G1 Z-.3943 C7689.225 B-12.136 E.05107
G1 Y.0002 Z-.3942 C7693.478 B-12.141 E.05101
G1 Z-.394 C7697.739 B-12.147 E.05104
G1 Z-.3938 C7701.992 B-12.151 E.05095
G1 Z-.3937 C7706.251 B-12.156 E.05104
G1 Z-.3935 C7710.507 B-12.161 E.05102
G1 Z-.3934 C7714.762 B-12.166 E.05102
G1 Y-.0501 Z-.3932 C7719.022 B-12.171 E.05110
G1 Y.0041 Z-.3927 C7722.059 B-12.186 E.03652
G1 Y-.0461 Z-.3924 C7725.71 B-12.195 E.04384
G1 Z-.3922 C7729.967 B-12.201 E.05102
G1 Z-.392 C7734.221 B-12.208 E.05099
G1 X13.7 Z-.3918 C7738.481 B-12.213 E.05088
G1 Z-.3916 C7742.734 B-12.219 E.05075
G1 Y.0497 Z-.3914 C7746.387 B-12.225 E.04384
G1 Z-.3911 C7750.641 B-12.23 E.05076
G1 Y-.0063 Z-.391 C7754.943 B-12.236 E.05140
G1 Z-.3908 C7759.182 B-12.24 E.05058
G1 Z-.3912 C7763.411 B-12.23 E.05048
G1 Y.0562 Z-.3904 C7766.455 B-12.251 E.03645
G1 Y-.0433 Z-.3909 C7768.885 B-12.237 E.02941
G1 Z-.3907 C7773.14 B-12.243 E.05076
G1 Z-.3905 C7777.4 B-12.249 E.05082
G1 Z-.3903 C7781.653 B-12.255 E.05074
G1 Z-.3901 C7785.914 B-12.26 E.05084
G1 Z-.3899 C7790.167 B-12.266 E.05075
G1 Z-.3897 C7794.427 B-12.272 E.05083
G1 Z-.3894 C7798.682 B-12.277 E.05078
G1 Z-.3892 C7802.939 B-12.283 E.05082
G1 Z-.389 C7807.197 B-12.289 E.05085
G1 Z-.3888 C7811.451 B-12.295 E.05083
G1 Y.0164 Z-.3885 C7815.712 B-12.301 E.05094
G1 Z-.3883 C7819.964 B-12.307 E.05076
G1 Z-.3881 C7824.225 B-12.313 E.05089
G1 Z-.3879 C7828.479 B-12.318 E.05083
G1 Z-.3877 C7832.737 B-12.324 E.05086
G1 Z-.3875 C7836.994 B-12.329 E.05084
G1 Y-.0571 Z-.3873 C7841.248 B-12.334 E.05093
G1 Y.0449 Z-.387 C7844.293 B-12.34 E.03676
G1 X13.6499 Y-.0445 Z-.3868 C7848.546 B-12.346 E.05081
G1 Z-.3866 C7852.806 B-12.351 E.05063
G1 Z-.3864 C7857.06 B-12.357 E.05056
G1 Z-.3862 C7861.317 B-12.362 E.05060
G1 Z-.3859 C7865.575 B-12.368 E.05061
G1 Z-.3857 C7869.829 B-12.373 E.05057
G1 Z-.3855 C7874.09 B-12.378 E.05065
G1 Z-.3853 C7878.343 B-12.384 E.05055
G1 Y.0472 Z-.3851 C7881.386 B-12.389 E.03647
G1 Y-.0272 Z-.3847 C7885.642 B-12.396 E.05073
G1 Z-.3845 C7889.897 B-12.402 E.05059
G1 Z-.3843 C7894.157 B-12.407 E.05065
G1 Z-.3841 C7898.41 B-12.413 E.05058
G1 Z-.3838 C7902.671 B-12.418 E.05070
G1 Y.0233 Z-.3836 C7906.924 B-12.423 E.05063
G1 Z-.3834 C7911.184 B-12.429 E.05066
G1 Z-.3831 C7915.439 B-12.434 E.05062
G1 Y-.0451 Z-.3828 C7920.914 B-12.443 E.06519
G1 Y.0118 Z-.3824 C7925.776 B-12.451 E.05789
G1 Z-.3822 C7930.034 B-12.456 E.05065
G1 Z-.382 C7934.291 B-12.461 E.05065
G1 Z-.3818 C7938.546 B-12.466 E.05064
G1 Z-.3815 C7942.806 B-12.472 E.05071
G1 Z-.3813 C7947.059 B-12.477 E.05063
G1 X13.5982 Z-.3811 C7951.32 B-12.482 E.05055
G1 Z-.3808 C7955.573 B-12.487 E.05039
G1 Z-.3806 C7959.833 B-12.492 E.05047
G1 Z-.38 C7962.873 B-12.505 E.03602
G1 Y-.0386 Z-.3799 C7966.518 B-12.508 E.04323
G1 Z-.3795 C7970.779 B-12.517 E.05046
G1 Z-.3792 C7975.032 B-12.523 E.05037
G1 Z-.3789 C7979.292 B-12.529 E.05045
G1 Z-.3786 C7983.547 B-12.535 E.05041
G1 Z-.3784 C7987.803 B-12.541 E.05043
G1 Z-.3781 C7992.062 B-12.547 E.05049
G1 Y.0197 Z-.3778 C7996.315 B-12.553 E.05046
G1 Z-.3775 C8000.576 B-12.559 E.05048
G1 Z-.3774 C8004.221 B-12.561 E.04320
G1 Z-.3775 C8007.263 B-12.56 E.03612
G1 Z-.3772 C8011.521 B-12.565 E.05048
G1 Z-.377 C8015.775 B-12.571 E.05042
G1 Z-.3767 C8020.036 B-12.576 E.05050
G1 Z-.3765 C8024.288 B-12.58 E.05039
G1 Z-.3763 C8028.549 B-12.585 E.05049
G1 Z-.376 C8032.803 B-12.59 E.05041
G1 Z-.3758 C8037.061 B-12.595 E.05046
G1 Y-.0459 Z-.3755 C8041.318 B-12.601 E.05056
G1 Z-.3751 C8044.964 B-12.609 E.04324
G1 X13.5473 Y.0418 Z-.3748 C8048.617 B-12.616 E.04339
G1 Z-.3745 C8052.87 B-12.621 E.05017
G1 Z-.3743 C8057.13 B-12.626 E.05025
G1 Z-.374 C8061.385 B-12.631 E.05020
G1 Z-.3738 C8065.641 B-12.636 E.05021
G1 Z-.3735 C8069.9 B-12.641 E.05026
G1 Y-.0653 Z-.3733 C8074.762 B-12.645 E.05760
G1 Z-.373 C8079.022 B-12.65 E.05026
G1 Z-.3727 C8083.275 B-12.657 E.05018
G1 Z-.3723 C8087.536 B-12.665 E.05027
G1 Z-.3719 C8091.789 B-12.672 E.05018
G1 Z-.3717 C8096.049 B-12.677 E.05027
G1 Z-.3714 C8100.304 B-12.682 E.05021
G1 Z-.3712 C8104.56 B-12.687 E.05022
G1 Y.0694 Z-.3709 C8108.211 B-12.691 E.04361
G1 Z-.3707 C8112.464 B-12.696 E.05019
G1 Z-.3704 C8116.725 B-12.7 E.05029
G1 Y-.0077 Z-.3701 C8120.978 B-12.706 E.05035
G1 C8123.411 B-12.708 E.02879
G1 Z-.3697 C8128.278 B-12.714 E.05744
G1 Z-.3694 C8132.532 B-12.72 E.05022
G1 Z-.3691 C8136.793 B-12.726 E.05032
G1 Z-.3688 C8141.045 B-12.732 E.05024
G1 Y.0468 Z-.3685 C8145.306 B-12.737 E.05039
G1 Z-.3681 C8149.56 B-12.743 E.05025
G1 X13.4968 Y-.053 Z-.3679 C8154.427 B-12.749 E.05747
G1 Z-.3675 C8158.682 B-12.754 E.05002
G1 Z-.3672 C8162.939 B-12.76 E.05003
G1 Y.0548 Z-.3669 C8166.589 B-12.766 E.04323
G1 Z-.3666 C8170.842 B-12.772 E.04999
G1 Y-.0689 Z-.3663 C8175.712 B-12.777 E.05757
G1 Z-.366 C8179.964 B-12.783 E.05000
G1 Y-.0076 Z-.3657 C8184.225 B-12.789 E.05017
G1 Z-.3653 C8188.479 B-12.794 E.05002
G1 Z-.365 C8192.737 B-12.8 E.05008
G1 Z-.3647 C8196.994 B-12.805 E.05008
G1 Y.0548 Z-.3644 C8200.64 B-12.81 E.04298
G1 Y-.0447 Z-.364 C8204.293 B-12.817 E.04324
G1 Z-.3637 C8207.938 B-12.823 E.04288
G1 Z-.3634 C8212.197 B-12.829 E.05011
G1 Z-.363 C8216.453 B-12.835 E.05011
G1 Y.0185 Z-.3627 C8220.708 B-12.841 E.05014
G1 Z-.3623 C8224.968 B-12.847 E.05010
G1 Z-.362 C8229.221 B-12.853 E.05004
G1 Z-.3617 C8233.482 B-12.859 E.05017
G1 Y-.0544 Z-.3613 C8238.343 B-12.864 E.05729
G1 Y.0161 Z-.3611 C8241.386 B-12.868 E.03600
G1 Z-.361 C8245.035 B-12.87 E.04296
G1 Z-.3606 C8249.288 B-12.876 E.05004
G1 X13.4464 Z-.3603 C8253.549 B-12.881 E.04996
G1 Z-.36 C8257.802 B-12.887 E.04985
G1 Y-.0521 Z-.3597 C8262.671 B-12.892 E.05711
G1 Z-.3593 C8266.924 B-12.897 E.04982
G1 Y.006 Z-.359 C8271.184 B-12.903 E.04996
G1 Z-.3587 C8275.439 B-12.908 E.04985
G1 Y-.0582 Z-.3581 C8280.914 B-12.918 E.06419
G1 Y.0328 Z-.3577 C8285.169 B-12.925 E.05003
G1 Z-.3572 C8289.425 B-12.934 E.04984
G1 Z-.3568 C8293.683 B-12.939 E.04987
G1 Z-.3564 C8297.937 B-12.945 E.04983
G1 Z-.3561 C8302.198 B-12.951 E.04993
G1 Y-.0637 Z-.3557 C8307.059 B-12.957 E.05714
G1 Z-.3553 C8311.32 B-12.963 E.04992
G1 Z-.355 C8315.573 B-12.969 E.04984
G1 Z-.3548 C8319.833 B-12.971 E.04995
G1 Y.0487 Z-.3544 C8324.087 B-12.977 E.05016
G1 Z-.3539 C8327.735 B-12.986 E.04276
G1 Y-.0603 Z-.3535 C8332.602 B-12.991 E.05728
G1 Z-.3532 C8336.856 B-12.997 E.04987
G1 Z-.3528 C8341.117 B-13.003 E.04999
G1 Y.0094 Z-.3524 C8345.37 B-13.009 E.04998
G1 X13.3952 Z-.352 C8349.63 B-13.015 E.04977
G1 Y.0626 Z-.3516 C8353.884 B-13.021 E.04969
G1 Y-.0478 Z-.3512 C8358.752 B-13.027 E.05705
G1 Z-.351 C8363.006 B-13.031 E.04963
G1 Z-.3507 C8367.263 B-13.036 E.04967
G1 Z-.3502 C8371.521 B-13.044 E.04967
G1 Z-.3498 C8375.775 B-13.049 E.04963
G1 Z-.3494 C8380.036 B-13.055 E.04972
G1 Z-.349 C8384.288 B-13.061 E.04963
G1 Z-.3486 C8388.549 B-13.067 E.04975
G1 Y.0032 Z-.3482 C8392.803 B-13.073 E.04969
G1 Z-.3479 C8397.061 B-13.079 E.04968
G1 Y.0642 Z-.3474 C8400.711 B-13.085 E.04270
G1 Z-.3478 C8404.356 B-13.079 E.04260
G1 Z-.3474 C8408.009 B-13.086 E.04263
G1 Y-.0532 Z-.347 C8412.87 B-13.091 E.05702
G1 Z-.3467 C8417.13 B-13.096 E.04972
G1 Z-.3464 C8421.385 B-13.101 E.04969
G1 Y.0056 Z-.3461 C8425.641 B-13.106 E.04976
G1 Z-.3457 C8429.9 B-13.11 E.04972
G1 Z-.3454 C8434.153 B-13.115 E.04970
G1 Y-.0612 Z-.3451 C8439.022 B-13.12 E.05692
G1 Y.0617 Z-.3446 C8442.667 B-13.126 E.04301
G1 Y-.0058 Z-.3441 C8446.928 B-13.134 E.04986
G1 Z-.3436 C8451.181 B-13.141 E.04967
G1 Z-.3433 C8455.44 B-13.146 E.04974
G1 X13.3437 Z-.3429 C8459.696 B-13.151 E.04954
G1 Z-.3426 C8463.951 B-13.155 E.04947
G1 Z-.3423 C8468.211 B-13.16 E.04953
G1 Z-.342 C8472.464 B-13.165 E.04947
G1 Y.0479 Z-.3416 C8476.725 B-13.169 E.04958
G1 Y-.0356 Z-.3412 C8480.978 B-13.175 E.04959
G1 Z-.3411 C8483.411 B-13.177 E.02827
G1 Z-.3407 C8487.671 B-13.182 E.04954
G1 Y.0361 Z-.3403 C8491.923 B-13.188 E.04954
G1 Z-.3399 C8496.185 B-13.194 E.04955
G1 Y-.0403 Z-.3394 C8501.045 B-13.2 E.05660
G1 Z-.339 C8505.306 B-13.206 E.04955
G1 Y.027 Z-.3386 C8509.56 B-13.212 E.04955
G1 Z-.3382 C8513.818 B-13.218 E.04952
G1 Y-.0378 Z-.3377 C8518.682 B-13.224 E.05662
G1 Z-.3374 C8522.939 B-13.229 E.04950
G1 Z-.337 C8526.589 B-13.233 E.04244
G1 Z-.3366 C8530.842 B-13.24 E.04946
G1 Z-.3361 C8535.104 B-13.246 E.04956
G1 Y.0291 Z-.3357 C8539.356 B-13.252 E.04955
G1 Y-.063 Z-.3354 C8544.225 B-13.256 E.05679
G1 Z-.335 C8548.479 B-13.261 E.04952
G1 Y.0038 Z-.3346 C8552.737 B-13.266 E.04963
G1 Z-.3342 C8556.994 B-13.272 E.04953
G1 Z-.3338 C8560.64 B-13.277 E.04244
G1 X13.2926 Y.0651 Z-.3333 C8564.901 B-13.284 E.04948
G1 Y-.0476 Z-.3329 C8569.761 B-13.289 E.05653
G1 Z-.3325 C8574.023 B-13.295 E.04935
G1 Y.0045 Z-.3321 C8578.275 B-13.3 E.04928
G1 Z-.3317 C8582.535 B-13.306 E.04933
G1 Y.0623 Z-.3312 C8586.79 B-13.311 E.04934
G1 Y-.0441 Z-.3309 C8591.656 B-13.316 E.05657
G1 Z-.3304 C8595.913 B-13.322 E.04930
G1 Y.0233 Z-.33 C8600.167 B-13.327 E.04936
G1 Z-.3295 C8604.427 B-13.334 E.04932
G1 Z-.329 C8608.68 B-13.34 E.04924
G1 Y-.0597 Z-.3286 C8613.549 B-13.346 E.05652
G1 Z-.3282 C8617.802 B-13.351 E.04929
G1 Y.0221 Z-.3278 C8622.063 B-13.357 E.04951
G1 Z-.3273 C8626.317 B-13.362 E.04931
G1 Z-.327 C8631.184 B-13.367 E.05641
G1 Z-.3262 C8635.439 B-13.376 E.04928
G1 Z-.3261 C8639.695 B-13.378 E.04935
G1 Z-.3254 C8643.346 B-13.386 E.04233
G1 Z-.3248 C8646.991 B-13.394 E.04228
G1 Z-.3243 C8651.252 B-13.4 E.04937
G1 Z-.3239 C8655.506 B-13.406 E.04929
G1 Z-.3234 C8659.764 B-13.412 E.04937
G1 X13.2414 Y-.0563 Z-.3229 C8664.628 B-13.418 E.05628
G1 Z-.3225 C8668.884 B-13.424 E.04909
G1 Y-.0006 Z-.322 C8673.143 B-13.429 E.04918
G1 Z-.3215 C8677.397 B-13.435 E.04907
G1 Z-.3214 C8681.05 B-13.437 E.04213
G1 Z-.321 C8685.302 B-13.441 E.04903
G1 Z-.3202 C8689.562 B-13.451 E.04914
G1 Y.0613 Z-.3197 C8693.817 B-13.457 E.04916
G1 Y-.039 Z-.3193 C8698.683 B-13.463 E.05633
G1 Z-.3188 C8702.94 B-13.469 E.04913
G1 Y.0396 Z-.3183 C8707.194 B-13.475 E.04922
G1 Y-.0563 Z-.3178 C8712.062 B-13.481 E.05634
G1 Z-.3173 C8716.315 B-13.487 E.04910
G1 Y.0311 Z-.3169 C8720.576 B-13.491 E.04934
G1 Z-.3167 C8724.829 B-13.494 E.04910
G1 Z-.3161 C8728.481 B-13.501 E.04217
G1 Y-.0512 Z-.3155 C8733.344 B-13.508 E.05625
G1 Z-.315 C8737.602 B-13.514 E.04914
G1 Z-.3145 C8741.858 B-13.52 E.04915
G1 Y.012 Z-.3141 C8746.113 B-13.525 E.04920
G1 Z-.3135 C8750.373 B-13.531 E.04918
G1 Z-.313 C8754.626 B-13.537 E.04915
G1 Y-.0487 C8759.495 B-13.538 E.05627
G1 Y.058 Z-.3124 C8763.748 B-13.545 E.04938
G1 X13.1893 Y-.0499 Z-.3117 C8768.009 B-13.554 E.04930
G1 Z-.3111 C8772.262 B-13.559 E.04887
G1 Y.0151 Z-.3106 C8776.521 B-13.565 E.04902
G1 Z-.3101 C8780.777 B-13.571 E.04891
G1 Y-.0505 Z-.3096 C8785.641 B-13.577 E.05596
G1 Z-.3091 C8789.9 B-13.583 E.04895
G1 Y.0263 Z-.3086 C8794.153 B-13.589 E.04900
G1 Z-.308 C8798.414 B-13.595 E.04898
G1 Z-.3081 C8802.667 B-13.594 E.04885
G1 Z-.3078 C8806.319 B-13.598 E.04196
G1 Z-.3076 C8810.574 B-13.6 E.04888
G1 Z-.3072 C8814.83 B-13.605 E.04891
G1 Y-.0463 Z-.3067 C8819.696 B-13.61 E.05601
G1 Z-.3064 C8823.951 B-13.615 E.04889
G1 Z-.3059 C8828.211 B-13.619 E.04898
G1 Y.0149 Z-.3055 C8832.464 B-13.624 E.04896
G1 Z-.3052 C8836.725 B-13.628 E.04897
G1 Y-.0674 Z-.3046 C8840.978 B-13.634 E.04904
G1 Z-.3045 C8843.411 B-13.636 E.02804
G1 Z-.3043 C8845.238 B-13.638 E.02105
G1 Z-.3038 C8849.493 B-13.643 E.04896
G1 Y.0251 Z-.3033 C8853.749 B-13.649 E.04913
G1 Y-.0656 Z-.3027 C8858.615 B-13.655 E.05610
G1 Z-.3023 C8862.87 B-13.661 E.04897
G1 Y.0294 Z-.3017 C8867.13 B-13.666 E.04920
G1 Y-.0557 Z-.3012 C8871.991 B-13.672 E.05603
G1 Y-.0051 Z-.3007 C8876.252 B-13.677 E.04906
G1 X13.1391 Y.0488 Z-.3001 C8880.505 B-13.684 E.04880
G1 Z-.2997 C8884.157 B-13.689 E.04179
G1 Z-.2992 C8887.804 B-13.693 E.04177
G1 Y-.0674 Z-.2988 C8892.668 B-13.699 E.05595
G1 Y-.009 Z-.2983 C8896.927 B-13.704 E.04881
G1 Y.0522 Z-.2977 C8901.18 B-13.711 E.04876
G1 Y-.0011 Z-.2973 C8904.833 B-13.715 E.04188
G1 Y-.0566 Z-.2969 C8908.479 B-13.719 E.04181
G1 Z-.2962 C8912.737 B-13.726 E.04876
G1 Y.016 Z-.2957 C8916.994 B-13.732 E.04885
G1 Z-.2954 C8920.64 B-13.735 E.04174
G1 Y-.0582 Z-.2949 C8924.901 B-13.741 E.04890
G1 Z-.2942 C8929.153 B-13.748 E.04870
G1 Y.0206 Z-.2937 C8933.414 B-13.754 E.04892
G1 Z-.2931 C8937.668 B-13.76 E.04874
G1 Y-.0297 Z-.2926 C8942.535 B-13.765 E.05576
G1 Z-.292 C8946.79 B-13.771 E.04876
G1 Y.0617 Z-.2915 C8951.047 B-13.777 E.04895
G1 Y-.0262 Z-.2909 C8955.913 B-13.783 E.05587
G1 Z-.2905 C8960.167 B-13.788 E.04877
G1 Z-.29 C8964.427 B-13.792 E.04878
G1 Y.0649 Z-.2898 C8968.072 B-13.795 E.04200
G1 Y-.0178 Z-.2893 C8972.941 B-13.8 E.05590
G1 Y.0381 Z-.2885 C8977.194 B-13.808 E.04880
G1 Y-.0411 Z-.2881 C8982.063 B-13.813 E.05590
G1 X13.0883 Y.018 Z-.2877 C8986.317 B-13.817 E.04864
G1 Y-.0577 Z-.2869 C8991.184 B-13.825 E.05560
G1 Y.0442 C8993.009 E.02141
G1 Y-.01 Z-.2865 C8996.654 B-13.829 E.04163
G1 Y-.0669 Z-.2861 C9000.305 B-13.833 E.04171
G1 Z-.285 C9004.561 B-13.844 E.04851
G1 Z-.2844 C9008.816 B-13.851 E.04852
G1 Y-.0027 Z-.2838 C9013.076 B-13.857 E.04866
G1 Z-.2832 C9017.329 B-13.863 E.04852
G1 Y-.0603 Z-.2826 C9022.198 B-13.869 E.05557
G1 Z-.282 C9026.451 B-13.874 E.04853
G1 Y.0232 Z-.2815 C9030.712 B-13.88 E.04875
G1 Y-.0667 Z-.2809 C9035.573 B-13.886 E.05560
G1 Z-.2803 C9039.833 B-13.892 E.04862
G1 Y-.0034 Z-.2799 C9043.48 B-13.895 E.04171
G1 Z-.28 C9047.126 E.04162
G1 Z-.2794 C9051.387 B-13.901 E.04859
G1 Y.062 Z-.279 C9055.64 B-13.905 E.04861
G1 Y-.0208 Z-.2781 C9060.509 B-13.914 E.05567
G1 Y.0345 Z-.2776 C9064.762 B-13.918 E.04859
G1 Y-.0451 Z-.2774 C9069.63 B-13.921 E.05566
G1 Y.0133 Z-.2764 C9073.884 B-13.931 E.04862
G1 Y-.0626 Z-.2758 C9078.752 B-13.936 E.05566
G1 X13.0379 Y.0542 Z-.2747 C9082.399 B-13.947 E.04189
G1 Y-.0499 C9086.654 E.04858
G1 Y.0411 Z-.2737 C9090.306 B-13.957 E.04171
G1 Y-.0588 Z-.2732 C9095.167 B-13.963 E.05541
G1 Z-.2726 C9099.428 B-13.968 E.04841
G1 Y.0134 Z-.272 C9103.681 B-13.974 E.04842
G1 Z-.2714 C9107.941 B-13.98 E.04840
G1 Y-.0427 Z-.2707 C9112.803 B-13.986 E.05527
G1 Z-.2702 C9117.061 B-13.992 E.04839
G1 Z-.2701 C9120.711 E.04150
G1 Y.0166 Z-.2696 C9124.964 B-13.997 E.04838
G1 Z-.2685 C9129.225 B-14.007 E.04844
G1 Z-.2679 C9134.086 B-14.013 E.05524
G1 Z-.2673 C9138.347 B-14.019 E.04839
G1 Y-.0618 Z-.2667 C9143.207 B-14.025 E.05533
G1 Y-.0115 Z-.2661 C9147.468 B-14.031 E.04846
G1 Y.042 Z-.2663 C9151.722 B-14.029 E.04839
G1 Y-.0385 Z-.2664 C9156.589 B-14.028 E.05542
G1 Y.0177 Z-.2647 C9160.844 B-14.044 E.04842
G1 Z-.265 C9164.492 B-14.04 E.04148
G1 Y-.059 Z-.2642 C9168.144 B-14.049 E.04168
G1 Y.0226 Z-.2639 C9171.181 B-14.051 E.03477
G1 Y-.0307 Z-.2634 C9174.83 B-14.056 E.04156
G1 Y.0217 Z-.263 C9179.089 B-14.06 E.04847
G1 Z-.2625 C9183.342 B-14.064 E.04837
G1 Y-.0435 Z-.262 C9188.211 B-14.069 E.05542
G1 Z-.2615 C9192.464 B-14.073 E.04838
G1 X12.9877 Y.0306 Z-.2611 C9196.725 B-14.078 E.04839
G1 Z-.2605 C9200.371 B-14.083 E.04123
G1 Y-.0313 Z-.2603 C9203.411 B-14.085 E.03452
G1 Z-.2595 C9208.885 B-14.092 E.06193
G1 Y.0642 Z-.2589 C9213.14 B-14.098 E.04836
G1 Y-.0099 Z-.2583 C9218.008 B-14.103 E.05518
G1 Y.0526 Z-.2576 C9222.261 B-14.109 E.04820
G1 Y-.0185 Z-.2571 C9227.13 B-14.114 E.05518
G1 Y.0472 Z-.2564 C9231.383 B-14.121 E.04822
G1 Y-.0208 Z-.2558 C9236.252 B-14.126 E.05518
G1 Z-.2554 C9238.682 B-14.129 E.02754
G1 Z-.2548 C9242.329 B-14.135 E.04129
G1 Z-.2545 C9245.982 B-14.138 E.04138
G1 Z-.2539 C9249.627 B-14.143 E.04126
G1 Z-.2535 C9253.278 B-14.147 E.04132
G1 Y.0441 Z-.253 C9256.319 B-14.151 E.03457
G1 Z-.2525 C9259.964 B-14.155 E.04130
G1 Y-.0383 Z-.2521 C9263.616 B-14.16 E.04153
G1 Y.0519 Z-.2516 C9266.656 B-14.164 E.03471
G1 Z-.2511 C9270.302 B-14.168 E.04133
G1 Z-.2505 C9274.563 B-14.173 E.04822
G1 Y-.0295 Z-.25 C9279.424 B-14.179 E.05516
G1 Z-.2493 C9283.076 B-14.185 E.04136
G1 Y.0434 Z-.2486 C9286.116 B-14.191 E.03464
G1 Y-.0348 Z-.2479 C9290.978 B-14.197 E.05517
G1 Y.0206 Z-.2473 C9295.238 B-14.203 E.04831
G1 X12.9371 Y-.0542 Z-.2466 C9300.099 B-14.209 E.05494
G1 Y.0041 Z-.2463 C9304.36 B-14.212 E.04809
G1 Y.0656 Z-.2458 C9308.613 B-14.216 E.04801
G1 Y-.0063 Z-.2449 C9313.482 B-14.223 E.05497
G1 Y.0584 Z-.2443 C9317.735 B-14.229 E.04802
G1 Z-.2434 C9321.995 B-14.237 E.04800
G1 Y-.0614 Z-.2428 C9326.25 B-14.242 E.04831
G1 C9329.288 E.03423
G1 Y.0203 Z-.2424 C9332.333 B-14.246 E.03455
G1 Z-.2419 C9335.979 B-14.25 E.04114
G1 Z-.2414 C9339.018 B-14.254 E.03431
G1 Z-.241 C9342.671 B-14.258 E.04116
G1 Y-.0298 Z-.2405 C9346.317 B-14.262 E.04116
G1 Y.0623 Z-.24 C9349.357 B-14.266 E.03457
G1 Z-.2396 C9353.009 B-14.27 E.04121
G1 Y-.0209 Z-.2391 C9356.654 B-14.274 E.04129
G1 Z-.2378 C9360.914 B-14.285 E.04805
G1 Y.0661 Z-.2372 C9365.776 B-14.29 E.05496
G1 Y-.056 Z-.2363 C9370.643 B-14.298 E.05519
G1 Y-.0034 Z-.2356 C9374.898 B-14.304 E.04804
G1 Y.0504 Z-.2349 C9379.155 B-14.31 E.04807
G1 Y-.0271 Z-.2342 C9384.021 B-14.315 E.05499
G1 Y.0302 Z-.2336 C9388.275 B-14.321 E.04805
G1 Y-.0446 Z-.2329 C9393.143 B-14.327 E.05501
G1 Y.016 Z-.2333 C9397.397 B-14.324 E.04807
G1 Y-.0634 Z-.2325 C9402.265 B-14.33 E.05503
G1 Z-.2316 C9406.518 B-14.337 E.04803
G1 X12.8853 Y.0405 Z-.231 C9410.779 B-14.343 E.04816
G1 Y-.025 Z-.23 C9415.64 B-14.351 E.05464
G1 Y.0579 Z-.2295 C9418.683 B-14.355 E.03439
G1 Z-.229 C9422.332 B-14.36 E.04102
G1 Y-.0364 Z-.2285 C9425.977 B-14.364 E.04117
G1 Y.0499 Z-.228 C9429.022 B-14.368 E.03444
G1 Z-.2275 C9432.669 B-14.372 E.04098
G1 Y-.0413 Z-.227 C9436.315 B-14.376 E.04116
G1 Y.0493 Z-.2263 C9439.36 B-14.382 E.03447
G1 Z-.2258 C9444.221 B-14.386 E.05457
G1 Y-.0178 Z-.225 C9447.872 B-14.393 E.04111
G1 Y.0369 Z-.2239 C9452.129 B-14.401 E.04785
G1 Y-.0465 Z-.2233 C9456.993 B-14.407 E.05475
G1 Z-.2225 C9461.251 B-14.413 E.04786
G1 Y.0559 Z-.2218 C9465.505 B-14.419 E.04802
G1 Y-.0236 Z-.2211 C9470.373 B-14.424 E.05478
G1 Y.0323 Z-.2204 C9474.626 B-14.43 E.04783
G1 Y-.0442 Z-.2197 C9479.495 B-14.436 E.05479
G1 Y.0071 Z-.2198 C9483.14 B-14.435 E.04101
G1 Z-.2193 C9486.791 B-14.439 E.04102
G1 Z-.2189 C9491.048 B-14.442 E.04785
G1 Z-.2184 C9495.912 B-14.446 E.05463
G1 Z-.2172 C9500.17 B-14.456 E.04786
G1 Z-.2167 C9505.032 B-14.46 E.05462
G1 Z-.2166 C9509.292 B-14.461 E.04789
G1 Z-.2161 C9512.937 B-14.465 E.04097
G1 Y-.052 Z-.2156 C9516.589 B-14.469 E.04115
G1 X12.8351 Y.0359 Z-.2152 C9519.629 B-14.472 E.03435
G1 Z-.2142 C9523.883 B-14.48 E.04756
G1 Y-.0473 Z-.2133 C9528.752 B-14.487 E.05457
G1 Y.0404 Z-.2129 C9531.789 B-14.491 E.03422
G1 Z-.2124 C9535.44 B-14.495 E.04085
G1 Y-.046 Z-.2118 C9539.089 B-14.499 E.04101
G1 Y.0043 Z-.2112 C9543.342 B-14.504 E.04760
G1 Z-.2106 C9547.603 B-14.508 E.04769
G1 Z-.2101 C9552.464 B-14.513 E.05435
G1 Z-.2095 C9556.725 B-14.517 E.04764
G1 Z-.2089 C9560.371 B-14.522 E.04076
G1 Z-.2086 C9563.411 B-14.524 E.03403
G1 Z-.2078 C9568.278 B-14.53 E.05441
G1 Z-.2071 C9573.14 B-14.536 E.05438
G1 Y.0551 Z-.2066 C9576.185 B-14.54 E.03415
G1 Z-.206 C9579.83 B-14.544 E.04081
G1 Y-.0263 Z-.2055 C9583.479 B-14.549 E.04101
G1 Y.0647 Z-.2049 C9586.522 B-14.553 E.03435
G1 Z-.2044 C9590.167 B-14.557 E.04081
G1 Y-.011 Z-.2039 C9593.818 B-14.561 E.04101
G1 Z-.2033 C9597.467 B-14.565 E.04086
G1 Y.0468 Z-.2028 C9600.505 B-14.57 E.03413
G1 Y-.0163 Z-.202 C9605.374 B-14.575 E.05454
G1 Z-.2014 C9609.019 B-14.58 E.04085
G1 Z-.2009 C9612.668 B-14.584 E.04084
G1 Z-.2003 C9616.319 B-14.588 E.04088
G1 Y.0645 Z-.1998 C9619.356 B-14.593 E.03426
G1 Z-.1993 C9623.007 B-14.597 E.04090
G1 Y.0055 Z-.1987 C9626.656 B-14.601 E.04096
G1 X12.7836 Z-.1982 C9630.302 B-14.605 E.04070
G1 Z-.1975 C9634.563 B-14.611 E.04745
G1 Z-.1967 C9639.424 B-14.616 E.05414
G1 Z-.196 C9643.685 B-14.622 E.04744
G1 Z-.1952 C9647.938 B-14.627 E.04735
G1 Z-.1944 C9652.806 B-14.634 E.05423
G1 Z-.1937 C9657.06 B-14.639 E.04738
G1 Z-.1931 C9661.926 B-14.644 E.05419
G1 Y.0639 Z-.1925 C9664.968 B-14.648 E.03400
G1 Z-.192 C9668.613 B-14.652 E.04063
G1 Y-.0183 Z-.1915 C9672.265 B-14.656 E.04087
G1 Z-.1909 C9675.913 B-14.66 E.04067
G1 Y.0347 Z-.1904 C9678.95 B-14.664 E.03393
G1 Z-.1895 C9683.82 B-14.67 E.05426
G1 Y-.0417 Z-.1887 C9688.68 B-14.676 E.05425
G1 Y.0517 Z-.1882 C9691.725 B-14.681 E.03424
G1 Z-.1876 C9695.372 B-14.685 E.04066
G1 Y-.0136 Z-.1871 C9699.018 B-14.689 E.04075
G1 Z-.1865 C9702.671 B-14.693 E.04073
G1 Y.0501 Z-.186 C9705.709 B-14.697 E.03401
G1 Z-.1855 C9709.357 B-14.701 E.04067
G1 Y-.007 Z-.1849 C9713.009 B-14.705 E.04080
G1 Z-.1844 C9716.654 B-14.709 E.04065
G1 Y.0645 Z-.1838 C9719.695 B-14.713 E.03410
G1 Y-.04 Z-.1826 C9723.954 B-14.721 E.04775
G1 Z-.1818 C9727.599 B-14.727 E.04071
G1 Z-.1814 C9732.468 B-14.73 E.05426
G1 X12.7336 Z-.1809 C9736.721 B-14.734 E.04729
G1 Z-.1797 C9741.59 B-14.743 E.05399
G1 Y.0178 Z-.1791 C9745.843 B-14.747 E.04724
G1 Y-.0418 Z-.1787 C9750.712 B-14.75 E.05407
G1 Y.0324 Z-.1774 C9754.965 B-14.759 E.04730
G1 Z-.1777 C9757.397 B-14.757 E.02701
G1 Z-.1769 C9761.657 B-14.763 E.04724
G1 Z-.176 C9765.91 B-14.769 E.04716
G1 Z-.1748 C9770.171 B-14.778 E.04728
G1 Z-.1742 C9773.817 B-14.782 E.04044
G1 Z-.1736 C9777.465 B-14.787 E.04052
G1 Y-.0473 Z-.173 C9781.117 B-14.791 E.04070
G1 Y.0497 Z-.1724 C9784.154 B-14.795 E.03404
G1 Z-.1719 C9787.803 B-14.799 E.04051
G1 Y-.0196 Z-.1713 C9791.454 B-14.803 E.04065
G1 Z-.1707 C9795.099 B-14.807 E.04047
G1 Y.0514 Z-.1701 C9798.143 B-14.812 E.03397
G1 Y-.007 Z-.1689 C9802.399 B-14.82 E.04731
G1 Y.0431 Z-.1693 C9805.437 B-14.817 E.03382
G1 Y-.031 Z-.1685 C9809.698 B-14.823 E.04742
G1 Y.0327 Z-.1678 C9813.951 B-14.828 E.04730
G1 Y-.0339 Z-.1671 C9818.82 B-14.833 E.05412
G1 Y.0327 Z-.1665 C9823.073 B-14.837 E.04731
G1 Y-.0305 Z-.1651 C9827.941 B-14.847 E.05411
G1 Y.0391 Z-.1644 C9832.196 B-14.852 E.04736
G1 Y-.0205 C9837.061 E.05407
G1 Y.0501 Z-.1635 C9841.318 B-14.858 E.04739
G1 X12.6817 Z-.1622 C9844.964 B-14.868 E.04040
G1 Y-.0328 Z-.1608 C9848.617 B-14.877 E.04055
G1 Y.0569 C9851.655 E.03385
G1 Z-.1602 C9855.302 B-14.881 E.04032
G1 Y-.0217 Z-.1596 C9858.955 B-14.885 E.04053
G1 Z-.159 C9862.6 B-14.889 E.04030
G1 Y.0343 Z-.1585 C9865.641 B-14.893 E.03370
G1 Z-.1578 C9869.292 B-14.897 E.04036
G1 Y-.0361 Z-.1572 C9872.937 B-14.902 E.04041
G1 Y.0576 Z-.1567 C9875.98 B-14.906 E.03393
G1 Z-.156 C9879.629 B-14.91 E.04033
G1 Y.0002 Z-.1549 C9883.883 B-14.918 E.04707
G1 Z-.1545 C9888.144 B-14.921 E.04709
G1 Y-.0622 Z-.1539 C9891.789 B-14.925 E.04039
G1 Y.0415 Z-.1533 C9894.83 B-14.929 E.03400
G1 Z-.1527 C9898.481 B-14.933 E.04037
G1 Y-.0551 Z-.1509 C9903.342 B-14.945 E.05391
G1 Y.0075 Z-.1501 C9907.603 B-14.951 E.04718
G1 Y-.0558 Z-.1492 C9912.464 B-14.956 E.05380
G1 Y.0101 Z-.1507 C9916.725 B-14.946 E.04719
G1 Z-.1481 C9921.586 B-14.964 E.05373
G1 Z-.1497 C9923.411 B-14.954 E.02031
G1 Z-.1476 C9927.063 B-14.967 E.04044
G1 Z-.1486 C9928.885 B-14.96 E.02023
G1 Z-.148 C9932.532 B-14.965 E.04032
G1 Z-.1474 C9936.185 B-14.969 E.04044
G1 Y-.059 Z-.1467 C9939.83 B-14.973 E.04045
G1 Y.0427 Z-.1461 C9942.87 B-14.977 E.03402
G1 Z-.1455 C9946.522 B-14.981 E.04041
G1 Y-.0103 Z-.1449 C9950.167 B-14.986 E.04040
G1 Z-.1442 C9953.818 B-14.99 E.04041
G1 Z-.1436 C9957.467 B-14.994 E.04045
G1 X12.6307 Y.0456 Z-.143 C9960.505 B-14.999 E.03362
G1 Z-.1422 C9964.766 B-15.004 E.04687
G1 Z-.1415 C9968.412 B-15.008 E.04010
G1 Z-.1409 C9972.059 B-15.012 E.04012
G1 Z-.1402 C9975.712 B-15.017 E.04022
G1 Y-.0078 Z-.1396 C9979.356 B-15.021 E.04017
G1 Z-.139 C9983.007 B-15.025 E.04017
G1 Z-.1383 C9986.656 B-15.03 E.04017
G1 Y-.0581 Z-.1377 C9990.302 B-15.034 E.04018
G1 Y.0183 Z-.1369 C9994.563 B-15.039 E.04702
G1 Z-.1363 C9999.424 B-15.043 E.05352
G1 Z-.1355 C10003.076 B-15.048 E.04023
G1 Z-.1346 C10007.331 B-15.054 E.04682
G1 Z-.134 C10010.978 B-15.058 E.04013
G1 Z-.1334 C10014.63 B-15.062 E.04025
G1 Y-.0579 Z-.1328 C10018.275 B-15.066 E.04029
G1 Y.0408 Z-.1322 C10021.317 B-15.07 E.03384
G1 Z-.1316 C10024.968 B-15.074 E.04021
G1 Y-.0188 Z-.131 C10028.613 B-15.078 E.04023
G1 Z-.1304 C10032.265 B-15.082 E.04022
G1 Y.0541 Z-.1297 C10035.305 B-15.086 E.03367
G1 Z-.1291 C10038.95 B-15.09 E.04015
G1 Y-.0626 Z-.1282 C10043.82 B-15.096 E.05391
G1 Z-.1273 C10048.072 B-15.102 E.04685
G1 Z-.1267 C10051.725 B-15.106 E.04024
G1 Y.0594 Z-.126 C10054.765 B-15.11 E.03405
G1 Z-.1254 C10058.41 B-15.114 E.04016
G1 Z-.1248 C10062.063 B-15.118 E.04029
G1 Y-.002 Z-.1242 C10065.709 B-15.121 E.04029
G1 Z-.1236 C10069.357 B-15.125 E.04020
G1 X12.5797 Z-.123 C10073.009 B-15.129 E.04011
G1 Z-.1223 C10076.654 B-15.133 E.03999
G1 Z-.1209 C10080.914 B-15.142 E.04667
G1 Z-.1197 C10085.169 B-15.15 E.04663
G1 Z-.1193 C10089.425 B-15.153 E.04662
G1 Z-.1187 C10093.076 B-15.157 E.04004
G1 Y.0568 Z-.118 C10096.113 B-15.161 E.03340
G1 Z-.1174 C10099.764 B-15.165 E.04004
G1 Y-.0128 Z-.1167 C10103.413 B-15.169 E.04013
G1 Z-.1161 C10107.059 B-15.173 E.03998
G1 Y.0536 Z-.1154 C10110.103 B-15.177 E.03352
G1 Z-.1148 C10113.75 B-15.181 E.03999
G1 Y-.0058 Z-.1142 C10117.397 B-15.185 E.04007
G1 Z-.1132 C10121.657 B-15.191 E.04668
G1 Y-.0597 Z-.1125 C10125.91 B-15.196 E.04668
G1 Z-.1119 C10128.953 B-15.2 E.03338
G1 Z-.1112 C10132.602 B-15.204 E.04000
G1 Y.0422 Z-.1106 C10135.64 B-15.208 E.03370
G1 Z-.1099 C10139.292 B-15.212 E.04005
G1 Z-.1092 C10142.94 B-15.216 E.04006
G1 Y-.0264 Z-.1086 C10146.586 B-15.22 E.04012
G1 Z-.1079 C10150.239 B-15.225 E.04007
G1 Y.0642 Z-.1072 C10153.277 B-15.229 E.03364
G1 Z-.1066 C10156.924 B-15.233 E.04001
G1 Z-.1058 C10160.576 B-15.237 E.04011
G1 Y-.0462 Z-.1048 C10165.437 B-15.244 E.05358
G1 Z-.1042 C10169.09 B-15.247 E.04013
G1 Z-.1037 C10173.951 B-15.251 E.05330
G1 Y.0213 Z-.1032 C10178.211 B-15.254 E.04685
G1 X12.5275 Z-.1016 C10183.073 B-15.263 E.05315
G1 Y-.0601 Z-.101 C10186.722 B-15.267 E.04001
G1 Y.0351 Z-.1003 C10189.766 B-15.271 E.03354
G1 Z-.0996 C10193.411 B-15.275 E.03980
G1 Y-.0312 Z-.099 C10197.061 B-15.279 E.03995
G1 Z-.0977 C10201.318 B-15.287 E.04650
G1 Y.0348 Z-.0969 C10205.573 B-15.293 E.04653
G1 Y-.0387 Z-.0967 C10210.44 E.05322
G1 Y.0626 Z-.096 C10213.478 B-15.298 E.03353
G1 Z-.0953 C10217.13 B-15.302 E.03987
G1 Y.01 Z-.0945 C10220.777 B-15.306 E.03988
G1 Z-.0938 C10224.424 B-15.311 E.03981
G1 Z-.0931 C10228.077 B-15.315 E.03993
G1 Y-.0618 Z-.0923 C10231.722 B-15.32 E.03994
G1 Y.0457 Z-.0916 C10234.762 B-15.324 E.03361
G1 Z-.0909 C10238.414 B-15.329 E.03987
G1 Z-.0902 C10242.059 B-15.333 E.03978
G1 Y-.013 Z-.0898 C10246.319 B-15.335 E.04658
G1 Z-.089 C10249.967 B-15.34 E.03983
G1 Z-.0883 C10253.613 B-15.344 E.03983
G1 Z-.0875 C10257.266 B-15.349 E.03996
G1 Y.0437 Z-.0868 C10260.304 B-15.353 E.03331
G1 Y-.0077 Z-.0867 C10265.17 B-15.354 E.05317
G1 Z-.0847 C10270.033 B-15.365 E.05314
G1 Z-.0839 C10274.29 B-15.37 E.04651
G1 Z-.0834 C10276.725 B-15.373 E.02665
G1 Z-.0822 C10282.194 B-15.38 E.05971
G1 Z-.0835 C10283.411 B-15.373 E.01352
G1 Y.0543 Z-.0827 C10287.063 B-15.377 E.04002
G1 Z-.082 C10290.708 B-15.382 E.03984
G1 Z-.0813 C10294.359 B-15.386 E.03994
G1 Y.001 Z-.0806 C10298.008 B-15.39 E.03997
G1 X12.4764 Z-.0799 C10301.653 B-15.394 E.03969
G1 Z-.0792 C10305.306 B-15.398 E.03971
G1 Z-.0785 C10308.952 B-15.402 E.03967
G1 Y-.0549 Z-.0777 C10312.6 B-15.407 E.03973
G1 Y.059 Z-.077 C10315.644 B-15.411 E.03356
G1 Z-.0763 C10319.289 B-15.415 E.03960
G1 Z-.0754 C10322.939 B-15.42 E.03966
G1 Y-.0562 Z-.0747 C10327.197 B-15.424 E.04662
G1 Y.0621 Z-.0742 C10330.234 B-15.427 E.03352
G1 Z-.0734 C10333.887 B-15.433 E.03969
G1 Z-.0726 C10337.534 B-15.437 E.03963
G1 Z-.0719 C10341.18 B-15.441 E.03963
G1 Z-.0712 C10344.833 B-15.445 E.03971
G1 Z-.0704 C10348.479 B-15.449 E.03964
G1 Z-.0698 C10352.128 B-15.453 E.03972
G1 Y-.0073 Z-.0691 C10355.779 B-15.457 E.03983
G1 Z-.0682 C10359.424 B-15.462 E.03963
G1 Z-.0678 C10363.076 B-15.465 E.03970
G1 Y.0571 Z-.0669 C10366.723 B-15.47 E.03978
G1 Z-.0662 C10370.37 B-15.474 E.03967
G1 Z-.0655 C10374.023 B-15.478 E.03978
G1 Y-.0052 Z-.0648 C10377.668 B-15.482 E.03976
G1 Z-.0642 C10381.317 B-15.486 E.03969
G1 Z-.0635 C10384.968 B-15.49 E.03975
G1 Y-.0572 Z-.0628 C10388.613 B-15.494 E.03973
G1 Y.0538 Z-.0621 C10391.656 B-15.498 E.03358
G1 Z-.0614 C10395.305 B-15.502 E.03970
G1 Z-.0607 C10398.95 B-15.505 E.03968
G1 Z-.0597 C10403.212 B-15.511 E.04641
G1 Y-.0063 Z-.0588 C10407.465 B-15.517 E.04636
G1 Z-.0581 C10411.116 B-15.521 E.03974
G1 X12.4254 Z-.0573 C10414.765 B-15.525 E.03957
G1 Z-.0567 C10418.41 B-15.529 E.03946
G1 Z-.056 C10422.063 B-15.533 E.03956
G1 Z-.0552 C10425.709 B-15.536 E.03951
G1 Z-.0546 C10429.357 B-15.54 E.03954
G1 Z-.0539 C10433.009 B-15.544 E.03959
G1 Y-.0579 Z-.0532 C10436.654 B-15.548 E.03952
G1 Y.0633 Z-.0525 C10439.695 B-15.552 E.03346
G1 Y-.0187 Z-.0507 C10443.346 B-15.562 E.03972
G1 Y.0314 Z-.0502 C10447.599 B-15.565 E.04609
G1 Z-.0495 C10451.252 B-15.569 E.03955
G1 Z-.0487 C10454.898 B-15.573 E.03953
G1 Y-.0376 Z-.048 C10458.546 B-15.577 E.03963
G1 Z-.0473 C10462.198 B-15.581 E.03954
G1 Y.0498 Z-.0465 C10465.235 B-15.585 E.03317
G1 Z-.0458 C10468.884 B-15.59 E.03951
G1 Z-.0451 C10472.535 B-15.593 E.03957
G1 Y-.0049 Z-.0444 C10476.18 B-15.598 E.03956
G1 Z-.0433 C10479.833 B-15.603 E.03956
G1 Z-.0434 C10483.48 E.03949
G1 Z-.0424 C10487.126 B-15.608 E.03948
G1 Z-.0417 C10490.779 B-15.612 E.03957
G1 Z-.041 C10494.425 B-15.616 E.03952
G1 Z-.0404 C10498.074 B-15.62 E.03958
G1 Y-.0603 Z-.0396 C10501.725 B-15.624 E.03965
G1 Y.0589 Z-.039 C10504.762 B-15.627 E.03345
G1 Z-.0383 C10508.413 B-15.631 E.03956
G1 Z-.0376 C10512.062 B-15.635 E.03955
G1 Z-.0369 C10515.707 B-15.639 E.03952
G1 Z-.0362 C10519.36 B-15.642 E.03961
G1 Y-.032 Z-.0352 C10523.614 B-15.648 E.04631
G1 X12.3747 Y.0225 Z-.0341 C10527.263 B-15.654 E.03949
G1 Z-.0334 C10530.914 B-15.658 E.03935
G1 Z-.0327 C10534.559 B-15.662 E.03933
G1 Y-.0457 Z-.032 C10538.211 B-15.665 E.03950
G1 Y.0576 Z-.0313 C10541.251 B-15.669 E.03316
G1 Z-.0307 C10544.896 B-15.673 E.03929
G1 Z-.03 C10548.549 B-15.676 E.03943
G1 Y-.0076 Z-.0294 C10552.196 B-15.68 E.03943
G1 Z-.0287 C10555.843 B-15.684 E.03931
G1 Z-.028 C10559.495 B-15.687 E.03940
G1 Z-.0268 C10563.14 B-15.694 E.03935
G1 Z-.0256 C10567.4 B-15.7 E.04591
G1 Z-.0249 C10571.048 B-15.704 E.03932
G1 Z-.0243 C10574.694 B-15.707 E.03932
G1 Z-.0236 C10578.347 B-15.711 E.03942
G1 Y-.0583 Z-.0229 C10581.992 B-15.715 E.03938
G1 Y.0563 Z-.0222 C10585.032 B-15.719 E.03328
G1 Z-.0215 C10588.684 B-15.722 E.03938
G1 Z-.0209 C10592.329 B-15.726 E.03931
G1 Z-.0202 C10595.98 B-15.729 E.03940
G1 Z-.0195 C10599.629 B-15.733 E.03939
G1 Z-.0186 C10603.275 B-15.738 E.03938
G1 Y.0036 Z-.0165 C10606.928 B-15.749 E.03949
G1 Z-.0163 C10610.574 B-15.75 E.03933
G1 Z-.0154 C10614.221 B-15.755 E.03935
G1 Z-.0146 C10617.874 B-15.759 E.03942
G1 Z-.0138 C10621.519 B-15.763 E.03936
G1 Y-.0482 Z-.013 C10625.17 B-15.768 E.03949
G1 Y.05 Z-.0122 C10628.211 B-15.772 E.03321
G1 Z-.0114 C10631.856 B-15.776 E.03937
G1 Z-.0106 C10635.508 B-15.78 E.03949
G1 X12.3216 Y-.0153 Z-.0089 C10639.156 B-15.789 E.03936
G1 Z-.0104 C10643.411 B-15.781 E.04566
G1 Y.0606 Z-.0093 C10647.671 B-15.787 E.04586
G1 Z-.0086 C10651.316 B-15.791 E.03911
G1 Z-.0078 C10654.968 B-15.795 E.03919
G1 Z-.007 C10658.615 B-15.799 E.03914
G1 Z-.0062 C10662.261 B-15.803 E.03913
G1 Z-.0054 C10665.914 B-15.808 E.03921
G1 Z-.0046 C10669.56 B-15.812 E.03913
G1 Z-.0038 C10673.209 B-15.816 E.03916
G1 Z-.003 C10676.86 B-15.82 E.03919
G1 Z-.0021 C10680.505 B-15.825 E.03912
G1 Y.0095 Z-.0011 C10685.374 B-15.83 E.05231
G1 Z-.0002 C10690.234 B-15.835 E.05220
G1 Z.0004 C10692.668 B-15.838 E.02621
G1 Z.0012 C10696.319 B-15.842 E.03922
G1 Z.0021 C10699.964 B-15.846 E.03915
G1 Z.0028 C10703.616 B-15.85 E.03921
G1 Z.0037 C10707.264 B-15.855 E.03916
G1 Z.0044 C10710.91 B-15.859 E.03914
G1 Z.0052 C10714.563 B-15.863 E.03923
G1 Z.0061 C10718.208 B-15.867 E.03918
G1 Y-.0499 Z.0074 C10723.076 B-15.874 E.05234
G1 Z.0078 C10726.723 B-15.876 E.03917
G1 Y.0572 Z.0085 C10729.761 B-15.88 E.03308
G1 Z.0093 C10733.414 B-15.883 E.03924
G1 Z.0101 C10737.06 B-15.887 E.03917
G1 Z.0108 C10740.708 B-15.891 E.03920
G1 Z.0116 C10744.36 B-15.895 E.03926
G1 Z.0124 C10748.005 B-15.899 E.03919
G1 Z.0131 C10751.656 B-15.903 E.03927
G1 Z.0139 C10755.305 B-15.907 E.03926
G1 Z.0146 C10758.95 B-15.911 E.03922
G1 Y-.0492 Z.0156 C10763.212 B-15.916 E.04610
G1 X12.27 Y.0058 Z.0166 C10766.857 B-15.921 E.03912
G1 Z.0174 C10770.506 B-15.925 E.03899
G1 Z.0182 C10774.157 B-15.929 E.03901
G1 Z.019 C10777.802 B-15.933 E.03895
G1 Z.0198 C10781.454 B-15.937 E.03903
G1 Z.0206 C10785.102 B-15.941 E.03899
G1 Z.0213 C10788.748 B-15.945 E.03899
G1 Z.0221 C10792.401 B-15.949 E.03908
G1 Z.0229 C10796.046 B-15.952 E.03903
G1 Z.0245 C10800.914 B-15.961 E.05205
G1 Z.0259 C10805.776 B-15.967 E.05201
G1 Z.0266 C10809.425 B-15.971 E.03903
G1 Z.0274 C10813.076 B-15.975 E.03904
G1 Z.0282 C10816.721 B-15.979 E.03897
G1 Z.029 C10820.373 B-15.983 E.03904
G1 Z.0298 C10824.021 B-15.987 E.03900
G1 Z.0306 C10827.667 B-15.991 E.03898
G1 Z.0314 C10831.32 B-15.995 E.03906
G1 Z.0323 C10834.965 B-15.999 E.03899
G1 Z.0332 C10838.614 B-16.004 E.03904
G1 Z.0348 C10842.873 B-16.011 E.04559
G1 Z.0345 C10846.518 B-16.01 E.03898
G1 Z.0353 C10850.171 B-16.014 E.03907
G1 Z.0361 C10853.817 B-16.018 E.03900
G1 Z.0368 C10857.465 B-16.022 E.03903
G1 Z.0376 C10861.117 B-16.026 E.03907
G1 Z.0384 C10864.762 B-16.029 E.03900
G1 Z.0391 C10868.413 B-16.033 E.03907
G1 Z.0399 C10872.062 B-16.037 E.03905
G1 Z.0407 C10875.707 B-16.041 E.03902
G1 Z.0414 C10879.36 B-16.044 E.03912
G1 X12.2195 Z.0424 C10883.006 B-16.049 E.03892
G1 Z.0442 C10886.654 B-16.058 E.03888
G1 Z.0446 C10890.306 B-16.06 E.03889
G1 Z.0455 C10893.951 B-16.064 E.03879
G1 Z.0464 C10897.602 B-16.068 E.03885
G1 Z.0472 C10901.251 B-16.073 E.03883
G1 Z.0481 C10904.896 B-16.077 E.03879
G1 Z.049 C10908.549 B-16.081 E.03890
G1 Z.0499 C10912.196 B-16.085 E.03885
G1 Z.0507 C10915.843 B-16.09 E.03887
G1 Z.0521 C10919.495 B-16.096 E.03895
G1 Z.0525 C10923.14 B-16.098 E.03881
G1 Z.0539 C10926.791 B-16.105 E.03886
G1 Z.0544 C10930.44 B-16.107 E.03884
G1 Z.0552 C10934.086 B-16.111 E.03881
G1 Z.0561 C10937.739 B-16.115 E.03889
G1 Z.0569 C10941.385 B-16.119 E.03882
G1 Z.0577 C10945.032 B-16.123 E.03883
G1 Z.0586 C10948.684 B-16.127 E.03889
G1 Z.0594 C10952.329 B-16.131 E.03882
G1 Z.0603 C10955.98 B-16.135 E.03888
G1 Z.0617 C10959.629 B-16.142 E.03887
G1 Z.0607 C10963.275 B-16.137 E.03884
G1 Y.0582 Z.062 C10967.536 B-16.144 E.04545
G1 Z.063 C10971.181 B-16.148 E.03886
G1 Z.0638 C10974.83 B-16.152 E.03890
G1 Z.0646 C10978.481 B-16.156 E.03891
G1 Z.0653 C10982.126 B-16.159 E.03886
G1 Z.066 C10985.779 B-16.163 E.03897
G1 Z.0668 C10989.426 B-16.166 E.03894
G1 Y.0007 Z.0675 C10993.072 B-16.17 E.03897
G1 Z.0682 C10996.725 B-16.173 E.03895
G1 X12.1672 Z.0701 C11002.194 B-16.182 E.05801
G1 Z.0696 C11003.411 B-16.18 E.01300
G1 Y-.0507 Z.0709 C11008.885 B-16.186 E.05805
G1 Z.0718 C11012.532 B-16.19 E.03864
G1 Z.0726 C11016.185 B-16.194 E.03871
G1 Z.0735 C11019.83 B-16.198 E.03864
G1 Z.0743 C11023.479 B-16.202 E.03870
G1 Z.0752 C11027.13 B-16.206 E.03875
G1 Y.0074 Z.0761 C11030.775 B-16.21 E.03873
G1 Z.0769 C11034.427 B-16.214 E.03870
G1 Z.0778 C11038.075 B-16.218 E.03868
G1 Z.0789 C11042.939 B-16.223 E.05154
G1 Z.08 C11047.197 B-16.228 E.04514
G1 Z.0809 C11050.842 B-16.233 E.03864
G1 Z.0818 C11054.495 B-16.237 E.03872
G1 Z.0827 C11058.142 B-16.241 E.03868
G1 Z.0836 C11061.789 B-16.245 E.03873
G1 Y-.0461 Z.0845 C11066.049 B-16.249 E.04523
G1 Z.0854 C11069.694 B-16.253 E.03866
G1 Z.0863 C11073.346 B-16.257 E.03873
G1 Z.0872 C11076.994 B-16.261 E.03869
G1 Y.056 Z.0882 C11080.64 B-16.267 E.03900
G1 Y-.0479 Z.0892 C11086.116 B-16.271 E.05827
G1 Z.0901 C11089.761 B-16.275 E.03866
G1 Z.091 C11093.414 B-16.279 E.03875
G1 Z.0919 C11097.06 B-16.283 E.03868
G1 Z.0928 C11100.708 B-16.287 E.03872
G1 Z.0937 C11104.36 B-16.291 E.03877
G1 Z.0946 C11108.005 B-16.296 E.03872
G1 Z.0955 C11111.656 B-16.3 E.03881
G1 Y.0063 Z.0964 C11115.305 B-16.304 E.03883
G1 Z.0973 C11118.95 B-16.308 E.03870
G1 X12.1152 Z.0986 C11122.603 B-16.314 E.03864
G1 Z.0994 C11126.25 B-16.318 E.03849
G1 Z.0998 C11129.897 B-16.319 E.03849
G1 Z.1006 C11133.549 B-16.323 E.03858
G1 Y-.0585 Z.1015 C11137.802 B-16.327 E.04498
G1 Z.1023 C11141.454 B-16.331 E.03854
G1 Z.1032 C11145.102 B-16.335 E.03852
G1 Y-.0013 Z.104 C11148.748 B-16.339 E.03857
G1 Z.1049 C11152.401 B-16.342 E.03856
G1 Z.1058 C11156.046 B-16.346 E.03852
G1 Y-.0591 Z.1066 C11160.305 B-16.35 E.04503
G1 Y.0284 Z.1084 C11163.954 B-16.358 E.03875
G1 Z.1094 C11167.599 B-16.363 E.03850
G1 Y-.0613 Z.1103 C11171.86 B-16.367 E.04518
G1 Z.1112 C11175.506 B-16.371 E.03848
G1 Z.112 C11179.155 B-16.375 E.03851
G1 Z.113 C11182.806 B-16.379 E.03854
G1 Z.1138 C11186.451 B-16.383 E.03848
G1 Z.1147 C11190.103 B-16.387 E.03857
G1 Z.1156 C11193.75 B-16.39 E.03853
G1 Z.1165 C11197.397 B-16.394 E.03855
G1 Y.048 Z.1178 C11201.05 B-16.4 E.03896
G1 Z.1188 C11205.91 B-16.405 E.05135
G1 Z.1197 C11209.562 B-16.409 E.03860
G1 Z.1206 C11213.21 B-16.413 E.03854
G1 Z.1215 C11216.856 B-16.417 E.03852
G1 Z.1225 C11220.509 B-16.421 E.03860
G1 Y-.0483 Z.1234 C11224.762 B-16.425 E.04518
G1 Z.1243 C11228.413 B-16.429 E.03859
G1 Z.1252 C11232.062 B-16.433 E.03860
G1 Y.0043 Z.1261 C11235.707 B-16.437 E.03862
G1 X12.0643 Z.1275 C11239.36 B-16.443 E.03847
G1 Z.1269 C11243.006 B-16.44 E.03831
G1 Z.1284 C11247.872 B-16.447 E.05114
G1 Y-.0605 Z.1298 C11251.521 B-16.453 E.03847
G1 Z.1305 C11255.167 B-16.456 E.03830
G1 Y.0603 Z.1314 C11258.211 B-16.46 E.03254
G1 Y-.0605 Z.1324 C11262.466 B-16.464 E.04511
G1 Z.1333 C11266.113 B-16.469 E.03832
G1 Z.1343 C11269.766 B-16.473 E.03838
G1 Z.1353 C11273.411 B-16.477 E.03830
G1 Z.1362 C11277.061 B-16.481 E.03836
G1 Z.1379 C11281.318 B-16.488 E.04473
G1 Y.0329 Z.139 C11284.356 B-16.493 E.03227
G1 Z.1395 C11288.617 B-16.495 E.04478
G1 Z.1404 C11292.262 B-16.499 E.03831
G1 Z.1413 C11295.912 B-16.503 E.03836
G1 Z.1423 C11299.562 B-16.507 E.03838
G1 Y-.0522 Z.1432 C11303.815 B-16.511 E.04490
G1 Z.1441 C11307.468 B-16.515 E.03841
G1 Z.145 C11311.115 B-16.519 E.03836
G1 Z.1459 C11314.762 B-16.523 E.03841
G1 Y.0094 Z.1468 C11318.414 B-16.527 E.03852
G1 Z.1485 C11323.275 B-16.534 E.05113
G1 Z.1494 C11327.536 B-16.538 E.04482
G1 Z.1502 C11330.574 B-16.541 E.03206
G1 Y-.0446 Z.1511 C11334.83 B-16.545 E.04484
G1 Z.152 C11338.481 B-16.549 E.03843
G1 Z.1529 C11342.126 B-16.553 E.03837
G1 Z.1537 C11345.779 B-16.557 E.03846
G1 Z.1547 C11349.426 B-16.561 E.03841
G1 Z.1556 C11353.072 B-16.564 E.03840
G1 Z.1565 C11356.725 B-16.568 E.03848
G1 X12.0121 Z.1581 C11362.194 B-16.575 E.05727
G1 Z.1563 C11363.411 B-16.568 E.01276
G1 Z.1576 C11368.278 B-16.573 E.05091
G1 Z.1585 C11371.923 B-16.577 E.03815
G1 Z.1594 C11375.576 B-16.581 E.03828
G1 Y.0236 Z.1604 C11379.223 B-16.585 E.03830
G1 Z.1613 C11382.87 B-16.589 E.03816
G1 Y-.0514 Z.1623 C11387.13 B-16.593 E.04472
G1 Z.1632 C11390.775 B-16.597 E.03815
G1 Y-.001 Z.1642 C11394.427 B-16.601 E.03828
G1 Z.1651 C11398.075 B-16.605 E.03819
G1 Z.1663 C11402.939 B-16.61 E.05089
G1 Z.1674 C11407.197 B-16.615 E.04459
G1 Z.1686 C11411.451 B-16.62 E.04453
G1 Y.0589 Z.1696 C11415.104 B-16.624 E.03834
G1 Y-.0307 Z.1705 C11419.356 B-16.627 E.04471
G1 Z.1715 C11423.007 B-16.632 E.03825
G1 Y.0432 Z.1724 C11426.656 B-16.635 E.03836
G1 Y-.0562 Z.1734 C11430.91 B-16.64 E.04479
G1 Z.1743 C11434.563 B-16.643 E.03824
G1 Z.1752 C11438.208 B-16.647 E.03817
G1 Z.1764 C11442.467 B-16.652 E.04458
G1 Z.1776 C11446.723 B-16.657 E.04455
G1 Z.1785 C11450.37 B-16.661 E.03822
G1 Z.1795 C11454.023 B-16.665 E.03833
G1 Y.012 Z.1804 C11457.668 B-16.669 E.03832
G1 Z.1813 C11461.317 B-16.673 E.03823
G1 Z.1823 C11464.968 B-16.676 E.03829
G1 Y-.0473 Z.1832 C11469.221 B-16.68 E.04463
G1 Z.1841 C11472.874 B-16.684 E.03828
G1 Z.1851 C11476.52 B-16.688 E.03827
G1 Y.0225 Z.186 C11480.167 B-16.692 E.03837
G1 Z.1874 C11485.035 B-16.697 E.05102
G1 X11.9615 Z.1887 C11489.288 B-16.703 E.04438
G1 Y-.0449 Z.1897 C11493.549 B-16.707 E.04451
G1 Z.1906 C11497.194 B-16.711 E.03800
G1 Y.0156 Z.1915 C11500.845 B-16.714 E.03815
G1 Z.1925 C11504.494 B-16.718 E.03803
G1 Y-.0396 Z.1934 C11508.748 B-16.722 E.04439
G1 Z.1943 C11512.401 B-16.726 E.03809
G1 Y.0301 Z.1953 C11516.046 B-16.73 E.03813
G1 Y-.0574 Z.1962 C11520.305 B-16.734 E.04458
G1 Y.0591 Z.2006 C11523.954 B-16.751 E.03846
G1 Y-.0578 Z.1991 C11526.383 B-16.745 E.02598
G1 Z.1992 C11530.034 B-16.746 E.03805
G1 Z.2001 C11533.683 B-16.749 E.03805
G1 Z.201 C11537.329 B-16.753 E.03806
G1 Y.0066 Z.2019 C11540.982 B-16.757 E.03820
G1 Z.2029 C11544.628 B-16.761 E.03800
G1 Z.2038 C11548.275 B-16.764 E.03805
G1 Y-.059 Z.2047 C11552.535 B-16.768 E.04451
G1 Z.2056 C11556.18 B-16.772 E.03800
G1 Z.2065 C11559.833 B-16.775 E.03813
G1 Z.208 C11564.087 B-16.781 E.04436
G1 Y.0229 Z.2092 C11567.735 B-16.786 E.03825
G1 Z.2102 C11571.387 B-16.79 E.03809
G1 Y-.0474 Z.2111 C11575.64 B-16.794 E.04447
G1 Z.212 C11579.292 B-16.797 E.03811
G1 Y.0087 Z.213 C11582.94 B-16.801 E.03815
G1 Z.2139 C11586.586 B-16.805 E.03806
G1 Y-.0545 Z.2148 C11590.847 B-16.809 E.04454
G1 Z.2157 C11594.492 B-16.812 E.03806
G1 Y.0131 Z.2166 C11598.143 B-16.816 E.03824
G1 Z.218 C11603.006 B-16.821 E.05071
G1 Z.2196 C11607.263 B-16.828 E.04441
G1 X11.9103 Z.2208 C11612.129 B-16.832 E.05057
G1 Z.2217 C11615.775 B-16.836 E.03784
G1 Z.2226 C11619.428 B-16.839 E.03789
G1 Z.2235 C11623.073 B-16.843 E.03780
G1 Z.2244 C11626.722 B-16.847 E.03785
G1 Z.2253 C11630.373 B-16.85 E.03789
G1 Z.2262 C11634.018 B-16.854 E.03787
G1 Y-.0451 Z.2271 C11638.279 B-16.857 E.04429
G1 Z.2287 C11642.533 B-16.864 E.04416
G1 Y.0277 Z.2302 C11646.791 B-16.87 E.04431
G1 Z.2312 C11650.44 B-16.873 E.03787
G1 Y-.047 Z.2321 C11654.694 B-16.877 E.04428
G1 Z.233 C11658.347 B-16.881 E.03791
G1 Z.2339 C11661.992 B-16.884 E.03789
G1 Y.0263 Z.2348 C11665.641 B-16.888 E.03803
G1 Z.2357 C11669.292 B-16.891 E.03791
G1 Y-.0363 Z.2366 C11673.545 B-16.895 E.04423
G1 Z.2375 C11677.198 B-16.898 E.03793
G1 Y.0203 Z.2384 C11680.844 B-16.901 E.03794
G1 Z.24 C11685.101 B-16.908 E.04420
G1 Y-.051 Z.2415 C11689.359 B-16.914 E.04433
G1 Z.2424 C11693.005 B-16.917 E.03790
G1 Y.0223 Z.2433 C11696.658 B-16.921 E.03810
G1 Z.2442 C11700.304 B-16.924 E.03787
G1 Z.2451 C11703.951 B-16.928 E.03791
G1 Y-.0532 Z.246 C11708.211 B-16.931 E.04438
G1 Z.2468 C11711.856 B-16.934 E.03786
G1 Z.2477 C11715.508 B-16.938 E.03796
G1 Z.2486 C11719.156 B-16.941 E.03796
G1 Z.2496 C11723.411 B-16.945 E.04421
G1 Z.2507 C11727.671 B-16.949 E.04426
G1 Y.0033 Z.2518 C11731.316 B-16.953 E.03798
G1 Z.2528 C11734.968 B-16.958 E.03799
G1 X11.8591 Y-.05 Z.2539 C11739.223 B-16.961 E.04409
G1 Z.2549 C11742.87 B-16.965 E.03770
G1 Y.0203 Z.2559 C11746.522 B-16.969 E.03787
G1 Z.2569 C11750.167 B-16.973 E.03768
G1 Z.2579 C11754.427 B-16.977 E.04404
G1 Z.259 C11758.075 B-16.981 E.03767
G1 Y-.05 Z.2602 C11762.939 B-16.986 E.05035
G1 Z.2614 C11766.589 B-16.99 E.03777
G1 Y.0507 Z.2626 C11770.842 B-16.995 E.04421
G1 Y-.0252 Z.2636 C11775.104 B-16.999 E.04418
G1 Z.2647 C11778.749 B-17.003 E.03771
G1 Z.2657 C11783.007 B-17.007 E.04400
G1 Z.2668 C11786.656 B-17.011 E.03771
G1 Y.0322 Z.2678 C11790.302 B-17.015 E.03777
G1 Z.2688 C11793.955 B-17.018 E.03776
G1 Y-.0393 Z.2698 C11798.208 B-17.022 E.04408
G1 Y.02 Z.2709 C11801.857 B-17.027 E.03782
G1 Y-.0361 Z.2722 C11806.116 B-17.031 E.04409
G1 Z.2732 C11809.761 B-17.035 E.03770
G1 Y.0206 Z.2742 C11813.414 B-17.039 E.03786
G1 Z.2753 C11817.06 B-17.043 E.03771
G1 Y-.0359 Z.2762 C11821.317 B-17.047 E.04408
G1 Z.2773 C11824.968 B-17.05 E.03778
G1 Y.0301 Z.2783 C11828.613 B-17.054 E.03783
G1 Y-.0545 Z.2793 C11832.874 B-17.058 E.04424
G1 Z.2803 C11836.52 B-17.062 E.03774
G1 Y.0181 Z.2813 C11840.167 B-17.066 E.03789
G1 Z.2827 C11844.427 B-17.071 E.04406
G1 Z.2841 C11848.68 B-17.076 E.04402
G1 Z.2851 C11852.941 B-17.08 E.04411
G1 Z.2861 C11856.587 B-17.083 E.03773
G1 X11.8091 Y-.0547 Z.2871 C11860.845 B-17.087 E.04401
G1 Z.2882 C11864.494 B-17.091 E.03758
G1 Y.0351 Z.2892 C11868.14 B-17.095 E.03776
G1 Y-.0363 Z.2902 C11872.401 B-17.099 E.04396
G1 Z.2912 C11876.046 B-17.102 E.03756
G1 Y.0566 Z.2922 C11879.695 B-17.106 E.03781
G1 Y.0033 Z.2948 C11884.561 B-17.116 E.05011
G1 Z.2964 C11889.425 B-17.122 E.05004
G1 Z.2969 C11893.076 B-17.123 E.03755
G1 Z.298 C11896.721 B-17.127 E.03751
G1 Y.0557 Z.299 C11900.373 B-17.131 E.03765
G1 Y-.0316 Z.3001 C11904.628 B-17.135 E.04398
G1 Z.3011 C11908.275 B-17.139 E.03754
G1 Y.0281 Z.3022 C11911.928 B-17.143 E.03770
G1 Y-.0563 Z.3033 C11916.18 B-17.147 E.04394
G1 Z.3042 C11919.833 B-17.15 E.03762
G1 Y.0025 Z.3059 C11923.48 B-17.156 E.03764
G1 Z.3057 C11927.126 E.03754
G1 Y.0582 Z.307 C11930.779 B-17.161 E.03769
G1 Y-.0219 Z.308 C11935.032 B-17.164 E.04394
G1 Z.309 C11938.683 B-17.168 E.03763
G1 Y.0584 Z.31 C11942.332 B-17.172 E.03777
G1 Y-.0178 Z.311 C11946.586 B-17.175 E.04394
G1 Z.312 C11950.239 B-17.179 E.03766
G1 Z.313 C11954.492 B-17.182 E.04380
G1 Z.3139 C11958.143 B-17.186 E.03760
G1 Z.3154 C11963.006 B-17.191 E.05006
G1 Y.0559 Z.3168 C11966.654 B-17.196 E.03775
G1 Y-.0108 Z.3192 C11971.521 B-17.205 E.05021
G1 Z.3203 C11975.167 B-17.209 E.03759
G1 Y.0402 Z.3214 C11978.82 B-17.213 E.03773
G1 X11.7577 Y-.0536 Z.3224 C11983.073 B-17.217 E.04387
G1 Z.3235 C11986.722 B-17.22 E.03738
G1 Y.0007 Z.3245 C11990.373 B-17.224 E.03748
G1 Z.3256 C11994.018 B-17.228 E.03735
G1 Y-.058 Z.3267 C11998.279 B-17.232 E.04372
G1 Y.0394 Z.328 C12001.925 B-17.237 E.03764
G1 Z.3293 C12006.182 B-17.241 E.04359
G1 Z.3304 C12009.833 B-17.245 E.03739
G1 Y-.0278 Z.3315 C12014.086 B-17.249 E.04368
G1 Z.3326 C12017.739 B-17.253 E.03745
G1 Y.0445 Z.3337 C12021.385 B-17.257 E.03751
G1 Y-.0359 Z.3348 C12025.641 B-17.261 E.04377
G1 Z.3358 C12029.292 B-17.265 E.03744
G1 Y.0452 Z.3369 C12032.937 B-17.268 E.03755
G1 Y-.0319 Z.338 C12037.198 B-17.272 E.04381
G1 Z.3398 C12040.844 B-17.278 E.03740
G1 Y.0478 Z.3387 C12044.492 B-17.275 E.03758
G1 Y-.0446 Z.3404 C12048.752 B-17.281 E.04387
G1 Z.3413 C12052.397 B-17.284 E.03742
G1 Y.0532 Z.3423 C12056.049 B-17.288 E.03773
G1 Y-.0301 Z.3433 C12060.304 B-17.291 E.04378
G1 Z.3442 C12063.951 B-17.294 E.03739
G1 Z.3452 C12067.603 B-17.298 E.03749
G1 Y.0412 Z.3461 C12071.248 B-17.301 E.03752
G1 Y-.0494 Z.347 C12075.508 B-17.304 E.04388
G1 Z.3481 C12079.156 B-17.308 E.03742
G1 Z.3492 C12083.411 B-17.312 E.04362
G1 Z.3503 C12087.063 B-17.316 E.03746
G1 Y.0213 Z.3514 C12090.708 B-17.32 E.03754
G1 Y-.051 Z.3525 C12094.968 B-17.324 E.04381
G1 Z.3536 C12098.615 B-17.327 E.03747
G1 Y.0423 Z.3548 C12102.261 B-17.331 E.03769
G1 Y-.0271 Z.3559 C12106.522 B-17.335 E.04382
G1 Z.357 C12110.167 B-17.339 E.03748
G1 X11.7074 Z.3581 C12114.427 B-17.343 E.04351
G1 Z.3592 C12118.075 B-17.347 E.03723
G1 Y.0425 Z.3605 C12122.329 B-17.352 E.04350
G1 Z.3619 C12125.982 B-17.356 E.03724
G1 Y-.0441 Z.363 C12130.842 B-17.36 E.04973
G1 Y.0113 Z.3642 C12134.495 B-17.364 E.03734
G1 Y-.0496 Z.3654 C12138.749 B-17.368 E.04348
G1 Y.0126 Z.3665 C12142.398 B-17.372 E.03733
G1 Y-.0422 Z.3677 C12146.656 B-17.376 E.04350
G1 Z.3688 C12150.302 B-17.38 E.03725
G1 Y.0417 Z.37 C12153.955 B-17.384 E.03748
G1 Y-.0406 Z.3711 C12158.208 B-17.388 E.04356
G1 Z.3725 C12161.857 B-17.393 E.03722
G1 Z.3736 C12165.508 B-17.397 E.03726
G1 Y.0114 Z.3742 C12169.153 B-17.399 E.03726
G1 Z.3753 C12172.806 B-17.403 E.03731
G1 Z.3765 C12177.06 B-17.407 E.04342
G1 Z.3775 C12180.708 B-17.41 E.03721
G1 Y-.0517 Z.3786 C12184.968 B-17.414 E.04356
G1 Z.3797 C12188.613 B-17.418 E.03726
G1 Y.0404 Z.3808 C12192.265 B-17.422 E.03754
G1 Y-.0275 Z.3819 C12196.52 B-17.425 E.04354
G1 Z.383 C12200.167 B-17.429 E.03730
G1 Z.3844 C12204.427 B-17.434 E.04347
G1 Z.3858 C12208.68 B-17.439 E.04341
G1 Z.3869 C12212.333 B-17.442 E.03733
G1 Z.388 C12216.587 B-17.446 E.04343
G1 Z.3891 C12220.236 B-17.45 E.03729
G1 Y.0544 Z.3902 C12223.887 B-17.454 E.03751
G1 Y-.0009 Z.3913 C12228.14 B-17.457 E.04350
G1 Y-.0577 Z.3924 C12232.401 B-17.461 E.04359
G1 Y.0025 Z.3935 C12236.046 B-17.465 E.03736
G1 X11.656 Z.3957 C12240.914 B-17.472 E.04950
G1 Z.3969 C12246.383 B-17.476 E.05553
G1 Z.399 C12251.252 B-17.484 E.04942
G1 Y-.0563 Z.4002 C12255.506 B-17.487 E.04328
G1 Z.4013 C12259.155 B-17.491 E.03709
G1 Y.0239 Z.4025 C12262.806 B-17.495 E.03727
G1 Y-.0496 Z.4036 C12267.059 B-17.499 E.04332
G1 Z.4048 C12270.712 B-17.503 E.03714
G1 Y.0387 Z.4059 C12274.358 B-17.507 E.03727
G1 Y-.0323 Z.4075 C12278.614 B-17.512 E.04335
G1 Z.4072 C12282.265 B-17.511 E.03706
G1 Z.4088 C12287.126 B-17.517 E.04935
G1 Z.4101 C12290.779 B-17.521 E.03709
G1 Z.4112 C12294.425 B-17.524 E.03709
G1 Z.4123 C12298.683 B-17.528 E.04324
G1 Z.4134 C12302.332 B-17.532 E.03710
G1 Y.0569 Z.4145 C12305.978 B-17.535 E.03729
G1 Y-.0069 Z.4156 C12310.239 B-17.539 E.04338
G1 Y.052 Z.4167 C12313.884 B-17.543 E.03714
G1 Y-.0055 Z.4177 C12318.143 B-17.546 E.04335
G1 Y.0577 Z.4192 C12322.399 B-17.551 E.04334
G1 Y-.0149 Z.4208 C12326.654 B-17.556 E.04337
G1 Z.4222 C12329.698 B-17.561 E.03097
G1 Y.0487 Z.4233 C12333.344 B-17.565 E.03719
G1 Y-.034 Z.4245 C12337.602 B-17.569 E.04346
G1 Z.4257 C12341.251 B-17.573 E.03713
G1 Y.0424 Z.427 C12344.896 B-17.577 E.03725
G1 Y-.0327 Z.4282 C12349.158 B-17.581 E.04347
G1 Z.4295 C12352.803 B-17.585 E.03711
G1 Y.0485 Z.4307 C12356.452 B-17.589 E.03733
G1 Y-.0254 Z.4317 C12360.711 B-17.592 E.04345
G1 X11.6048 Z.4343 C12364.356 B-17.601 E.03698
G1 C12368.617 E.04308
G1 Z.4357 C12372.262 B-17.605 E.03684
G1 Y.0384 Z.4369 C12375.912 B-17.609 E.03702
G1 Y-.0291 Z.4381 C12380.17 B-17.613 E.04316
G1 Y.0218 Z.4392 C12383.815 B-17.617 E.03692
G1 Y-.043 Z.4404 C12388.077 B-17.621 E.04319
G1 Y.0096 Z.4416 C12391.722 B-17.625 E.03693
G1 Y-.0545 Z.4428 C12395.98 B-17.629 E.04315
G1 Y.0017 Z.4442 C12399.629 B-17.633 E.03698
G1 Z.4466 C12404.492 B-17.641 E.04915
G1 Z.4456 C12408.144 B-17.638 E.03693
G1 Z.4467 C12411.789 B-17.641 E.03689
G1 Z.4477 C12416.049 B-17.645 E.04306
G1 Z.4488 C12419.696 B-17.648 E.03690
G1 Z.4498 C12423.951 B-17.651 E.04307
G1 Z.4508 C12427.603 B-17.655 E.03692
G1 Z.4518 C12431.248 B-17.658 E.03687
G1 Z.4528 C12435.125 B-17.661 E.03921
G1 Z.4538 C12439.115 B-17.664 E.04034
G1 Z.4551 C12443.411 B-17.668 E.04345
G1 Z.456 C12446.455 B-17.671 E.03079
G1 Z.4572 C12450.1 B-17.675 E.03690
G1 Z.4584 C12454.359 B-17.679 E.04308
G1 Z.4596 C12458.008 B-17.683 E.03695
G1 Z.4609 C12462.261 B-17.687 E.04302
G1 Z.4621 C12465.914 B-17.691 E.03701
G1 Z.4633 C12470.167 B-17.695 E.04302
G1 Z.4646 C12473.818 B-17.699 E.03702
G1 Z.4658 C12478.075 B-17.703 E.04306
G1 Z.4672 C12482.329 B-17.707 E.04304
G1 Z.4687 C12487.197 B-17.712 E.04928
G1 Z.4699 C12491.451 B-17.716 E.04305
G1 Z.4712 C12495.712 B-17.72 E.04319
G1 Z.4724 C12499.356 B-17.724 E.03692
G1 X11.554 Z.4737 C12503.616 B-17.728 E.04295
G1 Y.0539 Z.475 C12507.264 B-17.732 E.03679
G1 Y-.0107 Z.4762 C12511.519 B-17.736 E.04293
G1 Z.4774 C12515.171 B-17.74 E.03682
G1 Z.479 C12519.424 B-17.745 E.04279
G1 Y.0456 Z.4803 C12523.685 B-17.749 E.04296
G1 Z.4814 C12528.546 B-17.752 E.04892
G1 Y-.0409 Z.4827 C12532.806 B-17.756 E.04308
G1 Y.0133 Z.4839 C12536.453 B-17.76 E.03680
G1 Y-.0448 Z.4852 C12540.708 B-17.764 E.04291
G1 Y.0119 Z.4864 C12544.36 B-17.768 E.03686
G1 Y-.0445 Z.4877 C12548.613 B-17.772 E.04289
G1 Y.0139 Z.489 C12552.265 B-17.776 E.03687
G1 Y-.0398 Z.4903 C12556.52 B-17.78 E.04290
G1 Y.0213 Z.4917 C12560.167 B-17.785 E.03683
G1 Z.4934 C12563.82 B-17.79 E.03680
G1 Y-.0368 Z.4936 C12568.072 B-17.791 E.04289
G1 Y.0287 Z.4948 C12571.725 B-17.794 E.03692
G1 Z.496 C12575.979 B-17.798 E.04288
G1 Z.4972 C12579.627 B-17.802 E.03674
G1 Z.4984 C12583.887 B-17.806 E.04291
G1 Y-.0407 Z.4996 C12588.14 B-17.809 E.04296
G1 Y.0312 Z.5007 C12591.793 B-17.813 E.03696
G1 Z.5019 C12596.046 B-17.817 E.04287
G1 Z.5041 C12600.914 B-17.823 E.04901
G1 Y-.0412 Z.5053 C12606.383 B-17.827 E.05518
G1 Y.0251 Z.5066 C12609.425 B-17.831 E.03085
G1 Y-.037 Z.5078 C12613.683 B-17.835 E.04300
G1 Z.5089 C12617.329 B-17.838 E.03683
G1 Z.5101 C12621.59 B-17.842 E.04293
G1 Z.5112 C12625.235 B-17.845 E.03681
G1 Z.5124 C12629.494 B-17.849 E.04292
G1 Z.5135 C12633.143 B-17.853 E.03685
G1 X11.5026 Z.5147 C12637.397 B-17.856 E.04269
G1 Z.5164 C12642.265 B-17.861 E.04876
G1 Z.5182 C12646.518 B-17.867 E.04262
G1 Z.5198 C12650.171 B-17.872 E.03660
G1 Y.0402 Z.5209 C12653.817 B-17.875 E.03672
G1 Z.5222 C12658.074 B-17.879 E.04271
G1 Z.5236 C12661.725 B-17.883 E.03658
G1 Z.5249 C12665.977 B-17.887 E.04262
G1 Y-.0415 Z.5262 C12670.239 B-17.892 E.04289
G1 Y.0298 Z.5275 C12673.884 B-17.896 E.03669
G1 Z.5289 C12678.143 B-17.9 E.04272
G1 Z.5308 C12682.399 B-17.906 E.04264
G1 Z.5322 C12686.045 B-17.91 E.03654
G1 Z.5331 C12690.306 B-17.912 E.04270
G1 Y-.0222 Z.5343 C12694.559 B-17.916 E.04269
G1 Y.028 Z.5355 C12698.211 B-17.92 E.03669
G1 Y-.0383 Z.5368 C12702.466 B-17.924 E.04277
G1 Y.012 Z.538 C12706.113 B-17.927 E.03664
G1 Y-.0492 Z.5393 C12710.373 B-17.931 E.04280
G1 Y.0058 Z.5405 C12714.018 B-17.935 E.03664
G1 Y-.0556 Z.5424 C12718.279 B-17.941 E.04282
G1 Z.5415 C12721.925 B-17.938 E.03657
G1 Z.5434 C12726.791 B-17.944 E.04878
G1 Z.5449 C12730.44 B-17.948 E.03666
G1 Y.0497 Z.546 C12734.086 B-17.952 E.03694
G1 Y-.0041 Z.5472 C12738.347 B-17.955 E.04281
G1 Y-.0549 Z.5483 C12742.6 B-17.959 E.04272
G1 Y.0073 Z.5494 C12746.251 B-17.962 E.03676
G1 Y-.0435 Z.5506 C12750.507 B-17.965 E.04276
G1 Y.0234 Z.5517 C12754.153 B-17.969 E.03674
G1 Z.5528 C12758.414 B-17.972 E.04280
G1 Z.5544 C12762.667 B-17.977 E.04270
G1 X11.4516 Z.5568 C12767.536 B-17.984 E.04865
G1 Y-.0487 Z.558 C12771.789 B-17.987 E.04256
G1 Y.0242 Z.5591 C12775.44 B-17.991 E.03659
G1 Y-.029 Z.5602 C12779.696 B-17.994 E.04252
G1 Y.0212 Z.5613 C12783.342 B-17.997 E.03644
G1 Y-.0478 Z.5624 C12787.603 B-18.001 E.04263
G1 Z.5635 C12791.248 B-18.004 E.03643
G1 Y.0519 Z.5646 C12794.899 B-18.007 E.03675
G1 Y-.0081 Z.5657 C12799.156 B-18.01 E.04256
G1 Z.5669 C12803.411 B-18.014 E.04243
G1 Z.5686 C12808.278 B-18.019 E.04856
G1 Z.5695 C12811.316 B-18.022 E.03035
G1 Z.5707 C12814.968 B-18.025 E.03646
G1 Z.572 C12819.223 B-18.029 E.04244
G1 Y.055 Z.5733 C12822.87 B-18.033 E.03652
G1 Z.5746 C12827.13 B-18.037 E.04254
G1 Y-.0233 Z.5759 C12831.383 B-18.041 E.04260
G1 Y.0501 Z.5772 C12835.036 B-18.045 E.03663
G1 Z.5785 C12839.289 B-18.048 E.04246
G1 Z.58 C12843.548 B-18.053 E.04249
G1 Y-.0382 Z.5815 C12848.412 B-18.057 E.04872
G1 Y.0403 Z.5828 C12852.059 B-18.061 E.03661
G1 Z.5841 C12856.319 B-18.065 E.04253
G1 Y-.0157 Z.5854 C12860.572 B-18.069 E.04253
G1 Z.5867 C12864.833 B-18.072 E.04255
G1 Y.038 Z.588 C12868.479 B-18.076 E.03650
G1 Y-.0172 Z.5892 C12872.737 B-18.08 E.04259
G1 Y.0418 Z.5905 C12876.386 B-18.083 E.03656
G1 Z.5921 C12881.248 B-18.088 E.04853
G1 Y-.0479 Z.5936 C12886.116 B-18.093 E.04880
G1 Y.049 Z.5949 C12889.153 B-18.096 E.03075
G1 Z.5962 C12893.414 B-18.1 E.04261
G1 Y-.0444 Z.5975 C12897.668 B-18.104 E.04274
G1 Y.0232 Z.5987 C12901.317 B-18.107 E.03662
G1 X11.4007 Z.6 C12905.575 B-18.111 E.04240
G1 Z.6012 C12909.221 B-18.115 E.03622
G1 Z.6025 C12913.482 B-18.118 E.04231
G1 Y-.03 Z.6038 C12917.735 B-18.122 E.04230
G1 Z.6053 C12921.995 B-18.126 E.04233
G1 Z.6073 C12927.465 B-18.132 E.05430
G1 Y.0437 Z.6086 C12931.116 B-18.136 E.03643
G1 Z.6099 C12935.372 B-18.14 E.04229
G1 Y-.0224 Z.6112 C12939.627 B-18.143 E.04237
G1 Y.0552 Z.6125 C12943.279 B-18.147 E.03647
G1 Z.6137 C12947.532 B-18.151 E.04225
G1 Y.0003 Z.615 C12951.793 B-18.154 E.04240
G1 Z.6163 C12956.046 B-18.158 E.04225
G1 Z.6189 C12960.914 B-18.165 E.04834
G1 Z.6212 C12965.776 B-18.172 E.04828
G1 Z.621 C12968.816 E.03025
G1 Z.6223 C12973.076 B-18.175 E.04231
G1 Z.6235 C12976.721 B-18.179 E.03629
G1 Z.6248 C12980.982 B-18.182 E.04232
G1 Z.626 C12985.235 B-18.186 E.04231
G1 Z.6272 C12988.884 B-18.189 E.03627
G1 Z.6285 C12993.143 B-18.193 E.04233
G1 Z.6297 C12996.788 B-18.196 E.03629
G1 Z.6314 C13001.657 B-18.201 E.04839
G1 Z.6333 C13005.91 B-18.206 E.04228
G1 Z.6349 C13010.779 B-18.211 E.04838
G1 Z.6361 C13015.032 B-18.214 E.04229
G1 Z.6374 C13018.683 B-18.218 E.03638
G1 Z.6386 C13022.94 B-18.221 E.04232
G1 Z.6399 C13027.194 B-18.225 E.04230
G1 Y-.0521 Z.6411 C13031.454 B-18.229 E.04244
G1 Y.0268 Z.6423 C13035.099 B-18.232 E.03648
G1 Z.6436 C13039.36 B-18.235 E.04239
G1 X11.3485 Y-.031 Z.6456 C13044.221 B-18.241 E.04819
G1 Y.0344 Z.6475 C13048.481 B-18.246 E.04222
G1 Z.6487 C13052.736 B-18.25 E.04211
G1 Z.6499 C13056.384 B-18.253 E.03605
G1 Z.6511 C13060.644 B-18.257 E.04215
G1 Z.6523 C13064.288 B-18.26 E.03602
G1 Z.6535 C13068.549 B-18.263 E.04213
G1 Y-.0405 Z.6547 C13072.803 B-18.267 E.04221
G1 Y.0248 Z.6559 C13076.452 B-18.27 E.03621
G1 Z.6578 C13081.318 B-18.275 E.04810
G1 Z.66 C13086.182 B-18.281 E.04809
G1 Z.662 C13089.833 B-18.287 E.03612
G1 Y-.0447 Z.6631 C13094.086 B-18.29 E.04218
G1 Y.0266 Z.6646 C13097.739 B-18.294 E.03629
G1 Z.666 C13101.992 B-18.298 E.04208
G1 Y-.0475 Z.6675 C13106.251 B-18.302 E.04227
G1 Y.0267 Z.669 C13109.9 B-18.306 E.03627
G1 Z.6704 C13114.153 B-18.31 E.04208
G1 Y-.0383 Z.6719 C13118.414 B-18.314 E.04226
G1 Z.6733 C13122.667 B-18.318 E.04206
G1 Z.6744 C13126.928 B-18.321 E.04216
G1 Z.6756 C13131.181 B-18.324 E.04206
G1 Y.0504 Z.6772 C13134.83 B-18.329 E.03637
G1 Z.6786 C13139.089 B-18.333 E.04217
G1 Y-.0367 Z.68 C13143.342 B-18.337 E.04229
G1 Y.0188 Z.6815 C13146.995 B-18.341 E.03626
G1 Y-.0314 Z.6829 C13151.248 B-18.344 E.04215
G1 Y.0308 Z.6843 C13154.899 B-18.348 E.03627
G1 Z.6873 C13159.156 B-18.356 E.04219
G1 Z.6847 C13163.411 B-18.349 E.04217
G1 Y-.0416 Z.6855 C13165.847 B-18.352 E.02444
G1 Z.6872 C13170.708 B-18.356 E.04809
G1 Y.0515 Z.6886 C13174.359 B-18.36 E.03645
G1 Z.6899 C13178.615 B-18.364 E.04215
G1 X11.2978 Y-.004 Z.6913 C13182.87 B-18.368 E.04203
G1 Z.6927 C13187.13 B-18.371 E.04193
G1 Y-.0542 Z.6941 C13191.383 B-18.375 E.04191
G1 Y.0313 Z.6954 C13195.036 B-18.379 E.03619
G1 Z.6968 C13199.289 B-18.382 E.04185
G1 Z.6982 C13203.548 B-18.386 E.04195
G1 Y-.03 Z.6997 C13207.804 B-18.39 E.04198
G1 Z.7012 C13212.059 B-18.394 E.04187
G1 Y.046 Z.7026 C13215.712 B-18.398 E.03614
G1 Z.704 C13219.964 B-18.402 E.04184
G1 Z.7054 C13224.225 B-18.406 E.04195
G1 Z.7067 C13228.479 B-18.409 E.04191
G1 Y-.0384 Z.7081 C13232.737 B-18.413 E.04211
G1 Y.0326 Z.7094 C13236.386 B-18.416 E.03608
G1 Z.7111 C13241.248 B-18.421 E.04785
G1 Z.7126 C13245.508 B-18.425 E.04199
G1 Y-.0525 Z.7139 C13249.153 B-18.429 E.03613
G1 Y.0254 Z.7152 C13252.806 B-18.432 E.03617
G1 Z.7166 C13257.06 B-18.436 E.04190
G1 Y-.0388 Z.7179 C13261.317 B-18.44 E.04203
G1 Y.0421 Z.7193 C13264.968 B-18.443 E.03617
G1 Z.7206 C13269.221 B-18.447 E.04189
G1 Y-.0133 Z.722 C13273.482 B-18.45 E.04204
G1 Z.7233 C13277.735 B-18.454 E.04189
G1 Z.7249 C13281.995 B-18.458 E.04195
G1 Z.7269 C13286.857 B-18.463 E.04788
G1 Z.7283 C13291.116 B-18.467 E.04199
G1 Y.0392 Z.7297 C13294.765 B-18.471 E.03605
G1 Z.731 C13299.018 B-18.474 E.04190
G1 Z.7324 C13303.279 B-18.478 E.04202
G1 Y-.0127 Z.7337 C13307.532 B-18.481 E.04198
G1 Z.7351 C13311.793 B-18.485 E.04199
G1 Z.7364 C13316.046 B-18.489 E.04193
G1 X11.2476 Y.0549 Z.7378 C13319.695 B-18.492 E.03598
G1 Z.7393 C13323.346 B-18.496 E.03578
G1 Z.7413 C13328.207 B-18.502 E.04761
G1 Z.7426 C13332.468 B-18.505 E.04179
G1 Y-.0266 Z.7439 C13336.721 B-18.508 E.04185
G1 Y.0483 Z.7453 C13340.373 B-18.512 E.03596
G1 Z.7466 C13344.628 B-18.515 E.04170
G1 Y-.0136 Z.7479 C13348.884 B-18.519 E.04180
G1 Z.7492 C13353.143 B-18.522 E.04175
G1 Y.0365 Z.7505 C13356.788 B-18.526 E.03579
G1 Z.7522 C13361.657 B-18.53 E.04772
G1 Z.7541 C13365.302 B-18.535 E.03572
G1 Z.7558 C13370.171 B-18.54 E.04770
G1 Z.7571 C13374.425 B-18.543 E.04172
G1 Y-.0254 Z.7585 C13378.683 B-18.547 E.04183
G1 Z.7598 C13382.94 B-18.55 E.04172
G1 Y.0467 Z.7611 C13386.586 B-18.554 E.03591
G1 Z.7625 C13390.847 B-18.557 E.04176
G1 Z.7637 C13395.099 B-18.56 E.04171
G1 Y-.0043 Z.7651 C13399.36 B-18.564 E.04183
G1 Z.7669 C13403.614 B-18.569 E.04172
G1 Z.7688 C13407.872 B-18.574 E.04180
G1 Z.7703 C13412.129 B-18.577 E.04173
G1 Z.7716 C13416.384 B-18.581 E.04173
G1 Z.7729 C13420.036 B-18.584 E.03589
G1 Z.7742 C13424.288 B-18.587 E.04169
G1 Z.7754 C13428.549 B-18.591 E.04179
G1 Y.0486 Z.7767 C13432.196 B-18.594 E.03587
G1 Z.778 C13436.452 B-18.597 E.04177
G1 Z.7799 C13441.318 B-18.602 E.04773
G1 Z.7821 C13445.573 B-18.608 E.04175
G1 Z.7839 C13450.44 B-18.612 E.04773
G1 Z.7852 C13454.694 B-18.616 E.04179
G1 X11.1967 Y-.0206 Z.7865 C13458.955 B-18.619 E.04176
G1 Z.7878 C13463.207 B-18.622 E.04147
G1 Y.0436 Z.7891 C13466.86 B-18.626 E.03576
G1 Z.7903 C13471.115 B-18.629 E.04150
G1 Z.7916 C13475.371 B-18.632 E.04155
G1 Y-.0158 Z.7929 C13479.629 B-18.635 E.04162
G1 Z.7946 C13483.883 B-18.64 E.04148
G1 Y.0515 Z.7964 C13487.536 B-18.645 E.03578
G1 Z.7983 C13491.789 B-18.649 E.04152
G1 Z.7996 C13496.049 B-18.653 E.04161
G1 Y-.0281 Z.8008 C13500.304 B-18.656 E.04168
G1 Y.0434 Z.8021 C13503.951 B-18.659 E.03574
G1 Z.8033 C13508.211 B-18.662 E.04158
G1 Y-.0304 Z.8046 C13512.464 B-18.665 E.04164
G1 Y.0422 Z.8058 C13516.117 B-18.668 E.03581
G1 Z.8076 C13520.978 B-18.673 E.04741
G1 Y-.0165 Z.8081 C13523.411 B-18.674 E.02393
G1 Z.8136 C13527.671 B-18.688 E.04156
G1 Z.8105 C13530.1 B-18.68 E.02371
G1 Z.812 C13534.359 B-18.684 E.04155
G1 Z.8135 C13538.615 B-18.688 E.04155
G1 Y.0463 Z.8149 C13542.261 B-18.691 E.03571
G1 Z.8164 C13546.522 B-18.695 E.04158
G1 Z.8179 C13550.775 B-18.699 E.04151
G1 Z.8193 C13555.036 B-18.702 E.04161
G1 Z.8208 C13559.289 B-18.706 E.04155
G1 Y-.0275 Z.8223 C13563.548 B-18.71 E.04173
G1 Y.0297 Z.8239 C13567.197 B-18.714 E.03574
G1 Y-.0307 Z.8253 C13571.451 B-18.717 E.04163
G1 Z.8268 C13575.712 B-18.721 E.04159
G1 Z.8284 C13579.964 B-18.725 E.04151
G1 Z.8299 C13584.225 B-18.729 E.04160
G1 Z.8315 C13588.479 B-18.733 E.04154
G1 Y.0495 Z.8329 C13592.128 B-18.737 E.03588
G1 Z.8345 C13596.386 B-18.74 E.04161
G1 X11.1459 Y-.0142 Z.8363 C13601.248 B-18.745 E.04736
G1 Z.8378 C13604.901 B-18.749 E.03548
G1 Z.8385 C13608.546 B-18.75 E.03541
G1 Y.0452 Z.8399 C13612.197 B-18.754 E.03556
G1 Z.8413 C13616.453 B-18.757 E.04132
G1 Z.8428 C13620.708 B-18.761 E.04134
G1 Y-.0074 Z.8442 C13624.968 B-18.764 E.04143
G1 Z.8457 C13629.221 B-18.768 E.04128
G1 Z.8471 C13633.482 B-18.772 E.04138
G1 Z.8485 C13637.735 B-18.775 E.04132
G1 Z.85 C13641.995 B-18.779 E.04140
G1 Z.8518 C13646.25 B-18.783 E.04132
G1 Z.8534 C13650.506 B-18.787 E.04134
G1 Z.855 C13654.765 B-18.791 E.04138
G1 Z.8564 C13659.018 B-18.795 E.04134
G1 Y.0532 Z.8579 C13662.671 B-18.798 E.03560
G1 Y-.0534 Z.8593 C13667.532 B-18.802 E.04749
G1 Z.8608 C13671.793 B-18.805 E.04137
G1 Z.8622 C13676.046 B-18.809 E.04130
G1 Z.8636 C13680.305 B-18.812 E.04136
G1 Z.8659 C13683.346 B-18.818 E.02960
G1 Y.0526 Z.8673 C13687.599 B-18.821 E.04164
G1 Z.8688 C13691.86 B-18.825 E.04140
G1 Z.8704 C13696.113 B-18.829 E.04137
G1 Y-.0135 Z.872 C13700.373 B-18.833 E.04151
G1 Z.8736 C13704.628 B-18.837 E.04135
G1 Z.8751 C13708.884 B-18.84 E.04139
G1 Y.042 Z.8767 C13712.535 B-18.844 E.03560
G1 Z.8783 C13716.788 B-18.848 E.04133
G1 Y-.0225 Z.8803 C13721.657 B-18.853 E.04741
G1 Z.8819 C13725.302 B-18.857 E.03545
G1 Y.0302 Z.8832 C13729.562 B-18.86 E.04149
G1 Z.8848 C13733.817 B-18.864 E.04137
G1 Z.8863 C13738.074 B-18.867 E.04140
G1 X11.0951 Z.8878 C13742.332 B-18.871 E.04123
G1 Z.8894 C13746.586 B-18.875 E.04112
G1 Z.8909 C13750.847 B-18.879 E.04120
G1 Z.8924 C13755.099 B-18.882 E.04112
G1 Z.8939 C13759.36 B-18.886 E.04121
G1 Z.8953 C13763.614 B-18.889 E.04116
G1 Y-.0361 Z.8968 C13767.872 B-18.893 E.04127
G1 Y.0334 Z.8985 C13771.521 B-18.897 E.03543
G1 Z.9001 C13775.775 B-18.901 E.04113
G1 Y-.0194 Z.9016 C13780.036 B-18.904 E.04125
G1 Z.9031 C13784.288 B-18.908 E.04110
G1 Y.0479 Z.9046 C13787.941 B-18.912 E.03546
G1 Z.9061 C13792.196 B-18.915 E.04113
G1 Z.9076 C13796.452 B-18.919 E.04118
G1 Y-.0087 Z.909 C13801.318 B-18.922 E.04711
G1 Y.0541 Z.9104 C13804.964 B-18.925 E.03538
G1 Z.912 C13809.833 B-18.929 E.04706
G1 Z.9137 C13814.086 B-18.933 E.04113
G1 Z.9153 C13818.347 B-18.937 E.04123
G1 Z.9169 C13822.6 B-18.941 E.04118
G1 Y-.0011 Z.9186 C13826.86 B-18.945 E.04127
G1 Z.9203 C13831.115 B-18.949 E.04114
G1 Z.9219 C13835.371 B-18.953 E.04116
G1 Z.9236 C13839.629 B-18.957 E.04118
G1 Y.0536 Z.9264 C13843.275 B-18.963 E.03538
G1 Y-.0055 Z.9273 C13847.536 B-18.965 E.04131
G1 Z.9267 C13851.181 B-18.964 E.03531
G1 Z.9281 C13855.44 B-18.967 E.04124
G1 Z.9294 C13859.696 B-18.97 E.04119
G1 Z.9307 C13863.951 B-18.974 E.04116
G1 Z.932 C13868.211 B-18.977 E.04122
G1 Z.9334 C13872.464 B-18.98 E.04121
G1 Z.9347 C13876.117 B-18.983 E.03542
G1 Z.9365 C13880.978 B-18.987 E.04704
G1 Z.9371 C13883.411 B-18.988 E.02363
G1 X11.0428 Z.9423 C13887.063 B-19.001 E.03521
G1 Z.9394 C13889.493 B-18.994 E.02337
G1 Z.9409 C13893.749 B-18.998 E.04093
G1 Z.9425 C13898.008 B-19.001 E.04095
G1 Z.9441 C13902.261 B-19.005 E.04090
G1 Z.9457 C13906.522 B-19.009 E.04097
G1 Z.9473 C13910.775 B-19.012 E.04090
G1 Z.9489 C13915.036 B-19.016 E.04097
G1 Z.9506 C13919.289 B-19.02 E.04090
G1 Z.9522 C13923.548 B-19.024 E.04102
G1 Z.954 C13928.412 B-19.028 E.04678
G1 Z.9555 C13932.059 B-19.031 E.03511
G1 Z.9571 C13936.319 B-19.035 E.04102
G1 Y.0513 Z.9587 C13940.572 B-19.039 E.04100
G1 Y-.0394 Z.9604 C13945.441 B-19.043 E.04704
G1 Z.9619 C13949.694 B-19.046 E.04091
G1 Z.9635 C13953.955 B-19.05 E.04099
G1 Y.0463 Z.9651 C13957.601 B-19.054 E.03533
G1 Z.9671 C13962.467 B-19.059 E.04680
G1 Y-.0412 Z.9689 C13967.938 B-19.062 E.05280
G1 Z.9704 C13972.197 B-19.066 E.04097
G1 Z.9721 C13976.453 B-19.07 E.04095
G1 Y.0506 Z.9737 C13980.099 B-19.074 E.03539
G1 Z.9752 C13984.36 B-19.077 E.04100
G1 Z.9769 C13988.613 B-19.081 E.04093
G1 Z.9784 C13992.874 B-19.084 E.04101
G1 Z.9801 C13997.127 B-19.088 E.04093
G1 Z.9814 C14001.386 B-19.091 E.04099
G1 Z.983 C14005.642 B-19.095 E.04100
G1 Y-.0161 Z.984 C14009.897 B-19.097 E.04109
G1 Z.9857 C14014.157 B-19.101 E.04101
G1 Z.9873 C14018.41 B-19.105 E.04095
G1 Z.9888 C14022.671 B-19.108 E.04103
G1 Z.9903 C14026.924 B-19.112 E.04098
G1 Z.9919 C14031.184 B-19.115 E.04108
G1 Y.0389 Z.9934 C14035.439 B-19.119 E.04107
G1 Z.9949 C14039.695 B-19.122 E.04100
G1 X10.9913 Y-.0254 Z.9975 C14044.561 B-19.128 E.04675
G1 Z.9991 C14048.816 B-19.132 E.04072
G1 Z1.0008 C14053.076 B-19.135 E.04077
G1 Z1.0024 C14057.329 B-19.139 E.04071
G1 Z1.0041 C14061.59 B-19.143 E.04079
G1 Z1.0058 C14065.843 B-19.147 E.04072
G1 Z1.0074 C14070.103 B-19.151 E.04080
G1 Y.0521 Z1.0091 C14073.75 B-19.154 E.03512
G1 Z1.0108 C14078.005 B-19.158 E.04073
G1 Z1.0125 C14082.873 B-19.162 E.04662
G1 Y-.0032 Z1.0139 C14087.735 B-19.165 E.04662
G1 Z1.0156 C14091.995 B-19.169 E.04078
G1 Z1.0173 C14096.248 B-19.173 E.04072
G1 Z1.0191 C14100.509 B-19.177 E.04080
G1 Z1.0208 C14104.762 B-19.18 E.04073
G1 Z1.0225 C14109.022 B-19.184 E.04081
G1 Z1.0242 C14113.277 B-19.188 E.04080
G1 Y.0525 Z1.026 C14117.533 B-19.192 E.04085
G1 Z1.0272 C14121.792 B-19.195 E.04079
G1 Y-.0027 Z1.0276 C14126.045 B-19.196 E.04082
G1 Z1.0301 C14129.698 B-19.201 E.03505
G1 Z1.0316 C14133.951 B-19.205 E.04073
G1 Z1.0333 C14138.211 B-19.208 E.04080
G1 Z1.035 C14142.466 B-19.212 E.04076
G1 Z1.0368 C14146.722 B-19.216 E.04079
G1 Z1.0384 C14150.981 B-19.22 E.04083
G1 Z1.0401 C14155.234 B-19.224 E.04079
G1 Z1.0422 C14159.495 B-19.228 E.04087
G1 Z1.0425 C14163.14 B-19.229 E.03498
G1 Z1.0453 C14166.791 B-19.235 E.03503
G1 Z1.0466 C14171.048 B-19.238 E.04082
G1 Z1.0482 C14175.302 B-19.242 E.04079
G1 Z1.0499 C14179.562 B-19.245 E.04085
G1 Z1.0515 C14183.815 B-19.249 E.04078
G1 X10.9411 Z1.0531 C14188.077 B-19.252 E.04068
G1 Z1.0548 C14192.329 B-19.256 E.04051
G1 Z1.0564 C14196.589 B-19.259 E.04059
G1 Z1.0575 C14200.844 B-19.262 E.04054
G1 Z1.0635 C14203.275 B-19.275 E.02320
G1 Z1.0607 C14205.71 B-19.269 E.02328
G1 Z1.0609 C14210.574 E.04639
G1 Z1.063 C14215.44 B-19.274 E.04641
G1 Z1.0647 C14219.696 B-19.278 E.04060
G1 Y.05 Z1.0664 C14223.342 B-19.281 E.03484
G1 Z1.0681 C14227.603 B-19.285 E.04060
G1 Z1.0698 C14231.856 B-19.289 E.04054
G1 Z1.0715 C14236.117 B-19.293 E.04063
G1 Y-.0092 Z1.0742 C14240.978 B-19.298 E.04641
G1 Z1.0714 C14243.411 B-19.292 E.02320
G1 Z1.0724 C14245.847 B-19.295 E.02328
G1 Z1.0741 C14250.1 B-19.298 E.04058
G1 Y.0432 Z1.0758 C14254.359 B-19.302 E.04067
G1 Y-.0482 Z1.0774 C14259.223 B-19.305 E.04658
G1 Z1.0791 C14263.479 B-19.309 E.04057
G1 Z1.0807 C14267.738 B-19.313 E.04062
G1 Z1.0824 C14271.991 B-19.316 E.04061
G1 Y.0181 Z1.084 C14276.252 B-19.32 E.04075
G1 Z1.0857 C14280.505 B-19.323 E.04055
G1 Z1.0876 C14285.374 B-19.328 E.04641
G1 Z1.0894 C14290.234 B-19.331 E.04634
G1 Z1.0915 C14294.495 B-19.336 E.04063
G1 Z1.0933 C14298.749 B-19.34 E.04060
G1 Z1.095 C14303.616 B-19.343 E.04645
G1 Z1.0967 C14307.871 B-19.347 E.04059
G1 Z1.0983 C14312.128 B-19.351 E.04061
G1 Z1.1 C14316.386 B-19.354 E.04062
G1 Z1.1017 C14320.64 B-19.358 E.04060
G1 Z1.1037 C14325.508 B-19.362 E.04643
G1 Z1.1054 C14329.761 B-19.366 E.04059
G1 Z1.107 C14334.023 B-19.369 E.04069
G1 Y-.0511 Z1.1088 C14338.883 B-19.373 E.04649
G1 X10.8907 Z1.1104 C14343.144 B-19.377 E.04049
G1 Z1.1121 C14347.398 B-19.38 E.04036
G1 Z1.1138 C14351.656 B-19.384 E.04042
G1 Y.0011 Z1.1155 C14355.913 B-19.387 E.04045
G1 Z1.117 C14360.167 B-19.391 E.04035
G1 Z1.1181 C14364.427 B-19.393 E.04046
G1 Z1.1194 C14368.072 B-19.396 E.03457
G1 Z1.1227 C14372.333 B-19.403 E.04047
G1 Z1.1261 C14375.979 B-19.41 E.03464
G1 Z1.1235 C14377.802 B-19.404 E.01733
G1 Z1.1251 C14382.063 B-19.408 E.04047
G1 Z1.1267 C14386.924 B-19.411 E.04613
G1 Z1.1283 C14391.184 B-19.415 E.04041
G1 Z1.1299 C14395.439 B-19.418 E.04038
G1 Y.0518 Z1.1315 C14399.695 B-19.422 E.04045
G1 Z1.1366 C14403.346 B-19.432 E.03472
G1 Z1.1346 C14405.169 B-19.428 E.01733
G1 Z1.1361 C14409.425 B-19.431 E.04039
G1 Z1.138 C14413.683 B-19.435 E.04041
G1 Z1.1397 C14417.937 B-19.439 E.04037
G1 Z1.1415 C14422.198 B-19.443 E.04043
G1 Z1.1433 C14426.451 B-19.446 E.04036
G1 Y-.0436 Z1.1451 C14431.32 B-19.45 E.04644
G1 Z1.1468 C14435.573 B-19.454 E.04037
G1 Z1.1485 C14439.833 B-19.457 E.04045
G1 Y.0144 Z1.15 C14444.087 B-19.46 E.04048
G1 Z1.1516 C14448.344 B-19.464 E.04042
G1 Y-.0498 Z1.1534 C14453.21 B-19.467 E.04629
G1 Z1.1552 C14457.465 B-19.471 E.04041
G1 Z1.1571 C14461.725 B-19.475 E.04049
G1 Y.0126 Z1.1589 C14465.977 B-19.479 E.04049
G1 Z1.1607 C14470.239 B-19.483 E.04049
G1 Y-.0461 Z1.1626 C14475.099 B-19.487 E.04623
G1 Z1.1644 C14479.36 B-19.49 E.04050
G1 Y.044 Z1.1666 C14483.006 B-19.495 E.03495
G1 Y-.0454 Z1.1654 C14486.045 B-19.492 E.02926
G1 X10.8391 Z1.1709 C14488.481 B-19.504 E.02314
G1 Z1.1677 C14490.914 B-19.497 E.02297
G1 Z1.1693 C14495.167 B-19.501 E.04014
G1 Z1.1708 C14499.428 B-19.504 E.04022
G1 Z1.1724 C14503.681 B-19.507 E.04015
G1 Z1.1739 C14507.941 B-19.51 E.04022
G1 Z1.1754 C14512.196 B-19.513 E.04018
G1 Z1.1769 C14516.452 B-19.516 E.04021
G1 Y.0409 Z1.179 C14520.711 B-19.521 E.04043
G1 Z1.1819 C14524.356 B-19.527 E.03448
G1 Z1.1834 C14528.617 B-19.53 E.04022
G1 Y-.0402 Z1.1853 C14533.478 B-19.534 E.04606
G1 Z1.1871 C14537.739 B-19.537 E.04023
G1 Z1.189 C14541.992 B-19.541 E.04018
G1 Y.0112 Z1.1909 C14546.251 B-19.545 E.04029
G1 Z1.1927 C14550.507 B-19.549 E.04019
G1 Z1.1946 C14554.762 B-19.553 E.04022
G1 Z1.1964 C14559.629 B-19.556 E.04599
G1 Z1.1983 C14563.275 B-19.56 E.03443
G1 Z1.2 C14568.144 B-19.564 E.04601
G1 Z1.2018 C14571.789 B-19.567 E.03443
G1 Z1.2035 C14576.049 B-19.571 E.04023
G1 Z1.2051 C14580.304 B-19.574 E.04020
G1 Z1.2067 C14584.56 B-19.577 E.04022
G1 Z1.2084 C14588.819 B-19.581 E.04025
G1 Z1.2101 C14593.072 B-19.584 E.04022
G1 Y-.0518 Z1.2118 C14597.941 B-19.588 E.04609
G1 Z1.2161 C14600.371 B-19.596 E.02301
G1 Z1.2109 C14603.411 B-19.586 E.02879
G1 Z1.2161 C14607.671 B-19.596 E.04027
G1 Y.0373 Z1.2135 C14609.493 B-19.591 E.01785
G1 Y-.041 Z1.2152 C14614.359 B-19.595 E.04613
G1 Z1.217 C14618.615 B-19.598 E.04024
G1 Y.0141 Z1.2187 C14622.87 B-19.602 E.04030
G1 Z1.2205 C14627.13 B-19.605 E.04028
G1 Z1.2222 C14631.991 B-19.609 E.04597
G1 Z1.224 C14636.252 B-19.612 E.04028
G1 Z1.2257 C14640.505 B-19.616 E.04022
G1 Z1.2276 C14645.374 B-19.62 E.04605
G1 Z1.2294 C14649.627 B-19.623 E.04021
G1 Z1.2308 C14652.668 B-19.626 E.02881
G1 X10.788 Z1.2326 C14656.927 B-19.63 E.04011
G1 Z1.2345 C14661.789 B-19.633 E.04571
G1 Z1.2363 C14666.049 B-19.637 E.04002
G1 Z1.2381 C14670.302 B-19.641 E.03998
G1 Y-.0429 Z1.2399 C14675.171 B-19.644 E.04583
G1 Z1.2416 C14679.424 B-19.648 E.03996
G1 Z1.2432 C14683.685 B-19.651 E.04004
G1 Z1.2449 C14687.938 B-19.654 E.04000
G1 Y.0216 Z1.2468 C14692.197 B-19.658 E.04014
G1 Z1.2486 C14696.453 B-19.662 E.04000
G1 Y-.0344 Z1.2504 C14701.317 B-19.665 E.04578
G1 Z1.2522 C14705.575 B-19.669 E.04003
G1 Y.0183 Z1.2541 C14709.829 B-19.673 E.04006
G1 Z1.2559 C14714.09 B-19.676 E.04006
G1 Z1.2577 C14718.95 B-19.68 E.04572
G1 Z1.2596 C14722.603 B-19.683 E.03433
G1 Z1.2616 C14726.25 B-19.687 E.03428
G1 C14729.897 E.03428
G1 Z1.2629 C14732.941 B-19.69 E.02862
G1 Y-.0479 Z1.2647 C14737.802 B-19.694 E.04580
G1 Z1.2664 C14742.063 B-19.697 E.04009
G1 Y.0292 Z1.2681 C14746.317 B-19.7 E.04017
G1 Y-.0309 Z1.2698 C14751.184 B-19.704 E.04584
G1 Z1.2715 C14755.439 B-19.707 E.04006
G1 Z1.2732 C14760.305 B-19.711 E.04575
G1 Z1.278 C14764.561 B-19.72 E.04004
G1 Y.0441 Z1.2801 C14768.207 B-19.724 E.03451
G1 Y-.0285 Z1.2781 C14770.643 B-19.72 E.02324
G1 Z1.2798 C14774.898 B-19.723 E.04002
G1 Z1.2814 C14779.155 B-19.727 E.04007
G1 Y.0286 Z1.2831 C14783.413 B-19.73 E.04015
G1 Y-.0491 Z1.2848 C14788.275 B-19.733 E.04588
G1 Z1.2864 C14792.535 B-19.736 E.04009
G1 Z1.2881 C14796.788 B-19.74 E.04009
G1 Y.0133 Z1.2898 C14801.05 B-19.743 E.04022
G1 Z1.2918 C14805.302 B-19.747 E.04001
G1 Z1.2938 C14809.562 B-19.751 E.04011
G1 X10.7374 Z1.2957 C14813.817 B-19.754 E.03986
G1 Z1.2974 C14818.074 B-19.758 E.03983
G1 Z1.2991 C14822.94 B-19.761 E.04554
G1 Z1.3007 C14827.194 B-19.764 E.03977
G1 Z1.3024 C14831.454 B-19.768 E.03987
G1 Z1.304 C14836.315 B-19.771 E.04547
G1 Z1.3057 C14840.576 B-19.774 E.03984
G1 Z1.3081 C14845.437 B-19.779 E.04545
G1 Z1.3105 C14850.306 B-19.783 E.04556
G1 Z1.3121 C14854.559 B-19.786 E.03979
G1 Z1.3138 C14858.82 B-19.789 E.03985
G1 Z1.3154 C14863.073 B-19.793 E.03977
G1 Z1.317 C14867.332 B-19.796 E.03985
G1 Y-.0402 Z1.3186 C14872.196 B-19.799 E.04556
G1 Z1.3202 C14876.452 B-19.802 E.03982
G1 Y.0141 Z1.3221 C14880.711 B-19.805 E.03992
G1 Z1.3246 C14885.573 B-19.81 E.04554
G1 Z1.3266 C14889.833 B-19.814 E.03986
G1 Z1.3284 C14894.086 B-19.818 E.03978
G1 Z1.3301 C14898.347 B-19.821 E.03990
G1 Z1.3317 C14903.207 B-19.824 E.04550
G1 Z1.3334 C14907.468 B-19.827 E.03987
G1 Z1.335 C14911.722 B-19.83 E.03983
G1 Z1.3366 C14916.589 B-19.833 E.04557
G1 Z1.3381 C14920.844 B-19.836 E.03982
G1 Z1.3407 C14925.101 B-19.841 E.03987
G1 Y-.0389 Z1.3432 C14929.967 B-19.846 E.04561
G1 Z1.3448 C14934.221 B-19.849 E.03988
G1 Y.0395 Z1.3464 C14938.481 B-19.852 E.04007
G1 Y-.0437 Z1.348 C14943.342 B-19.855 E.04568
G1 Z1.3495 C14947.603 B-19.858 E.03990
G1 Z1.3511 C14951.856 B-19.861 E.03985
G1 Z1.3526 C14956.117 B-19.864 E.03998
G1 Y.0439 Z1.3546 C14960.371 B-19.867 E.04008
G1 Y-.0178 Z1.3554 C14963.411 B-19.869 E.02868
G1 X10.6871 Z1.3602 C14967.063 B-19.878 E.03408
G1 Y.0457 Z1.3578 C14968.885 B-19.874 E.01725
G1 Y-.0233 Z1.3597 C14973.749 B-19.877 E.04539
G1 Z1.3616 C14978.008 B-19.881 E.03968
G1 Z1.3635 C14982.87 B-19.884 E.04525
G1 Z1.3653 C14987.13 B-19.888 E.03966
G1 Y.0448 Z1.3672 C14991.383 B-19.891 E.03972
G1 Y-.011 Z1.3691 C14996.252 B-19.895 E.04540
G1 Z1.3709 C15000.505 B-19.898 E.03965
G1 Z1.3727 C15004.766 B-19.902 E.03970
G1 Z1.3743 C15009.019 B-19.905 E.03960
G1 Z1.3763 C15013.887 B-19.909 E.04532
G1 Z1.3783 C15018.142 B-19.912 E.03963
G1 Z1.3802 C15023.007 B-19.916 E.04528
G1 Z1.3822 C15027.264 B-19.919 E.03967
G1 Z1.384 C15032.128 B-19.923 E.04530
G1 Z1.3859 C15036.386 B-19.926 E.03964
G1 Z1.3876 C15040.64 B-19.929 E.03960
G1 Z1.3888 C15044.901 B-19.932 E.03968
G1 Z1.3907 C15049.153 B-19.935 E.03962
G1 Z1.3926 C15053.414 B-19.939 E.03968
G1 Z1.3944 C15057.668 B-19.942 E.03963
G1 Z1.3962 C15062.535 B-19.946 E.04535
G1 Z1.398 C15066.79 B-19.949 E.03962
G1 Z1.3998 C15071.047 B-19.952 E.03970
G1 Z1.4016 C15075.913 B-19.955 E.04532
G1 Z1.4034 C15080.167 B-19.959 E.03964
G1 Z1.4055 C15085.035 B-19.963 E.04534
G1 Z1.4075 C15089.288 B-19.967 E.03967
G1 Z1.4089 C15092.333 B-19.969 E.02847
G1 Z1.4108 C15097.194 B-19.972 E.04528
G1 Z1.4126 C15101.454 B-19.976 E.03974
G1 Z1.4144 C15106.317 B-19.979 E.04530
G1 Z1.4162 C15110.575 B-19.983 E.03976
G1 Z1.418 C15115.439 B-19.986 E.04532
G1 Y.0475 Z1.4198 C15119.695 B-19.989 E.03978
G1 Z1.4233 C15123.346 B-19.996 E.03406
G1 Y-.0385 C15127.599 E.03988
G1 Z1.4248 C15130.034 B-19.998 E.02281
G1 X10.6366 Z1.427 C15134.291 B-20.002 E.03957
G1 Y.0396 Z1.4289 C15138.546 B-20.006 E.03960
G1 Y-.0258 Z1.4309 C15143.413 B-20.009 E.04519
G1 Z1.4328 C15147.667 B-20.013 E.03944
G1 Y.0472 Z1.4348 C15151.928 B-20.017 E.03963
G1 Y-.0134 Z1.4368 C15156.788 B-20.02 E.04511
G1 Z1.4381 C15161.05 B-20.023 E.03948
G1 Z1.4387 C15165.302 B-20.024 E.03942
G1 Z1.4406 C15168.953 B-20.027 E.03383
G1 Z1.4428 C15173.21 B-20.031 E.03947
G1 Z1.4445 C15178.074 B-20.034 E.04506
G1 Z1.4463 C15182.332 B-20.037 E.03946
G1 Z1.448 C15187.194 B-20.041 E.04505
G1 Z1.4498 C15191.454 B-20.044 E.03949
G1 Z1.4515 C15196.315 B-20.047 E.04504
G1 Z1.4534 C15200.576 B-20.05 E.03951
G1 Z1.4557 C15205.437 B-20.054 E.04505
G1 Z1.458 C15209.698 B-20.059 E.03948
G1 Z1.4597 C15213.951 B-20.062 E.03942
G1 Z1.4615 C15218.211 B-20.065 E.03955
G1 Z1.4632 C15223.073 B-20.068 E.04506
G1 Z1.4649 C15227.332 B-20.071 E.03948
G1 Z1.4666 C15231.588 B-20.074 E.03951
G1 Z1.4682 C15236.452 B-20.077 E.04508
G1 Z1.4701 C15240.711 B-20.08 E.03948
G1 Z1.4723 C15244.964 B-20.084 E.03943
G1 Z1.4746 C15249.225 B-20.089 E.03951
G1 Z1.4766 C15253.478 B-20.092 E.03949
G1 Z1.4783 C15258.347 B-20.095 E.04514
G1 Z1.48 C15262.6 B-20.098 E.03946
G1 Z1.4817 C15267.468 B-20.101 E.04515
G1 Z1.4834 C15271.722 B-20.104 E.03947
G1 Z1.4851 C15276.589 B-20.107 E.04515
G1 Z1.487 C15280.844 B-20.11 E.03948
G1 Z1.4892 C15285.101 B-20.115 E.03949
G1 Z1.4913 C15289.359 B-20.118 E.03953
G1 X10.5862 Z1.4957 C15293.613 B-20.126 E.03933
G1 Z1.4976 C15298.481 B-20.129 E.04488
G1 Z1.4992 C15302.734 B-20.132 E.03921
G1 Z1.5012 C15306.995 B-20.136 E.03934
G1 Z1.503 C15311.856 B-20.139 E.04483
G1 Z1.5049 C15316.117 B-20.142 E.03928
G1 Z1.5061 C15320.371 B-20.144 E.03924
G1 Z1.5047 C15323.411 B-20.142 E.02803
G1 Z1.5064 C15327.063 B-20.145 E.03375
G1 Y.041 Z1.5082 C15331.316 B-20.148 E.03930
G1 Z1.5102 C15336.185 B-20.152 E.04495
G1 Z1.5121 C15340.438 B-20.155 E.03921
G1 Z1.5141 C15345.306 B-20.159 E.04491
G1 Y-.0368 Z1.516 C15350.167 B-20.162 E.04498
G1 Y.0203 Z1.518 C15354.427 B-20.166 E.03938
G1 Z1.5199 C15359.289 B-20.169 E.04486
G1 Y-.0412 Z1.5214 C15362.939 B-20.171 E.03380
G1 Z1.5231 C15366.589 B-20.174 E.03372
G1 Z1.5246 C15370.234 B-20.177 E.03362
G1 Y.0366 Z1.5267 C15374.495 B-20.181 E.03948
G1 Z1.5315 C15376.927 B-20.189 E.02247
G1 Z1.5285 C15379.356 B-20.184 E.02246
G1 Z1.5335 C15381.789 B-20.193 E.02256
G1 Y-.0187 Z1.5307 C15384.225 B-20.188 E.02266
G1 Y.0403 Z1.5325 C15388.479 B-20.191 E.03935
G1 Y-.0132 Z1.5343 C15393.346 B-20.194 E.04496
G1 Z1.5362 C15397.601 B-20.197 E.03930
G1 Z1.538 C15401.857 B-20.2 E.03926
G1 Y.042 Z1.541 C15405.508 B-20.206 E.03381
G1 Z1.5415 C15409.761 E.03930
G1 Z1.5428 C15412.806 B-20.209 E.02822
G1 Z1.5449 C15417.06 B-20.212 E.03925
G1 Z1.5466 C15421.926 B-20.215 E.04495
G1 Z1.5489 C15426.183 B-20.219 E.03929
G1 Z1.5504 C15431.047 B-20.222 E.04492
G1 Y-.0398 Z1.5528 C15435.913 B-20.226 E.04509
G1 Y.0169 Z1.5542 C15440.167 B-20.229 E.03937
G1 Z1.5564 C15444.427 B-20.232 E.03933
G1 Z1.5583 C15448.68 B-20.236 E.03928
G1 Z1.5596 C15451.725 B-20.238 E.02819
G1 Z1.5618 C15456.587 B-20.242 E.04488
G1 Z1.5635 C15461.454 B-20.245 E.04499
G1 X10.5343 Y-.0438 Z1.5686 C15463.887 B-20.253 E.02267
G1 Y.0401 Z1.5659 C15465.709 B-20.249 E.01723
G1 Z1.5705 C15468.14 B-20.257 E.02231
G1 Z1.5673 C15470.575 B-20.251 E.02238
G1 Z1.5726 C15473.009 B-20.26 E.02244
G1 Y-.0179 Z1.57 C15475.439 B-20.256 E.02248
G1 Z1.5745 C15477.869 B-20.263 E.02230
G1 Y.0372 Z1.5733 C15480.914 B-20.261 E.02807
G1 Z1.5786 C15484.561 B-20.27 E.03348
G1 Z1.5757 C15486.991 B-20.265 E.02239
G1 Z1.5765 C15490.643 B-20.267 E.03350
G1 Y-.0177 Z1.5784 C15495.506 B-20.27 E.04469
G1 Z1.5801 C15499.764 B-20.273 E.03912
G1 Z1.5825 C15504.628 B-20.277 E.04462
G1 Z1.5838 C15508.884 B-20.279 E.03910
G1 Z1.5865 C15513.75 B-20.284 E.04464
G1 Z1.5876 C15518.005 B-20.286 E.03911
G1 Z1.5894 C15522.265 B-20.289 E.03909
G1 Z1.5924 C15525.91 B-20.294 E.03348
G1 Z1.5936 C15529.562 B-20.296 E.03359
G1 Y.0372 Z1.5947 C15532.602 B-20.298 E.02803
G1 Z1.5963 C15537.465 B-20.301 E.04466
G1 Y-.0407 Z1.5988 C15542.332 B-20.305 E.04482
G1 Y.0241 Z1.6001 C15546.586 B-20.307 E.03917
G1 Z1.6054 C15549.022 B-20.316 E.02240
G1 Z1.6029 C15551.454 B-20.312 E.02240
G1 Z1.6073 C15553.884 B-20.319 E.02246
G1 Y-.0412 Z1.6039 C15556.315 B-20.313 E.02257
G1 Y.0394 Z1.6095 C15558.143 B-20.323 E.01730
G1 Z1.6072 C15560.576 B-20.319 E.02237
G1 Z1.6093 C15564.829 B-20.323 E.03905
G1 Z1.6105 C15569.09 B-20.324 E.03918
G1 Z1.6131 C15573.344 B-20.329 E.03905
G1 Y-.0255 Z1.6152 C15578.211 B-20.332 E.04479
G1 Z1.6173 C15582.466 B-20.336 E.03913
G1 Z1.6177 C15587.332 B-20.337 E.04467
G1 Z1.6193 C15591.588 B-20.339 E.03913
G1 Z1.6223 C15596.452 B-20.345 E.04466
G1 Z1.6248 C15600.711 B-20.349 E.03912
G1 Z1.6251 C15604.964 E.03908
G1 Z1.6272 C15608.617 B-20.353 E.03364
G1 Y.0469 Z1.6292 C15612.87 B-20.356 E.03923
G1 Z1.6316 C15617.739 B-20.36 E.04476
G1 Y-.0363 Z1.6329 C15622.6 B-20.362 E.04484
G1 Y.023 Z1.6358 C15626.86 B-20.367 E.03926
G1 Z1.6367 C15631.722 B-20.368 E.04469
G1 X10.4836 Y-.0309 Z1.6422 C15634.153 B-20.378 E.02250
G1 Y.0484 Z1.6399 C15635.98 B-20.374 E.01714
G1 Z1.6403 C15640.844 E.04444
G1 Z1.6427 C15644.492 B-20.378 E.03330
G1 Y-.0312 Z1.6447 C15648.752 B-20.382 E.03909
G1 Z1.646 C15651.789 B-20.384 E.02774
G1 Z1.6512 C15654.221 B-20.393 E.02220
G1 Z1.6486 C15656.658 B-20.388 E.02226
G1 Z1.65 C15660.911 B-20.39 E.03888
G1 Z1.6518 C15665.779 B-20.394 E.04445
G1 Z1.6533 C15670.033 B-20.396 E.03885
G1 Y.0386 Z1.6583 C15674.29 B-20.404 E.03902
G1 Y-.0114 Z1.6597 C15679.156 B-20.406 E.04449
G1 Z1.6587 C15683.411 B-20.405 E.03885
G1 Z1.6602 C15687.063 B-20.407 E.03337
G1 Y.0471 Z1.6621 C15690.708 B-20.411 E.03341
G1 Y-.0397 Z1.6634 C15694.359 B-20.413 E.03362
G1 Z1.6648 C15697.4 B-20.415 E.02778
G1 Z1.6662 C15700.438 B-20.417 E.02777
G1 Z1.6675 C15703.479 B-20.419 E.02784
G1 Y.012 Z1.6689 C15706.522 B-20.422 E.02791
G1 Z1.6702 C15709.56 B-20.424 E.02776
G1 Z1.6716 C15712.6 B-20.426 E.02781
G1 Y-.0383 Z1.6729 C15716.252 B-20.428 E.03345
G1 Z1.6743 C15719.289 B-20.431 E.02776
G1 Y.0324 Z1.6758 C15722.329 B-20.433 E.02800
G1 Z1.6774 C15725.982 B-20.436 E.03337
G1 Y-.0199 Z1.6789 C15729.627 B-20.438 E.03340
G1 Z1.6803 C15732.668 B-20.44 E.02781
G1 Z1.6817 C15735.712 B-20.443 E.02789
G1 Y.0437 Z1.6831 C15738.749 B-20.445 E.02794
G1 Y-.0299 Z1.6845 C15742.398 B-20.447 E.03354
G1 Z1.6858 C15745.441 B-20.449 E.02784
G1 Z1.6872 C15748.479 B-20.452 E.02783
G1 Z1.6922 C15750.91 B-20.46 E.02227
G1 Z1.6894 C15753.346 B-20.455 E.02229
G1 Y.0208 Z1.6911 C15757.601 B-20.458 E.03896
G1 Z1.6929 C15761.857 B-20.461 E.03895
G1 Z1.6957 C15765.508 B-20.465 E.03343
G1 Z1.6964 C15769.153 B-20.467 E.03334
G1 Z1.6977 C15772.197 B-20.469 E.02786
G1 Z1.6991 C15775.238 B-20.471 E.02783
G1 Z1.7004 C15778.275 B-20.473 E.02779
G1 Z1.7017 C15781.317 B-20.475 E.02785
G1 Z1.7031 C15784.36 B-20.477 E.02788
G1 Y-.037 Z1.7044 C15788.005 B-20.48 E.03346
G1 Z1.7057 C15791.047 B-20.482 E.02786
G1 Z1.7071 C15794.09 B-20.484 E.02789
G1 Z1.7084 C15797.127 B-20.486 E.02788
G1 Y.0169 Z1.7097 C15800.167 B-20.488 E.02797
G1 Z1.7117 C15804.427 B-20.491 E.03901
G1 Z1.7136 C15808.072 B-20.495 E.03337
G1 Y-.0445 Z1.715 C15811.725 B-20.497 E.03358
G1 Z1.7164 C15814.765 B-20.499 E.02787
G1 X10.4332 Z1.7177 C15817.802 B-20.501 E.02777
G1 Y.0099 Z1.7191 C15820.845 B-20.503 E.02778
G1 Z1.7204 C15823.887 B-20.505 E.02766
G1 Y-.0446 Z1.7218 C15827.532 B-20.508 E.03323
G1 Z1.7231 C15830.575 B-20.51 E.02768
G1 Z1.7245 C15833.617 B-20.512 E.02773
G1 Y.0302 Z1.7258 C15836.654 B-20.514 E.02784
G1 Y-.0476 Z1.7272 C15840.305 B-20.516 E.03340
G1 Z1.7304 C15844.561 B-20.521 E.03867
G1 Z1.7318 C15848.816 B-20.524 E.03871
G1 Z1.7331 C15851.86 B-20.526 E.02774
G1 Y.0054 Z1.7345 C15854.898 B-20.528 E.02773
G1 Z1.7392 C15857.329 B-20.535 E.02212
G1 Z1.7385 C15860.982 B-20.534 E.03320
G1 Z1.7399 C15864.021 B-20.536 E.02764
G1 Z1.7412 C15867.059 B-20.539 E.02765
G1 Z1.7425 C15870.103 B-20.541 E.02774
G1 Z1.7438 C15873.75 B-20.543 E.03322
G1 Z1.7451 C15876.788 B-20.545 E.02766
G1 Z1.7478 C15879.833 B-20.549 E.02776
G1 Z1.7486 C15884.695 B-20.55 E.04424
G1 Z1.752 C15888.953 B-20.556 E.03874
G1 Z1.7526 C15891.995 B-20.557 E.02773
G1 Z1.7539 C15895.64 B-20.559 E.03319
G1 Z1.7553 C15898.683 B-20.561 E.02769
G1 Z1.7566 C15901.725 B-20.563 E.02767
G1 Z1.758 C15904.762 B-20.565 E.02763
G1 Z1.7593 C15907.803 B-20.567 E.02771
G1 Z1.7606 C15911.454 B-20.569 E.03327
G1 Z1.7619 C15914.492 B-20.571 E.02766
G1 Z1.7633 C15917.533 B-20.574 E.02767
G1 Z1.7653 C15921.184 B-20.577 E.03329
G1 Z1.7677 C15924.829 B-20.581 E.03320
G1 Z1.7689 C15928.481 B-20.583 E.03327
G1 Z1.7726 C15932.129 B-20.588 E.03321
G1 Z1.7699 C15934.559 B-20.584 E.02214
G1 Z1.7745 C15936.993 B-20.591 E.02221
G1 Z1.7715 C15939.428 B-20.587 E.02229
G1 Z1.7767 C15941.251 B-20.595 E.01676
G1 Z1.7766 C15945.505 E.03872
G1 Z1.78 C15949.158 B-20.6 E.03325
G1 Z1.779 C15952.803 B-20.598 E.03323
G1 Z1.7803 C15956.452 B-20.6 E.03330
G1 Z1.7832 C15959.495 B-20.605 E.02779
G1 Z1.7829 C15963.14 B-20.604 E.03319
G1 Z1.7841 C15966.791 B-20.606 E.03325
G1 Z1.7883 C15971.048 B-20.613 E.03874
G1 Z1.7895 C15974.086 B-20.615 E.02770
G1 Z1.7909 C15977.13 B-20.617 E.02778
G1 Z1.7924 C15980.17 B-20.619 E.02779
G1 Z1.7938 C15983.815 B-20.622 E.03327
G1 X10.383 Z1.7952 C15986.86 B-20.624 E.02767
G1 Z1.7967 C15989.9 B-20.626 E.02749
G1 Z1.7981 C15992.937 B-20.628 E.02746
G1 Z1.7996 C15995.98 B-20.631 E.02755
G1 Z1.801 C15999.629 B-20.633 E.03308
G1 Z1.803 C16002.667 B-20.636 E.02747
G1 Z1.8044 C16006.319 B-20.638 E.03304
G1 Z1.8055 C16009.359 B-20.64 E.02752
G1 Z1.8069 C16013.005 B-20.642 E.03305
G1 Z1.8084 C16016.049 B-20.644 E.02756
G1 Z1.8097 C16019.089 B-20.646 E.02749
G1 Z1.8129 C16022.734 B-20.651 E.03299
G1 Z1.8096 C16025.17 B-20.646 E.02203
G1 Z1.8151 C16027.603 B-20.654 E.02203
G1 Z1.8153 C16031.248 B-20.655 E.03297
G1 Z1.8183 C16035.508 B-20.66 E.03860
G1 Z1.8147 C16037.333 B-20.654 E.01656
G1 Z1.8166 C16041.586 B-20.657 E.03846
G1 Z1.8171 C16043.411 B-20.658 E.01657
G1 Z1.8185 C16046.472 B-20.66 E.02770
G1 Z1.8203 C16050.467 B-20.663 E.03613
G1 Z1.8218 C16053.595 B-20.665 E.02829
G1 Z1.8232 C16056.793 B-20.667 E.02893
G1 Z1.8247 C16059.83 B-20.669 E.02748
G1 Z1.8261 C16062.87 B-20.672 E.02756
G1 Z1.8275 C16066.522 B-20.674 E.03309
G1 Z1.829 C16069.56 B-20.676 E.02749
G1 Z1.8304 C16072.6 B-20.678 E.02751
G1 Z1.8319 C16075.644 B-20.68 E.02761
G1 Z1.8333 C16079.289 B-20.683 E.03301
G1 Z1.8348 C16082.329 B-20.685 E.02751
G1 Z1.8363 C16085.374 B-20.687 E.02763
G1 Z1.8377 C16089.019 B-20.689 E.03300
G1 Z1.8392 C16092.059 B-20.692 E.02752
G1 Z1.8407 C16095.104 B-20.694 E.02763
G1 Z1.8422 C16098.749 B-20.696 E.03301
G1 Z1.8436 C16101.789 B-20.698 E.02753
G1 Z1.8451 C16104.833 B-20.701 E.02764
G1 Z1.8465 C16108.479 B-20.703 E.03304
G1 Z1.848 C16111.519 B-20.705 E.02755
G1 Z1.8494 C16114.563 B-20.707 E.02757
G1 Z1.8508 C16117.601 B-20.709 E.02753
G1 Y-.0455 Z1.8529 C16121.857 B-20.713 E.03860
G1 Y.0212 Z1.8552 C16124.901 B-20.716 E.02778
G1 Z1.8556 C16128.546 E.03302
G1 Z1.857 C16131.587 B-20.719 E.02756
G1 Z1.8584 C16134.63 B-20.721 E.02759
G1 Y-.0413 Z1.8598 C16138.275 B-20.723 E.03316
G1 Z1.8612 C16141.317 B-20.725 E.02760
G1 Z1.8626 C16144.36 B-20.727 E.02766
G1 Y.0206 Z1.864 C16147.398 B-20.729 E.02772
G1 Z1.8654 C16150.438 B-20.731 E.02759
G1 Y-.0308 Z1.8668 C16154.09 B-20.734 E.03319
G1 Z1.8682 C16157.127 B-20.736 E.02758
G1 Z1.8696 C16160.167 B-20.738 E.02768
G1 Y.0241 Z1.8715 C16163.82 B-20.741 E.03323
G1 Z1.8734 C16167.465 B-20.743 E.03305
G1 Y-.0366 Z1.8748 C16171.116 B-20.746 E.03324
G1 X10.3323 Z1.8762 C16174.157 B-20.748 E.02750
G1 Y.02 Z1.8776 C16177.194 B-20.75 E.02747
G1 Z1.879 C16180.236 B-20.752 E.02740
G1 Z1.8804 C16183.887 B-20.754 E.03290
G1 Z1.8819 C16186.924 B-20.756 E.02733
G1 Y-.0469 Z1.8833 C16190.575 B-20.758 E.03302
G1 Z1.8847 C16193.617 B-20.76 E.02740
G1 Y.0202 Z1.8861 C16196.654 B-20.763 E.02753
G1 Z1.8887 C16200.914 B-20.766 E.03833
G1 Z1.8926 C16203.954 B-20.772 E.02736
G1 Y-.0456 Z1.8938 C16208.207 B-20.774 E.03841
G1 Y.0073 Z1.8948 C16211.252 B-20.776 E.02753
G1 Z1.8962 C16214.291 B-20.778 E.02736
G1 Z1.8976 C16217.329 B-20.78 E.02739
G1 Z1.899 C16220.982 B-20.782 E.03295
G1 Z1.9003 C16224.021 B-20.784 E.02739
G1 Z1.9017 C16227.059 B-20.786 E.02735
G1 Z1.9031 C16230.103 B-20.788 E.02740
G1 Z1.9045 C16233.143 B-20.79 E.02740
G1 Z1.9059 C16236.788 B-20.792 E.03288
G1 Z1.9082 C16239.833 B-20.796 E.02744
G1 Z1.9112 C16244.087 B-20.8 E.03829
G1 Z1.9124 C16248.344 B-20.802 E.03834
G1 Z1.9133 C16251.995 B-20.803 E.03295
G1 Z1.9147 C16255.032 B-20.805 E.02737
G1 Z1.9161 C16258.074 B-20.807 E.02740
G1 Z1.9175 C16261.117 B-20.809 E.02745
G1 Z1.9189 C16264.762 B-20.811 E.03287
G1 Z1.9203 C16267.803 B-20.813 E.02740
G1 Z1.9217 C16270.847 B-20.816 E.02744
G1 Z1.9231 C16274.492 B-20.818 E.03289
G1 Z1.9245 C16277.533 B-20.82 E.02741
G1 Z1.9263 C16280.576 B-20.822 E.02747
G1 Z1.9283 C16284.221 B-20.825 E.03283
G1 Z1.9298 C16287.872 B-20.827 E.03291
G1 Z1.9311 C16290.914 B-20.829 E.02742
G1 Z1.9324 C16293.951 B-20.831 E.02739
G1 Z1.9338 C16296.993 B-20.833 E.02747
G1 Z1.9352 C16300.644 B-20.835 E.03299
G1 Z1.9365 C16303.681 B-20.837 E.02743
G1 Z1.9379 C16306.722 B-20.839 E.02744
G1 Z1.9393 C16309.766 B-20.841 E.02745
G1 Z1.9406 C16312.803 B-20.843 E.02741
G1 Z1.942 C16315.843 B-20.845 E.02748
G1 Z1.9447 C16319.495 B-20.849 E.03294
G1 Y-.0439 Z1.9464 C16324.356 B-20.852 E.04386
G1 Z1.9494 C16328.617 B-20.856 E.03842
G1 Z1.95 C16332.262 B-20.857 E.03288
G1 Z1.9514 C16335.302 B-20.859 E.02751
G1 Y.017 Z1.9528 C16338.347 B-20.861 E.02766
G1 Z1.9542 C16341.385 B-20.863 E.02746
G1 Z1.9555 C16345.032 B-20.865 E.03297
G1 Z1.9569 C16348.077 B-20.867 E.02752
G1 Z1.9583 C16351.115 B-20.869 E.02745
G1 X10.2816 Y-.0409 Z1.9597 C16354.762 B-20.871 E.03288
G1 Z1.961 C16357.806 B-20.873 E.02729
G1 Y.0178 Z1.9625 C16360.844 B-20.875 E.02736
G1 Y-.0417 Z1.9642 C16364.492 B-20.878 E.03279
G1 Z1.9658 C16367.536 B-20.88 E.02730
G1 Y.0136 Z1.9674 C16370.574 B-20.882 E.02734
G1 Z1.9691 C16373.613 B-20.885 E.02723
G1 Z1.9706 C16377.266 B-20.887 E.03277
G1 Z1.9718 C16380.304 B-20.889 E.02722
G1 Z1.9731 C16383.342 B-20.891 E.02720
G1 Z1.9744 C16386.387 B-20.893 E.02727
G1 Z1.9758 C16389.426 B-20.895 E.02723
G1 Y-.0429 Z1.9771 C16393.072 B-20.897 E.03277
G1 Z1.9784 C16396.117 B-20.898 E.02728
G1 Z1.9811 C16399.763 B-20.902 E.03265
G1 Z1.9799 C16403.411 B-20.901 E.03269
G1 Z1.9826 C16407.131 B-20.904 E.03335
G1 Z1.9836 C16411.446 B-20.906 E.03869
G1 Z1.9851 C16414.641 B-20.908 E.02872
G1 Z1.9866 C16418.008 B-20.91 E.03019
G1 Y.0173 Z1.9881 C16421.045 B-20.912 E.02737
G1 Y-.0446 Z1.9896 C16424.698 B-20.915 E.03286
G1 Z1.9911 C16427.738 B-20.917 E.02728
G1 Y.0229 Z1.9926 C16430.775 B-20.919 E.02741
G1 Y-.038 Z1.9941 C16434.427 B-20.921 E.03285
G1 Z1.9956 C16437.467 B-20.923 E.02730
G1 Y.0335 Z1.9971 C16440.505 B-20.925 E.02745
G1 Y-.04 Z1.9986 C16444.157 B-20.927 E.03292
G1 Z2. C16447.197 B-20.929 E.02725
G1 Z2.0015 C16450.234 B-20.932 E.02725
G1 Z2.0029 C16453.278 B-20.934 E.02733
G1 Y.0366 Z2.0045 C16456.319 B-20.936 E.02752
G1 Y-.0198 Z2.006 C16459.964 B-20.938 E.03278
G1 Z2.0075 C16463.007 B-20.94 E.02738
G1 Z2.009 C16466.656 B-20.942 E.03270
G1 Z2.0105 C16469.694 B-20.944 E.02726
G1 Z2.0119 C16472.737 B-20.946 E.02738
G1 Y.0443 Z2.0134 C16475.779 B-20.949 E.02747
G1 Y-.021 Z2.0148 C16479.424 B-20.951 E.03283
G1 Z2.0169 C16483.685 B-20.954 E.03818
G1 Z2.0191 C16487.938 B-20.957 E.03813
G1 Z2.0205 C16490.978 B-20.959 E.02736
G1 Z2.022 C16494.63 B-20.961 E.03276
G1 Z2.0235 C16497.668 B-20.963 E.02726
G1 Z2.0249 C16500.708 B-20.965 E.02734
G1 Y.0428 Z2.0264 C16503.752 B-20.967 E.02751
G1 Y-.0189 Z2.0279 C16507.398 B-20.969 E.03285
G1 Z2.0293 C16510.438 B-20.971 E.02734
G1 Y.043 Z2.0308 C16513.482 B-20.973 E.02751
G1 Y-.0166 Z2.0323 C16517.127 B-20.975 E.03284
G1 Z2.0337 C16520.167 B-20.977 E.02735
G1 Z2.0354 C16523.82 B-20.98 E.03278
G1 Z2.0371 C16526.857 B-20.982 E.02735
G1 Z2.0386 C16530.506 B-20.984 E.03276
G1 Z2.0402 C16533.549 B-20.986 E.02736
G1 Y.0423 Z2.0418 C16536.587 B-20.989 E.02746
G1 Y-.0157 Z2.0432 C16540.236 B-20.991 E.03289
G1 Z2.0447 C16543.279 B-20.993 E.02744
G1 X10.2309 Z2.0462 C16546.924 B-20.995 E.03258
G1 Z2.0477 C16549.966 B-20.997 E.02715
G1 Z2.0492 C16553.617 B-20.999 E.03255
G1 Z2.0506 C16556.654 B-21.001 E.02708
G1 Z2.0532 C16560.914 B-21.005 E.03796
G1 Z2.0566 C16563.954 B-21.009 E.02710
G1 Z2.0581 C16567.599 B-21.012 E.03248
G1 Z2.0593 C16570.643 B-21.013 E.02716
G1 Y.0391 Z2.0608 C16573.683 B-21.015 E.02722
G1 Y-.0279 Z2.0622 C16577.329 B-21.017 E.03266
G1 Z2.0636 C16580.373 B-21.019 E.02715
G1 Y.0242 Z2.065 C16583.413 B-21.021 E.02721
G1 Y-.0403 Z2.0666 C16587.059 B-21.024 E.03264
G1 Z2.068 C16590.103 B-21.025 E.02716
G1 Y.0166 Z2.0695 C16593.143 B-21.027 E.02724
G1 Y-.0456 Z2.0709 C16596.788 B-21.03 E.03263
G1 Y.0159 Z2.0731 C16599.833 B-21.032 E.02731
G1 Y-.0427 Z2.0757 C16604.087 B-21.036 E.03802
G1 Z2.0772 C16607.735 B-21.038 E.03256
G1 Z2.0783 C16611.387 B-21.04 E.03255
G1 Z2.0798 C16614.425 B-21.042 E.02716
G1 Y.0335 Z2.0813 C16617.465 B-21.044 E.02737
G1 Y-.0236 Z2.0827 C16621.117 B-21.046 E.03267
G1 Z2.0842 C16624.154 B-21.048 E.02714
G1 Z2.0857 C16627.803 B-21.05 E.03254
G1 Z2.0871 C16630.847 B-21.052 E.02716
G1 Y.0367 Z2.0886 C16633.884 B-21.054 E.02725
G1 Y-.0155 Z2.09 C16637.533 B-21.056 E.03264
G1 Z2.0915 C16640.576 B-21.058 E.02721
G1 Z2.0932 C16644.221 B-21.06 E.03251
G1 Z2.0947 C16647.263 B-21.062 E.02715
G1 Z2.0963 C16650.306 B-21.065 E.02721
G1 Y.0423 Z2.0979 C16653.344 B-21.067 E.02726
G1 Y-.0284 Z2.0994 C16656.993 B-21.069 E.03273
G1 Z2.1009 C16660.036 B-21.071 E.02718
G1 Z2.1023 C16663.073 B-21.073 E.02720
G1 Y.0438 Z2.1037 C16666.113 B-21.075 E.02737
G1 Y-.0231 Z2.1051 C16669.766 B-21.077 E.03276
G1 Z2.1065 C16672.803 B-21.079 E.02714
G1 Y.0311 Z2.108 C16675.843 B-21.081 E.02727
G1 Z2.1105 C16679.495 B-21.084 E.03260
G1 Z2.1138 C16683.748 B-21.089 E.03797
G1 Z2.1151 C16688.009 B-21.09 E.03807
G1 Y-.0243 Z2.116 C16691.655 B-21.092 E.03266
G1 Z2.1174 C16694.694 B-21.094 E.02719
G1 Y.0397 Z2.1189 C16697.739 B-21.096 E.02739
G1 Y-.0186 Z2.1203 C16701.385 B-21.098 E.03268
G1 Z2.1218 C16704.424 B-21.1 E.02721
G1 Z2.1232 C16708.077 B-21.102 E.03264
G1 Z2.1247 C16711.115 B-21.103 E.02716
G1 Z2.1261 C16714.153 B-21.105 E.02727
G1 Z2.1275 C16717.806 B-21.107 E.03263
G1 Z2.1289 C16720.844 B-21.109 E.02720
G1 Z2.1304 C16723.883 B-21.111 E.02728
G1 Y.0394 Z2.1322 C16726.928 B-21.114 E.02739
G1 X10.1808 Z2.1345 C16729.967 B-21.117 E.02706
G1 Y-.0366 Z2.1366 C16733.613 B-21.12 E.03254
G1 Z2.138 C16736.658 B-21.122 E.02704
G1 Y.0291 Z2.1393 C16739.696 B-21.123 E.02713
G1 Y-.0394 Z2.1408 C16743.342 B-21.126 E.03250
G1 Z2.1424 C16746.387 B-21.128 E.02702
G1 Z2.1439 C16749.426 B-21.13 E.02703
G1 Y.0296 Z2.1455 C16752.464 B-21.132 E.02715
G1 Y-.0383 Z2.147 C16756.117 B-21.134 E.03256
G1 Y.0373 Z2.1502 C16759.156 B-21.138 E.02721
G1 Y-.017 Z2.1469 C16763.411 B-21.134 E.03782
G1 Z2.1489 C16767.671 B-21.136 E.03777
G1 Z2.1504 C16770.708 B-21.138 E.02700
G1 Z2.152 C16774.359 B-21.141 E.03238
G1 Z2.1535 C16777.4 B-21.143 E.02699
G1 Z2.1551 C16781.045 B-21.145 E.03234
G1 Z2.1567 C16784.088 B-21.147 E.02699
G1 Y.0398 Z2.1582 C16787.13 B-21.149 E.02712
G1 Z2.1598 C16790.775 B-21.151 E.03241
G1 Z2.1613 C16793.818 B-21.153 E.02699
G1 Y-.0113 Z2.1629 C16797.467 B-21.155 E.03246
G1 Z2.1645 C16800.505 B-21.157 E.02703
G1 Z2.1659 C16803.548 B-21.159 E.02707
G1 Z2.1676 C16806.589 B-21.161 E.02704
G1 Z2.1691 C16809.627 B-21.163 E.02699
G1 Z2.1702 C16812.668 B-21.165 E.02699
G1 Z2.1718 C16816.319 B-21.167 E.03240
G1 Z2.1734 C16819.356 B-21.169 E.02697
G1 Z2.175 C16823.007 B-21.171 E.03239
G1 Z2.1765 C16826.049 B-21.173 E.02705
G1 Z2.1781 C16829.694 B-21.176 E.03235
G1 Z2.1796 C16832.737 B-21.178 E.02702
G1 Z2.1811 C16835.779 B-21.18 E.02709
G1 Z2.1827 C16839.424 B-21.182 E.03234
G1 Z2.1846 C16843.076 B-21.184 E.03245
G1 Z2.1867 C16847.331 B-21.187 E.03775
G1 Z2.1882 C16850.37 B-21.189 E.02704
G1 Z2.1897 C16854.023 B-21.191 E.03243
G1 Z2.1913 C16857.06 B-21.193 E.02698
G1 Z2.1928 C16860.708 B-21.195 E.03242
G1 Z2.1943 C16863.752 B-21.197 E.02703
G1 Z2.1959 C16866.79 B-21.199 E.02707
G1 Z2.1974 C16870.438 B-21.201 E.03239
G1 Z2.1989 C16873.482 B-21.203 E.02709
G1 Z2.2005 C16877.127 B-21.205 E.03237
G1 Z2.202 C16880.167 B-21.207 E.02704
G1 Y.039 Z2.2036 C16883.212 B-21.209 E.02718
G1 Y-.0278 Z2.2052 C16886.857 B-21.211 E.03254
G1 Z2.2068 C16889.897 B-21.214 E.02704
G1 Z2.2084 C16892.941 B-21.216 E.02713
G1 Z2.21 C16896.587 B-21.218 E.03239
G1 Z2.2115 C16899.627 B-21.22 E.02711
G1 Z2.2131 C16903.279 B-21.222 E.03245
G1 Z2.2146 C16906.317 B-21.224 E.02712
G1 Z2.2162 C16909.966 B-21.226 E.03243
G1 Y.0289 Z2.2177 C16913.009 B-21.228 E.02722
G1 Z2.2193 C16916.654 B-21.23 E.03244
G1 Z2.2221 C16920.914 B-21.234 E.03789
G1 Z2.224 C16925.169 B-21.236 E.03783
G1 Y-.0438 Z2.2256 C16928.816 B-21.238 E.03263
G1 X10.1301 Z2.2272 C16931.86 B-21.24 E.02702
G1 Y.0222 Z2.2288 C16934.898 B-21.242 E.02700
G1 Y-.0343 Z2.2304 C16938.546 B-21.245 E.03230
G1 Y.0288 Z2.2325 C16942.198 B-21.247 E.03237
G1 Z2.2363 C16946.451 B-21.252 E.03753
G1 Y-.044 Z2.2379 C16950.103 B-21.254 E.03242
G1 Z2.2395 C16953.143 B-21.256 E.02688
G1 Y.0334 Z2.2411 C16956.18 B-21.259 E.02707
G1 Z2.243 C16959.833 B-21.261 E.03227
G1 Z2.245 C16963.48 B-21.264 E.03223
G1 Z2.2464 C16967.126 B-21.265 E.03222
G1 Y-.0367 Z2.2478 C16970.779 B-21.267 E.03242
G1 Z2.2494 C16973.817 B-21.269 E.02689
G1 Z2.2511 C16977.465 B-21.272 E.03218
G1 Z2.2527 C16980.509 B-21.274 E.02694
G1 Z2.2544 C16984.154 B-21.276 E.03216
G1 Z2.256 C16987.194 B-21.278 E.02691
G1 Z2.2577 C16990.847 B-21.28 E.03223
G1 Z2.2593 C16993.884 B-21.282 E.02691
G1 Z2.2609 C16997.533 B-21.284 E.03220
G1 Z2.2623 C17000.576 B-21.286 E.02697
G1 Y.0375 Z2.2635 C17003.614 B-21.288 E.02707
G1 Y-.0412 Z2.2649 C17007.263 B-21.289 E.03244
G1 Z2.2663 C17010.306 B-21.291 E.02686
G1 Z2.268 C17013.344 B-21.293 E.02683
G1 Z2.2698 C17016.384 B-21.296 E.02689
G1 Y.0246 Z2.2714 C17019.428 B-21.298 E.02708
G1 Y-.0325 Z2.273 C17023.073 B-21.3 E.03230
G1 Z2.2746 C17026.113 B-21.302 E.02690
G1 Y.035 Z2.2762 C17029.158 B-21.304 E.02710
G1 Y-.0195 Z2.2778 C17032.803 B-21.306 E.03229
G1 Z2.2794 C17035.843 B-21.308 E.02691
G1 Z2.2819 C17039.495 B-21.311 E.03225
G1 Y.0385 Z2.2846 C17043.14 B-21.315 E.03232
G1 Z2.2856 C17047.4 B-21.316 E.03768
G1 Y-.0253 Z2.2865 C17051.048 B-21.317 E.03237
G1 Z2.2881 C17054.086 B-21.319 E.02692
G1 Z2.2898 C17057.739 B-21.321 E.03227
G1 Z2.2915 C17060.777 B-21.323 E.02690
G1 Z2.2931 C17064.424 B-21.326 E.03222
G1 Z2.2948 C17067.468 B-21.328 E.02695
G1 Z2.2964 C17071.115 B-21.33 E.03223
G1 Z2.298 C17074.153 B-21.332 E.02691
G1 Z2.2997 C17077.806 B-21.334 E.03229
G1 Z2.3008 C17080.844 B-21.335 E.02689
G1 Z2.3025 C17083.883 B-21.338 E.02692
G1 Z2.3036 C17086.928 B-21.339 E.02695
G1 Z2.3063 C17090.574 B-21.342 E.03225
G1 Y.0331 Z2.307 C17094.221 B-21.343 E.03237
G1 Z2.3084 C17097.874 B-21.345 E.03235
G1 Z2.3097 C17100.911 B-21.347 E.02688
G1 Y-.0293 Z2.3112 C17104.56 B-21.349 E.03241
G1 Z2.3126 C17107.603 B-21.35 E.02698
G1 Y.0341 Z2.3141 C17110.641 B-21.352 E.02708
G1 Y-.0229 Z2.3154 C17114.29 B-21.354 E.03240
G1 Z2.317 C17117.333 B-21.356 E.02700
G1 Z2.32 C17120.978 B-21.36 E.03234
G1 Z2.3178 C17123.411 B-21.357 E.02159
G1 Z2.3196 C17127.063 B-21.359 E.03231
G1 Z2.3212 C17130.1 B-21.361 E.02700
G1 X10.0796 Z2.3228 C17133.749 B-21.363 E.03213
G1 Y.0289 Z2.3245 C17136.793 B-21.365 E.02684
G1 Z2.3261 C17140.438 B-21.367 E.03205
G1 Z2.3277 C17143.479 B-21.37 E.02670
G1 Z2.3293 C17147.13 B-21.371 E.03208
G1 Y-.0372 Z2.331 C17150.775 B-21.374 E.03216
G1 Y.0136 Z2.3326 C17153.818 B-21.376 E.02683
G1 Z2.3342 C17157.467 B-21.378 E.03207
G1 Z2.3359 C17160.505 B-21.38 E.02668
G1 Z2.3372 C17163.548 B-21.381 E.02671
G1 Z2.3395 C17167.804 B-21.384 E.03736
G1 Z2.3415 C17172.059 B-21.387 E.03735
G1 Z2.3431 C17175.712 B-21.389 E.03210
G1 Z2.3448 C17178.749 B-21.391 E.02670
G1 Z2.3464 C17182.398 B-21.393 E.03203
G1 Z2.3481 C17186.049 B-21.395 E.03209
G1 Z2.3497 C17189.086 B-21.397 E.02668
G1 Z2.3513 C17192.737 B-21.399 E.03208
G1 Z2.3528 C17195.779 B-21.401 E.02671
G1 Z2.3544 C17199.424 B-21.403 E.03205
G1 Z2.3563 C17203.076 B-21.405 E.03211
G1 Z2.3583 C17206.723 B-21.408 E.03205
G1 Z2.3599 C17209.761 B-21.41 E.02669
G1 Z2.3614 C17213.414 B-21.412 E.03211
G1 Z2.363 C17216.453 B-21.414 E.02670
G1 Z2.3646 C17220.099 B-21.416 E.03204
G1 Z2.3662 C17223.144 B-21.418 E.02677
G1 Z2.3678 C17226.79 B-21.42 E.03204
G1 Z2.3694 C17229.829 B-21.422 E.02674
G1 Z2.371 C17233.482 B-21.424 E.03209
G1 Y-.0368 Z2.3726 C17237.127 B-21.426 E.03212
G1 Y.0138 Z2.3742 C17240.167 B-21.428 E.02683
G1 Z2.3758 C17243.212 B-21.429 E.02676
G1 Z2.3774 C17246.25 B-21.431 E.02670
G1 Z2.3789 C17249.288 B-21.433 E.02671
G1 Z2.3805 C17252.333 B-21.435 E.02677
G1 Z2.3821 C17255.979 B-21.437 E.03206
G1 Z2.3838 C17259.018 B-21.439 E.02676
G1 Z2.3854 C17262.671 B-21.441 E.03210
G1 Z2.387 C17266.317 B-21.443 E.03209
G1 Z2.3886 C17269.357 B-21.445 E.02677
G1 Z2.3902 C17273.009 B-21.447 E.03210
G1 Z2.3918 C17276.654 B-21.449 E.03207
G1 Z2.3935 C17279.695 B-21.451 E.02679
G1 Z2.3957 C17283.346 B-21.454 E.03218
G1 Z2.3973 C17286.383 B-21.456 E.02675
G1 Z2.3988 C17289.425 B-21.458 E.02677
G1 Z2.4005 C17293.076 B-21.46 E.03216
G1 Z2.4022 C17296.113 B-21.462 E.02673
G1 Z2.4039 C17299.764 B-21.464 E.03218
G1 Z2.4055 C17302.806 B-21.466 E.02678
G1 Z2.4072 C17306.451 B-21.468 E.03213
G1 Z2.4088 C17309.494 B-21.47 E.02680
G1 Z2.4105 C17313.143 B-21.472 E.03216
G1 Z2.4122 C17316.18 B-21.474 E.02676
G1 Z2.4138 C17319.833 B-21.476 E.03218
G1 Z2.4154 C17322.873 B-21.478 E.02681
G1 Z2.4171 C17326.518 B-21.48 E.03209
G1 Z2.4187 C17330.171 B-21.482 E.03225
G1 Z2.4204 C17333.21 B-21.484 E.02679
G1 X10.0289 Z2.4221 C17336.856 B-21.486 E.03198
G1 Z2.4239 C17339.901 B-21.488 E.02661
G1 Z2.4256 C17343.547 B-21.49 E.03185
G1 Z2.4273 C17347.194 B-21.493 E.03194
G1 Z2.429 C17350.239 B-21.495 E.02660
G1 Z2.4307 C17353.884 B-21.497 E.03185
G1 Y-.0363 Z2.4324 C17357.533 B-21.499 E.03196
G1 Y.0176 Z2.4338 C17360.576 B-21.5 E.02671
G1 Z2.4351 C17363.614 B-21.502 E.02653
G1 Z2.4376 C17366.654 B-21.505 E.02655
G1 Z2.4375 C17369.698 E.02660
G1 Z2.4392 C17372.736 B-21.507 E.02660
G1 Z2.4407 C17375.775 B-21.509 E.02654
G1 Z2.4422 C17379.428 B-21.511 E.03199
G1 Z2.4438 C17382.466 B-21.512 E.02654
G1 Y-.0337 Z2.4453 C17386.113 B-21.514 E.03196
G1 Z2.4469 C17389.158 B-21.516 E.02667
G1 Z2.4484 C17392.803 B-21.518 E.03184
G1 Z2.4499 C17395.843 B-21.52 E.02663
G1 Z2.4515 C17399.495 B-21.522 E.03190
G1 Z2.4538 C17403.14 B-21.524 E.03186
G1 Y.017 Z2.4562 C17406.791 B-21.527 E.03199
G1 Z2.4578 C17410.44 B-21.529 E.03194
G1 Z2.4594 C17413.478 B-21.531 E.02655
G1 Z2.4609 C17417.13 B-21.533 E.03194
G1 Z2.4625 C17420.17 B-21.535 E.02659
G1 Z2.4641 C17423.815 B-21.537 E.03185
G1 Y-.035 Z2.4657 C17427.468 B-21.539 E.03202
G1 Y.0211 Z2.4672 C17430.507 B-21.54 E.02671
G1 Z2.4687 C17434.153 B-21.542 E.03191
G1 Z2.4703 C17437.198 B-21.544 E.02664
G1 Z2.4719 C17440.844 B-21.546 E.03187
G1 Z2.4734 C17443.883 B-21.548 E.02663
G1 Z2.4764 C17448.144 B-21.551 E.03728
G1 Z2.4783 C17452.397 B-21.554 E.03724
G1 Z2.4799 C17455.44 B-21.556 E.02663
G1 Z2.4815 C17459.089 B-21.557 E.03191
G1 Z2.483 C17462.126 B-21.559 E.02658
G1 Z2.4845 C17465.779 B-21.561 E.03196
G1 Z2.486 C17468.819 B-21.563 E.02660
G1 Z2.4875 C17472.275 B-21.565 E.03022
G1 Z2.489 C17475.672 B-21.566 E.02972
G1 Z2.4906 C17479.119 B-21.568 E.03019
G1 Z2.4926 C17483.411 B-21.571 E.03759
G1 Y-.0324 Z2.4941 C17486.455 B-21.572 E.02677
G1 Y.0215 Z2.4958 C17489.493 B-21.574 E.02673
G1 Z2.4974 C17493.14 B-21.576 E.03194
G1 Y-.0413 Z2.4991 C17496.793 B-21.579 E.03211
G1 Y.0176 Z2.5008 C17499.83 B-21.58 E.02675
G1 Z2.5025 C17503.479 B-21.582 E.03196
G1 Y-.0407 Z2.5042 C17507.13 B-21.584 E.03208
G1 Y.0214 Z2.5059 C17510.167 B-21.586 E.02678
G1 Z2.5076 C17513.818 B-21.588 E.03198
G1 Y-.0304 Z2.5093 C17517.467 B-21.59 E.03204
G1 Y.0312 Z2.511 C17520.505 B-21.592 E.02680
G1 Z2.5143 C17524.766 B-21.596 E.03729
G1 Z2.5151 C17529.019 B-21.597 E.03728
G1 Z2.5165 C17531.451 B-21.599 E.02137
G1 Z2.5182 C17535.104 B-21.601 E.03202
G1 Y-.0204 Z2.5199 C17538.749 B-21.603 E.03202
G1 Z2.5216 C17542.398 B-21.605 E.03196
G1 Y.031 Z2.5234 C17545.441 B-21.607 E.02681
G1 X9.9784 Z2.525 C17549.086 B-21.609 E.03180
G1 Y-.0312 Z2.5267 C17552.737 B-21.611 E.03187
G1 Z2.5283 C17555.779 B-21.613 E.02652
G1 Z2.53 C17559.424 B-21.615 E.03167
G1 Z2.5316 C17562.467 B-21.617 E.02654
G1 Z2.5334 C17566.116 B-21.619 E.03171
G1 Y.0248 Z2.5351 C17569.153 B-21.621 E.02654
G1 Z2.5369 C17572.806 B-21.623 E.03177
G1 Y-.0402 Z2.5386 C17576.453 B-21.625 E.03185
G1 Y.017 Z2.5402 C17579.491 B-21.627 E.02655
G1 Z2.5419 C17583.144 B-21.628 E.03179
G1 Z2.5436 C17586.183 B-21.63 E.02644
G1 Z2.5452 C17589.829 B-21.632 E.03168
G1 Z2.5468 C17593.482 B-21.634 E.03179
G1 Z2.5485 C17596.52 B-21.636 E.02643
G1 Z2.5502 C17600.167 B-21.638 E.03169
G1 Z2.5517 C17603.212 B-21.64 E.02648
G1 Z2.5532 C17606.25 B-21.642 E.02647
G1 Y-.0392 Z2.5547 C17609.288 B-21.643 E.02655
G1 Y.0256 Z2.5563 C17611.725 B-21.645 E.02143
G1 Z2.558 C17615.372 B-21.647 E.03171
G1 Z2.5597 C17619.018 B-21.649 E.03177
G1 Y-.0374 Z2.5614 C17622.671 B-21.651 E.03191
G1 Y.0258 Z2.5631 C17625.709 B-21.653 E.02660
G1 Z2.5648 C17629.357 B-21.655 E.03172
G1 Z2.5665 C17633.009 B-21.657 E.03180
G1 Z2.5682 C17636.654 B-21.659 E.03178
G1 Y-.0251 Z2.5708 C17640.914 B-21.662 E.03712
G1 Z2.5727 C17644.561 B-21.664 E.03172
G1 Z2.5742 C17647.599 B-21.666 E.02646
G1 Z2.5758 C17650.643 B-21.668 E.02657
G1 Z2.5777 C17654.291 B-21.67 E.03172
G1 Z2.5794 C17657.329 B-21.672 E.02652
G1 Z2.5811 C17660.982 B-21.674 E.03177
G1 Y.0372 Z2.5829 C17664.021 B-21.676 E.02662
G1 Z2.5846 C17667.667 B-21.678 E.03175
G1 Y-.028 Z2.5863 C17671.32 B-21.68 E.03194
G1 Y.0289 Z2.588 C17674.358 B-21.682 E.02659
G1 Z2.5897 C17678.005 B-21.684 E.03176
G1 Z2.5912 C17681.05 B-21.685 E.02651
G1 Z2.5928 C17684.695 B-21.687 E.03178
G1 Z2.5944 C17687.735 B-21.689 E.02647
G1 Y-.0362 Z2.596 C17691.387 B-21.691 E.03194
G1 Z2.598 C17694.425 B-21.693 E.02656
G1 Z2.5997 C17698.074 B-21.695 E.03177
G1 Z2.6015 C17701.725 B-21.697 E.03177
G1 Y.0265 Z2.6033 C17704.762 B-21.699 E.02664
G1 Z2.6051 C17708.413 B-21.701 E.03180
G1 Z2.6068 C17712.062 B-21.703 E.03184
G1 Y-.0362 Z2.6087 C17715.707 B-21.705 E.03189
G1 Y.0309 Z2.6104 C17718.752 B-21.707 E.02674
G1 Y-.0334 Z2.6115 C17722.399 B-21.708 E.03192
G1 Y.0323 Z2.6128 C17724.829 B-21.71 E.02147
G1 Z2.6145 C17729.09 B-21.712 E.03708
G1 Z2.6162 C17732.129 B-21.714 E.02657
G1 Z2.6178 C17735.167 B-21.716 E.02649
G1 Z2.6194 C17738.82 B-21.717 E.03185
G1 Y-.0384 Z2.6211 C17742.466 B-21.719 E.03196
G1 Y.0163 Z2.6227 C17745.505 B-21.721 E.02664
G1 Z2.6243 C17749.158 B-21.723 E.03188
G1 Z2.6259 C17752.196 B-21.725 E.02652
G1 Z2.6274 C17755.843 B-21.726 E.03179
G1 Z2.6291 C17759.495 B-21.728 E.03192
G1 X9.9283 Z2.6311 C17762.533 B-21.73 E.02639
G1 Z2.6331 C17766.182 B-21.733 E.03155
G1 Z2.6349 C17769.833 B-21.735 E.03163
G1 Z2.6368 C17772.87 B-21.737 E.02627
G1 Z2.6385 C17776.521 B-21.739 E.03157
G1 Z2.6401 C17780.17 B-21.741 E.03160
G1 Z2.6418 C17783.207 B-21.742 E.02628
G1 Z2.6434 C17786.86 B-21.744 E.03158
G1 Z2.645 C17790.507 B-21.746 E.03155
G1 Y-.0342 Z2.6466 C17794.153 B-21.748 E.03162
G1 Y.0327 Z2.6482 C17797.198 B-21.75 E.02654
G1 Z2.6499 C17800.844 B-21.751 E.03155
G1 Z2.6534 C17805.101 B-21.755 E.03688
G1 Z2.6544 C17808.752 B-21.757 E.03157
G1 Z2.6562 C17811.789 B-21.759 E.02637
G1 Y-.0276 Z2.6579 C17815.44 B-21.76 E.03171
G1 Y.0363 Z2.6595 C17818.481 B-21.762 E.02649
G1 Z2.661 C17822.126 B-21.764 E.03159
G1 Y-.0405 Z2.6626 C17825.779 B-21.766 E.03182
G1 Z2.6642 C17828.816 B-21.767 E.02636
G1 Z2.6658 C17832.289 B-21.769 E.03009
G1 Z2.6673 C17835.715 B-21.771 E.02967
G1 Z2.6689 C17839.193 B-21.773 E.03010
G1 Z2.671 C17843.411 B-21.775 E.03648
G1 Z2.675 C17847.671 B-21.779 E.03684
G1 Y.0149 Z2.6767 C17850.708 B-21.781 E.02642
G1 Z2.6786 C17854.359 B-21.783 E.03161
G1 Z2.6804 C17858.008 B-21.785 E.03166
G1 Z2.6822 C17861.045 B-21.787 E.02630
G1 Z2.6839 C17864.698 B-21.789 E.03160
G1 Z2.6857 C17868.345 B-21.791 E.03156
G1 Z2.6874 C17871.991 B-21.793 E.03159
G1 Z2.6892 C17875.644 B-21.795 E.03170
G1 Z2.691 C17878.682 B-21.797 E.02633
G1 Z2.6916 C17881.721 B-21.798 E.02635
G1 Z2.6924 C17885.982 B-21.799 E.03688
G1 Z2.6955 C17889.627 B-21.802 E.03155
G1 Z2.6982 C17892.668 B-21.805 E.02634
G1 Z2.6999 C17896.319 B-21.807 E.03160
G1 Z2.7018 C17899.964 B-21.809 E.03156
G1 Z2.7035 C17903.616 B-21.811 E.03163
G1 Z2.7052 C17907.264 B-21.813 E.03163
G1 Y-.0377 Z2.7069 C17910.91 B-21.815 E.03168
G1 Y.0194 Z2.7085 C17913.955 B-21.816 E.02654
G1 Z2.7103 C17917.601 B-21.818 E.03160
G1 Z2.7116 C17920.64 B-21.82 E.02634
G1 Y-.0345 Z2.7134 C17924.293 B-21.822 E.03175
G1 Z2.7151 C17927.331 B-21.823 E.02637
G1 Y.0277 Z2.7169 C17930.37 B-21.825 E.02653
G1 Z2.7188 C17934.023 B-21.827 E.03170
G1 Y-.0325 Z2.7206 C17937.668 B-21.829 E.03172
G1 Y.0318 Z2.7223 C17940.708 B-21.831 E.02656
G1 Z2.724 C17944.36 B-21.833 E.03166
G1 Z2.7258 C17948.005 B-21.835 E.03165
G1 Y-.0285 Z2.7275 C17951.656 B-21.837 E.03178
G1 Y.0394 Z2.7293 C17954.698 B-21.839 E.02661
G1 Z2.731 C17958.343 B-21.841 E.03160
G1 Z2.7318 C17961.386 B-21.842 E.02641
G1 Z2.7328 C17965.642 B-21.843 E.03687
G1 Z2.7362 C17969.897 B-21.846 E.03690
G1 Z2.7388 C17972.941 B-21.849 E.02644
G1 Z2.7405 C17976.587 B-21.851 E.03165
G1 X9.8777 Z2.7423 C17980.236 B-21.853 E.03154
G1 Z2.744 C17983.887 B-21.855 E.03150
G1 Y-.0173 Z2.7459 C17987.532 B-21.857 E.03148
G1 Z2.7476 C17991.184 B-21.859 E.03141
G1 Z2.7494 C17994.831 B-21.861 E.03138
G1 Z2.7511 C17998.478 B-21.862 E.03138
G1 Z2.752 C18001.522 B-21.863 E.02618
G1 Z2.7536 C18004.561 B-21.865 E.02615
G1 Y.0431 Z2.7553 C18006.991 B-21.867 E.02112
G1 Z2.757 C18010.034 B-21.869 E.02618
G1 Y-.0188 Z2.7591 C18013.683 B-21.871 E.03154
G1 Y.0417 Z2.7609 C18016.721 B-21.873 E.02631
G1 Z2.7626 C18020.373 B-21.875 E.03144
G1 Z2.7643 C18024.021 B-21.877 E.03147
G1 Y-.0287 Z2.766 C18027.667 B-21.878 E.03156
G1 Y.0341 Z2.7677 C18030.712 B-21.88 E.02638
G1 Z2.7694 C18034.358 B-21.882 E.03138
G1 Z2.7711 C18038.005 B-21.884 E.03144
G1 Z2.7724 C18041.05 B-21.885 E.02620
G1 Y-.0418 Z2.7741 C18044.695 B-21.887 E.03159
G1 Z2.7758 C18047.735 B-21.889 E.02616
G1 Z2.7776 C18050.779 B-21.891 E.02621
G1 Y.0206 Z2.7799 C18053.817 B-21.893 E.02633
G1 Z2.7816 C18057.465 B-21.895 E.03140
G1 Z2.7834 C18061.117 B-21.897 E.03146
G1 Z2.7851 C18064.762 B-21.899 E.03143
G1 Y-.0319 Z2.7868 C18068.413 B-21.901 E.03153
G1 Z2.7885 C18072.062 B-21.902 E.03141
G1 Y.0337 Z2.7903 C18075.099 B-21.904 E.02635
G1 Z2.7919 C18078.752 B-21.906 E.03144
G1 Z2.7928 C18081.792 B-21.907 E.02617
G1 Z2.7937 C18086.045 B-21.908 E.03660
G1 Z2.7972 C18090.306 B-21.912 E.03674
G1 Z2.7997 C18093.344 B-21.914 E.02627
G1 Z2.8015 C18096.384 B-21.916 E.02618
G1 Z2.8031 C18100.036 B-21.918 E.03145
G1 Z2.8048 C18103.681 B-21.92 E.03146
G1 Y-.0365 Z2.8064 C18107.332 B-21.921 E.03163
G1 Y.0238 Z2.8081 C18110.373 B-21.923 E.02637
G1 Z2.8098 C18114.018 B-21.925 E.03141
G1 Z2.8115 C18117.671 B-21.927 E.03154
G1 Z2.813 C18120.711 B-21.928 E.02619
G1 Z2.8149 C18124.356 B-21.93 E.03147
G1 Z2.8168 C18127.4 B-21.932 E.02623
G1 Z2.8188 C18131.048 B-21.934 E.03151
G1 Z2.8209 C18134.086 B-21.937 E.02619
G1 Z2.8226 C18137.739 B-21.938 E.03147
G1 Z2.8243 C18141.385 B-21.94 E.03144
G1 Z2.826 C18145.032 B-21.942 E.03149
G1 Y-.0327 Z2.8277 C18148.684 B-21.944 E.03159
G1 Y.0393 Z2.8294 C18151.722 B-21.945 E.02644
G1 Z2.8311 C18155.371 B-21.947 E.03145
G1 Z2.8327 C18159.022 B-21.949 E.03149
G1 Z2.8333 C18162.059 B-21.95 E.02621
G1 Y-.0342 Z2.8344 C18166.319 B-21.951 E.03688
G1 Z2.8378 C18169.967 B-21.954 E.03146
G1 Z2.8408 C18173.005 B-21.957 E.02625
G1 Z2.8424 C18176.658 B-21.959 E.03151
G1 Z2.8439 C18180.304 B-21.961 E.03144
G1 Y.0197 Z2.8456 C18183.342 B-21.962 E.02636
G1 Z2.8471 C18186.995 B-21.964 E.03153
G1 Y-.0353 Z2.8489 C18190.641 B-21.966 E.03156
G1 Y.0238 Z2.8504 C18193.681 B-21.967 E.02642
G1 Z2.8521 C18197.333 B-21.969 E.03153
G1 Y-.0362 Z2.8536 C18200.978 B-21.971 E.03159
G1 Z2.853 C18203.411 B-21.97 E.02107
G1 Z2.8567 C18207.063 B-21.974 E.03156
G1 X9.827 Y.0291 Z2.8584 C18210.1 B-21.976 E.02631
G1 Z2.8605 C18213.749 B-21.978 E.03127
G1 Z2.8624 C18217.4 B-21.98 E.03132
G1 Y-.0219 Z2.8643 C18221.045 B-21.982 E.03129
G1 Z2.8662 C18224.698 B-21.984 E.03126
G1 Z2.8681 C18228.345 B-21.986 E.03122
G1 Y.0419 Z2.8699 C18231.383 B-21.988 E.02619
G1 Z2.8718 C18235.036 B-21.99 E.03126
G1 Z2.8737 C18238.682 B-21.991 E.03120
G1 Z2.874 C18241.721 B-21.992 E.02601
G1 Z2.8747 C18245.374 E.03126
G1 Z2.8776 C18249.019 B-21.995 E.03120
G1 Z2.8805 C18252.059 B-21.998 E.02603
G1 Z2.8823 C18255.712 B-22. E.03127
G1 Z2.8843 C18259.356 B-22.002 E.03119
G1 Z2.886 C18263.007 B-22.004 E.03125
G1 Z2.8879 C18266.656 B-22.006 E.03123
G1 Z2.8896 C18270.302 B-22.008 E.03122
G1 Z2.8913 C18273.955 B-22.009 E.03132
G1 Y-.0124 Z2.8931 C18277.601 B-22.011 E.03132
G1 Z2.8943 C18280.64 B-22.012 E.02607
G1 Z2.8959 C18283.685 B-22.014 E.02613
G1 Z2.8976 C18286.723 B-22.016 E.02610
G1 Z2.8994 C18290.37 B-22.018 E.03125
G1 Z2.9015 C18293.414 B-22.02 E.02607
G1 Z2.9034 C18297.06 B-22.022 E.03121
G1 Z2.9052 C18300.708 B-22.024 E.03123
G1 Z2.907 C18304.36 B-22.025 E.03128
G1 Y.0418 Z2.9088 C18307.398 B-22.027 E.02616
G1 Z2.9106 C18311.047 B-22.029 E.03125
G1 Z2.9124 C18314.698 B-22.031 E.03127
G1 Z2.9142 C18318.343 B-22.033 E.03123
G1 Z2.9148 C18321.386 E.02607
G1 Y-.0157 Z2.9158 C18325.642 B-22.034 E.03655
G1 Z2.9191 C18329.288 B-22.038 E.03128
G1 Z2.9219 C18332.333 B-22.041 E.02620
G1 Z2.9237 C18335.979 B-22.042 E.03131
G1 Z2.9256 C18339.627 B-22.044 E.03133
G1 Z2.9274 C18343.279 B-22.046 E.03137
G1 Z2.9293 C18346.924 B-22.048 E.03132
G1 Y.0345 Z2.931 C18350.575 B-22.05 E.03138
G1 Z2.933 C18354.224 B-22.052 E.03126
G1 Y-.0397 Z2.9347 C18358.478 B-22.054 E.03662
G1 Z2.9354 C18361.522 E.02612
G1 Z2.9364 C18365.776 B-22.055 E.03644
G1 Y.0254 Z2.9379 C18368.207 B-22.057 E.02112
G1 Z2.9397 C18371.252 B-22.058 E.02613
G1 Z2.9414 C18374.898 B-22.06 E.03131
G1 Y-.0262 Z2.9432 C18378.546 B-22.062 E.03137
G1 Y.0404 Z2.945 C18381.59 B-22.064 E.02632
G1 Z2.9468 C18385.235 B-22.066 E.03125
G1 Z2.9485 C18388.884 B-22.067 E.03130
G1 Z2.9503 C18392.535 B-22.069 E.03135
G1 Z2.952 C18396.18 B-22.071 E.03133
G1 Y-.0127 Z2.9538 C18399.833 B-22.073 E.03143
G1 Z2.9555 C18402.873 B-22.074 E.02610
G1 Z2.9571 C18405.91 B-22.076 E.02609
G1 Z2.9588 C18408.953 B-22.078 E.02616
G1 Z2.9606 C18411.387 B-22.079 E.02105
G1 Z2.9624 C18415.032 B-22.081 E.03133
G1 Z2.9642 C18418.683 B-22.083 E.03137
G1 Z2.966 C18422.332 B-22.085 E.03135
G1 Z2.9678 C18425.977 B-22.087 E.03131
G1 Z2.9696 C18429.63 B-22.088 E.03139
G1 Z2.9714 C18433.277 B-22.09 E.03133
G1 Z2.9732 C18436.924 B-22.092 E.03135
G1 Z2.9749 C18440.576 B-22.094 E.03139
G1 X9.7768 Z2.9783 C18444.829 B-22.097 E.03630
G1 Z2.9797 C18448.481 B-22.098 E.03110
G1 Z2.9818 C18450.914 B-22.1 E.02075
G1 Z2.9834 C18454.559 B-22.102 E.03103
G1 Z2.9853 C18458.211 B-22.104 E.03110
G1 Y.0381 Z2.9871 C18461.251 B-22.106 E.02600
G1 Z2.989 C18464.896 B-22.108 E.03104
G1 Z2.9909 C18468.549 B-22.109 E.03114
G1 Z2.9928 C18472.196 B-22.111 E.03111
G1 Y-.0172 Z2.9946 C18475.843 B-22.113 E.03117
G1 Z2.9962 C18479.495 B-22.115 E.03110
G1 Z2.9976 C18482.533 B-22.116 E.02587
G1 Z2.9992 C18485.573 B-22.118 E.02591
G1 Z3.0008 C18488.617 B-22.119 E.02600
G1 Z3.0028 C18492.262 B-22.121 E.03105
G1 Y.0387 Z3.0049 C18495.302 B-22.123 E.02604
G1 Z3.0069 C18498.955 B-22.125 E.03111
G1 Z3.0088 C18502.6 B-22.127 E.03104
G1 Z3.0107 C18506.251 B-22.129 E.03110
G1 Z3.0126 C18509.9 B-22.131 E.03109
G1 Z3.0146 C18513.545 B-22.133 E.03106
G1 Z3.0165 C18517.198 B-22.135 E.03113
G1 Z3.0189 C18520.844 B-22.137 E.03108
G1 Z3.0196 C18524.492 B-22.138 E.03109
G1 Z3.0212 C18528.144 B-22.139 E.03114
G1 Z3.0236 C18530.574 B-22.141 E.02080
G1 Z3.0253 C18534.221 B-22.143 E.03109
G1 Z3.0271 C18537.874 B-22.145 E.03115
G1 Y-.0122 Z3.0289 C18541.519 B-22.147 E.03115
G1 Z3.0308 C18545.17 B-22.149 E.03111
G1 Z3.0327 C18548.211 B-22.15 E.02602
G1 Z3.0346 C18551.856 B-22.152 E.03110
G1 Z3.0364 C18555.508 B-22.154 E.03112
G1 Z3.038 C18559.156 B-22.155 E.03108
G1 Z3.0383 C18563.411 B-22.156 E.03625
G1 Z3.0401 C18566.836 B-22.158 E.02919
G1 Z3.0417 C18569.888 B-22.159 E.02601
G1 Z3.0435 C18573.212 B-22.161 E.02833
G1 Z3.0454 C18576.809 B-22.163 E.03066
G1 Z3.0473 C18580.438 B-22.164 E.03094
G1 Z3.0492 C18584.088 B-22.166 E.03112
G1 Z3.0511 C18587.738 B-22.168 E.03113
G1 Z3.053 C18591.383 B-22.17 E.03110
G1 Z3.0549 C18595.036 B-22.172 E.03118
G1 Z3.0569 C18598.682 B-22.174 E.03114
G1 Z3.0608 C18601.113 B-22.178 E.02077
G1 Z3.0605 C18604.157 B-22.177 E.02597
G1 Z3.0614 C18607.804 B-22.178 E.03111
G1 Z3.066 C18611.451 B-22.183 E.03118
G1 Z3.0679 C18615.712 B-22.184 E.03634
G1 Z3.07 C18619.356 B-22.186 E.03108
G1 Z3.0718 C18623.007 B-22.188 E.03114
G1 Z3.0737 C18626.656 B-22.19 E.03113
G1 Z3.0755 C18630.302 B-22.192 E.03110
G1 Z3.0772 C18633.955 B-22.193 E.03116
G1 Z3.0792 C18637.601 B-22.195 E.03111
G1 Z3.08 C18640.64 B-22.196 E.02598
G1 Z3.0816 C18643.685 B-22.197 E.02601
G1 Z3.0833 C18646.723 B-22.199 E.02595
G1 Z3.085 C18649.761 B-22.201 E.02596
G1 Z3.0874 C18652.806 B-22.203 E.02603
G1 Z3.0893 C18656.453 B-22.205 E.03114
G1 Z3.0912 C18660.099 B-22.207 E.03113
G1 Z3.0931 C18663.752 B-22.208 E.03119
G1 Z3.0949 C18667.398 B-22.21 E.03114
G1 Z3.0968 C18671.047 B-22.212 E.03117
G1 Z3.0987 C18674.698 B-22.214 E.03119
G1 Z3.1006 C18678.343 B-22.215 E.03115
G1 Z3.1009 C18681.386 B-22.216 E.02606
G1 Z3.102 C18685.035 B-22.217 E.03121
G1 X9.726 Z3.1051 C18688.68 B-22.22 E.03104
G1 Z3.1081 C18691.725 B-22.223 E.02589
G1 Z3.11 C18695.979 B-22.224 E.03605
G1 Z3.1119 C18699.627 B-22.226 E.03091
G1 Z3.1138 C18703.279 B-22.228 E.03093
G1 Z3.1158 C18706.924 B-22.23 E.03087
G1 Z3.1175 C18710.575 B-22.232 E.03093
G1 Z3.1196 C18714.224 B-22.233 E.03095
G1 Z3.1214 C18717.869 B-22.235 E.03097
G1 Z3.1219 C18721.522 B-22.236 E.03095
G1 Z3.123 C18725.169 B-22.237 E.03091
G1 Z3.1265 C18729.425 B-22.24 E.03605
G1 Z3.1291 C18732.468 B-22.242 E.02578
G1 Z3.131 C18736.113 B-22.244 E.03088
G1 Z3.1328 C18739.764 B-22.246 E.03092
G1 Z3.1347 C18743.413 B-22.248 E.03091
G1 Z3.1365 C18747.059 B-22.249 E.03088
G1 Z3.1384 C18750.712 B-22.251 E.03094
G1 Z3.1402 C18754.358 B-22.253 E.03089
G1 Z3.1421 C18758.005 B-22.255 E.03089
G1 Z3.1429 C18761.05 E.02582
G1 Z3.1446 C18764.087 B-22.257 E.02573
G1 Z3.1461 C18766.518 B-22.258 E.02073
G1 Z3.1478 C18769.562 B-22.26 E.02580
G1 Z3.1506 C18772.602 B-22.262 E.02586
G1 Y.0386 Z3.1524 C18776.248 B-22.264 E.03100
G1 Y-.0367 Z3.1544 C18780.509 B-22.266 E.03629
G1 Z3.1562 C18784.154 B-22.268 E.03089
G1 Z3.1581 C18787.803 B-22.269 E.03093
G1 Z3.1599 C18791.454 B-22.271 E.03097
G1 Z3.1618 C18795.099 B-22.273 E.03095
G1 Y.0142 Z3.1636 C18798.752 B-22.275 E.03106
G1 Z3.164 C18801.792 E.02577
G1 Z3.1652 C18805.437 B-22.276 E.03090
G1 Z3.1665 C18807.872 B-22.277 E.02066
G1 Z3.1708 C18810.306 B-22.281 E.02075
G1 Z3.1727 C18813.951 B-22.283 E.03090
G1 Z3.1746 C18817.602 B-22.285 E.03097
G1 Z3.1766 C18821.251 B-22.287 E.03096
G1 Z3.1785 C18824.896 B-22.288 E.03094
G1 Z3.1805 C18828.549 B-22.29 E.03103
G1 Z3.1825 C18832.196 B-22.292 E.03099
G1 Z3.1844 C18835.843 B-22.294 E.03100
G1 Z3.1856 C18838.887 B-22.295 E.02584
G1 Z3.1866 C18842.533 B-22.296 E.03101
G1 Y-.0375 Z3.1882 C18845.573 B-22.297 E.02592
G1 Z3.1898 C18848.617 B-22.299 E.02583
G1 Z3.1917 C18851.655 B-22.3 E.02580
G1 Z3.1939 C18855.302 B-22.303 E.03093
G1 Z3.1958 C18858.955 B-22.304 E.03099
G1 Z3.1976 C18862.6 B-22.306 E.03092
G1 Z3.1994 C18866.251 B-22.308 E.03098
G1 Z3.2012 C18869.9 B-22.309 E.03098
G1 Z3.2031 C18873.545 B-22.311 E.03096
G1 Z3.2049 C18877.198 B-22.313 E.03106
G1 Y.0396 Z3.2075 C18880.844 B-22.315 E.03118
G1 Y-.0197 Z3.2074 C18884.492 E.03110
G1 Z3.2085 C18887.536 B-22.316 E.02596
G1 Z3.2131 C18889.967 B-22.32 E.02069
G1 Z3.2154 C18893.613 B-22.322 E.03100
G1 Z3.2172 C18897.266 B-22.324 E.03109
G1 Z3.2191 C18900.911 B-22.325 E.03101
G1 Z3.221 C18904.56 B-22.327 E.03102
G1 Z3.2229 C18908.211 B-22.329 E.03102
G1 Z3.2249 C18911.856 B-22.331 E.03096
G1 Z3.2268 C18915.508 B-22.333 E.03102
G1 Z3.228 C18919.156 B-22.334 E.03099
G1 Z3.2279 C18922.194 E.02585
G1 Z3.2268 C18923.411 B-22.333 E.01057
G1 Z3.2285 C18926.455 B-22.334 E.02589
G1 Z3.23 C18929.493 B-22.335 E.02585
G1 Z3.2318 C18932.532 B-22.337 E.02589
G1 Z3.2338 C18936.185 B-22.339 E.03109
G1 X9.6759 Z3.2358 C18939.83 B-22.341 E.03091
G1 Z3.2378 C18944.088 B-22.343 E.03589
G1 Z3.2398 C18947.738 B-22.344 E.03075
G1 Z3.2419 C18951.383 B-22.346 E.03071
G1 Z3.2439 C18955.036 B-22.348 E.03080
G1 Z3.2459 C18958.682 B-22.35 E.03079
G1 Z3.248 C18962.939 B-22.352 E.03587
G1 Z3.2503 C18965.982 B-22.354 E.02567
G1 Z3.2513 C18969.019 B-22.355 E.02567
G1 Z3.2533 C18973.278 B-22.356 E.03589
G1 Z3.2553 C18976.927 B-22.358 E.03075
G1 Z3.2574 C18980.572 B-22.36 E.03076
G1 Y.0309 Z3.2593 C18984.225 B-22.362 E.03088
G1 Y-.0312 Z3.2613 C18988.479 B-22.364 E.03598
G1 Z3.2632 C18992.128 B-22.365 E.03075
G1 Z3.2651 C18995.779 B-22.367 E.03077
G1 Z3.2671 C18999.424 B-22.369 E.03072
G1 Y.0219 Z3.2686 C19001.857 B-22.37 E.02068
G1 Z3.2701 C19004.901 B-22.371 E.02571
G1 Z3.2716 C19007.331 B-22.373 E.02050
G1 Z3.2733 C19010.37 B-22.374 E.02562
G1 Z3.2752 C19014.023 B-22.376 E.03079
G1 Z3.2772 C19017.668 B-22.378 E.03072
G1 Z3.2791 C19021.317 B-22.38 E.03076
G1 Y-.0364 Z3.2811 C19025.575 B-22.381 E.03600
G1 Z3.283 C19029.221 B-22.383 E.03074
G1 Z3.2849 C19032.874 B-22.385 E.03081
G1 Z3.2869 C19036.52 B-22.386 E.03079
G1 Z3.2888 C19040.167 B-22.388 E.03084
G1 Z3.2915 C19043.82 B-22.39 E.03082
G1 Z3.2927 C19047.465 B-22.392 E.03073
G1 Y.026 Z3.2941 C19049.288 B-22.393 E.01571
G1 Y-.0341 Z3.2961 C19053.549 B-22.395 E.03604
G1 Z3.2981 C19057.194 B-22.396 E.03074
G1 Z3.3001 C19060.845 B-22.398 E.03085
G1 Y.023 Z3.3021 C19064.494 B-22.4 E.03090
G1 Y-.029 Z3.304 C19068.748 B-22.402 E.03596
G1 Z3.306 C19072.401 B-22.403 E.03082
G1 Z3.308 C19076.046 B-22.405 E.03084
G1 Y.0401 Z3.3099 C19079.695 B-22.407 E.03097
G1 Y-.0317 Z3.313 C19083.954 B-22.409 E.03609
G1 Z3.3141 C19087.599 B-22.41 E.03076
G1 Z3.3158 C19090.034 B-22.412 E.02066
G1 Z3.3177 C19093.683 B-22.414 E.03084
G1 Z3.3196 C19097.329 B-22.415 E.03085
G1 Y.0193 Z3.3215 C19100.982 B-22.417 E.03092
G1 Z3.3235 C19104.628 B-22.419 E.03076
G1 Z3.3253 C19108.275 B-22.42 E.03078
G1 Y-.0346 Z3.3273 C19112.535 B-22.422 E.03603
G1 Z3.3292 C19116.18 B-22.424 E.03076
G1 Z3.331 C19119.833 B-22.425 E.03084
G1 Y.0317 Z3.3345 C19123.48 B-22.428 E.03096
G1 Z3.3356 C19127.735 B-22.429 E.03594
G1 Z3.3375 C19130.171 B-22.431 E.02061
G1 Y-.0363 Z3.3394 C19134.425 B-22.433 E.03605
G1 Z3.3413 C19138.074 B-22.434 E.03081
G1 Z3.3433 C19141.725 B-22.436 E.03087
G1 Z3.3452 C19145.37 B-22.438 E.03088
G1 Y.0367 Z3.3472 C19149.022 B-22.439 E.03105
G1 Y-.0267 Z3.3491 C19153.277 B-22.441 E.03605
G1 Z3.351 C19156.924 B-22.443 E.03083
G1 Z3.3529 C19160.576 B-22.444 E.03092
G1 Z3.3557 C19164.221 B-22.447 E.03081
G1 Z3.3569 C19167.872 B-22.448 E.03084
G1 Z3.3615 C19171.521 B-22.452 E.03090
G1 Z3.3635 C19175.167 B-22.453 E.03088
G1 Z3.3653 C19178.82 B-22.455 E.03095
G1 Z3.3673 C19182.466 B-22.457 E.03091
G1 Y.0265 Z3.3691 C19186.113 B-22.458 E.03094
G1 Z3.371 C19189.766 B-22.46 E.03088
G1 X9.6258 Z3.3728 C19193.411 B-22.462 E.03066
G1 Y-.034 Z3.3747 C19197.671 B-22.463 E.03583
G1 Z3.3756 C19200.711 B-22.464 E.02553
G1 Z3.3773 C19203.748 B-22.465 E.02546
G1 Y.0322 Z3.379 C19206.182 B-22.467 E.02067
G1 Z3.3809 C19209.225 B-22.468 E.02553
G1 Y-.0324 Z3.3823 C19212.87 B-22.47 E.03072
G1 Z3.3844 C19216.521 B-22.471 E.03061
G1 Z3.3865 C19220.17 B-22.473 E.03062
G1 Z3.3885 C19223.815 B-22.475 E.03063
G1 Y.0262 Z3.3906 C19227.468 B-22.477 E.03076
G1 Y-.0361 Z3.3927 C19231.722 B-22.478 E.03579
G1 Z3.3948 C19235.371 B-22.48 E.03060
G1 Z3.3968 C19239.022 B-22.482 E.03066
G1 Z3.3991 C19243.275 B-22.484 E.03565
G1 Z3.4006 C19246.319 B-22.485 E.02554
G1 Z3.4015 C19249.359 B-22.486 E.02554
G1 Y.0285 Z3.4034 C19253.005 B-22.488 E.03073
G1 Y-.0333 Z3.4053 C19257.266 B-22.489 E.03585
G1 Z3.4071 C19260.911 B-22.491 E.03056
G1 Z3.409 C19264.56 B-22.492 E.03059
G1 Z3.4108 C19268.211 B-22.494 E.03061
G1 Z3.4126 C19271.856 B-22.495 E.03057
G1 Z3.4144 C19275.508 B-22.497 E.03063
G1 Z3.4162 C19279.156 B-22.498 E.03061
G1 Z3.4184 C19282.802 B-22.5 E.03057
G1 C19283.411 E.00518
G1 Z3.4211 C19285.847 B-22.503 E.02056
G1 Z3.4226 C19288.885 B-22.504 E.02548
G1 Z3.4254 C19291.923 B-22.506 E.02557
G1 Y.0296 Z3.4275 C19295.576 B-22.508 E.03079
G1 Y-.0278 Z3.4296 C19299.83 B-22.51 E.03578
G1 Z3.4317 C19303.479 B-22.512 E.03062
G1 Z3.4338 C19307.13 B-22.513 E.03070
G1 Z3.4359 C19311.383 B-22.515 E.03567
G1 Z3.438 C19315.036 B-22.517 E.03065
G1 Z3.4401 C19318.682 B-22.519 E.03066
G1 Z3.4423 C19322.939 B-22.521 E.03570
G1 Z3.4444 C19326.589 B-22.522 E.03065
G1 Y.0339 Z3.4465 C19330.234 B-22.524 E.03073
G1 Z3.4485 C19334.495 B-22.526 E.03582
G1 Z3.4507 C19338.142 B-22.527 E.03061
G1 Y-.0257 Z3.4526 C19342.398 B-22.529 E.03582
G1 Z3.4547 C19346.049 B-22.531 E.03067
G1 Y.0282 Z3.4566 C19349.694 B-22.532 E.03070
G1 Y-.0386 Z3.4585 C19353.955 B-22.534 E.03590
G1 Z3.4606 C19357.601 B-22.536 E.03060
G1 Z3.4611 C19360.64 E.02556
G1 Y.0267 Z3.4622 C19364.293 B-22.537 E.03083
G1 Z3.4655 C19368.546 B-22.54 E.03572
G1 Z3.4685 C19371.587 B-22.542 E.02555
G1 Z3.4709 C19375.238 B-22.544 E.03065
G1 Y-.0265 Z3.4729 C19379.491 B-22.546 E.03579
G1 Z3.475 C19383.144 B-22.548 E.03068
G1 Z3.4771 C19386.79 B-22.549 E.03068
G1 Y.0346 Z3.4792 C19390.438 B-22.551 E.03078
G1 Y-.0221 Z3.4813 C19394.698 B-22.553 E.03587
G1 Z3.4834 C19398.343 B-22.555 E.03063
G1 Z3.4831 C19401.386 E.02559
G1 Z3.4845 C19404.427 B-22.556 E.02564
G1 Y.04 Z3.4867 C19407.465 B-22.558 E.02573
G1 Z3.4902 C19410.506 B-22.56 E.02557
G1 Y-.0153 Z3.4923 C19414.765 B-22.562 E.03586
G1 Z3.4945 C19418.41 B-22.564 E.03066
G1 Z3.4966 C19422.671 B-22.566 E.03579
G1 Z3.4985 C19426.317 B-22.567 E.03065
G1 Z3.5001 C19429.966 B-22.569 E.03076
G1 Z3.5022 C19434.224 B-22.57 E.03576
G1 Z3.5042 C19437.869 B-22.572 E.03070
G1 Z3.5043 C19440.914 E.02573
G1 Z3.5055 C19444.561 B-22.573 E.03069
G1 Z3.5086 C19448.207 B-22.575 E.03067
G1 Z3.5117 C19451.252 B-22.578 E.02567
G1 Z3.5138 C19454.898 B-22.58 E.03073
G1 Z3.5157 C19459.155 B-22.581 E.03578
G1 X9.5755 Z3.5177 C19462.806 B-22.583 E.03055
G1 Z3.5197 C19466.451 B-22.584 E.03040
G1 Z3.5217 C19470.103 B-22.586 E.03049
G1 Z3.5236 C19473.75 B-22.588 E.03051
G1 Z3.5256 C19478.005 B-22.589 E.03548
G1 Z3.526 C19481.05 B-22.59 E.02539
G1 Z3.5272 C19484.695 B-22.591 E.03041
G1 Z3.5303 C19488.344 B-22.593 E.03047
G1 Y.0354 Z3.5339 C19491.387 B-22.596 E.02550
G1 Y-.0173 Z3.5365 C19495.64 B-22.598 E.03556
G1 Z3.5387 C19499.292 B-22.6 E.03048
G1 Y.0373 Z3.5408 C19502.94 B-22.602 E.03054
G1 Z3.543 C19507.194 B-22.604 E.03556
G1 Z3.5451 C19510.847 B-22.605 E.03048
G1 Y-.0279 Z3.5466 C19515.099 B-22.606 E.03560
G1 Z3.5478 C19518.752 B-22.607 E.03050
G1 Z3.5486 C19521.792 B-22.608 E.02539
G1 Y.0253 Z3.5493 C19524.829 B-22.609 E.02547
G1 Y-.0392 Z3.5524 C19528.481 B-22.611 E.03062
G1 Y.0193 Z3.5551 C19530.914 B-22.613 E.02050
G1 Z3.5571 C19534.559 B-22.615 E.03040
G1 Y-.0359 Z3.559 C19538.82 B-22.616 E.03564
G1 Z3.561 C19542.466 B-22.618 E.03042
G1 Z3.5629 C19546.113 B-22.62 E.03045
G1 Z3.5649 C19549.766 B-22.621 E.03054
G1 Y.0238 Z3.5668 C19553.411 B-22.623 E.03055
G1 Y-.0377 Z3.5687 C19557.671 B-22.624 E.03566
G1 Z3.5694 C19560.711 B-22.625 E.02540
G1 Y.0237 Z3.571 C19563.14 B-22.626 E.02050
G1 Z3.5727 C19566.182 B-22.627 E.02547
G1 Z3.5745 C19568.617 B-22.629 E.02033
G1 Y-.0295 Z3.5776 C19572.262 B-22.631 E.03052
G1 Z3.5796 C19575.912 B-22.633 E.03047
G1 Z3.5816 C19579.562 B-22.635 E.03054
G1 Z3.5836 C19583.815 B-22.636 E.03548
G1 Z3.5856 C19587.468 B-22.638 E.03049
G1 Z3.5875 C19591.115 B-22.639 E.03052
G1 Z3.5895 C19595.371 B-22.641 E.03551
G1 Z3.5914 C19599.022 B-22.642 E.03049
G1 Y.0282 Z3.5936 C19602.667 B-22.644 E.03055
G1 Z3.5957 C19606.928 B-22.646 E.03563
G1 Z3.5981 C19610.574 B-22.648 E.03044
G1 Y-.0284 Z3.6006 C19614.83 B-22.65 E.03562
G1 Z3.6026 C19618.481 B-22.651 E.03049
G1 Z3.6045 C19622.126 B-22.653 E.03048
G1 Z3.6063 C19625.779 B-22.654 E.03059
G1 Y.0316 Z3.6083 C19629.426 B-22.656 E.03059
G1 Y-.0325 Z3.6102 C19633.681 B-22.657 E.03565
G1 Z3.6121 C19637.333 B-22.659 E.03050
G1 Z3.6127 C19640.371 E.02547
G1 Z3.613 C19643.411 B-22.66 E.02540
G1 Z3.615 C19646.995 B-22.661 E.02993
G1 Z3.6176 C19650.547 B-22.663 E.02968
G1 Z3.6209 C19653.419 B-22.666 E.02403
G1 Z3.623 C19657.259 B-22.667 E.03209
G1 Z3.6252 C19661.045 B-22.669 E.03169
G1 Z3.6273 C19665.306 B-22.671 E.03557
G1 Z3.6295 C19668.952 B-22.672 E.03050
G1 Y.034 Z3.6316 C19672.6 B-22.674 E.03066
G1 Z3.6338 C19676.86 B-22.676 E.03563
G1 Z3.6358 C19680.505 B-22.677 E.03046
G1 Y-.0259 Z3.6379 C19684.766 B-22.679 E.03571
G1 Z3.6399 C19688.412 B-22.681 E.03048
G1 Z3.6419 C19692.059 B-22.682 E.03052
G1 Y.0252 Z3.6442 C19695.712 B-22.684 E.03064
G1 Z3.6439 C19699.964 E.03557
G1 Z3.6461 C19703.616 B-22.686 E.03052
G1 Z3.6482 C19707.871 B-22.687 E.03559
G1 Z3.6504 C19711.519 B-22.689 E.03050
G1 Z3.6524 C19715.171 B-22.69 E.03053
G1 Z3.6545 C19719.424 B-22.692 E.03560
G1 Z3.6575 C19723.076 B-22.694 E.03060
G1 Z3.6587 C19726.723 B-22.695 E.03053
G1 Y-.0266 Z3.6612 C19730.37 B-22.697 E.03061
G1 Y.0304 Z3.6645 C19732.806 B-22.7 E.02065
G1 Z3.6668 C19737.06 B-22.702 E.03564
G1 Z3.6689 C19740.708 B-22.703 E.03054
G1 X9.5249 Y-.0387 Z3.6708 C19744.968 B-22.705 E.03559
G1 Z3.6729 C19748.613 B-22.706 E.03027
G1 Y.0241 Z3.675 C19752.265 B-22.708 E.03045
G1 Z3.6772 C19756.52 B-22.71 E.03536
G1 Z3.6793 C19760.167 B-22.711 E.03025
G1 Z3.6816 C19764.427 B-22.713 E.03542
G1 Z3.6838 C19768.072 B-22.715 E.03024
G1 Z3.6861 C19772.333 B-22.717 E.03543
G1 Z3.6883 C19775.979 B-22.718 E.03024
G1 Z3.6903 C19780.236 B-22.72 E.03538
G1 Z3.6925 C19783.887 B-22.721 E.03028
G1 Z3.6923 C19786.924 E.02520
G1 Z3.6957 C19789.966 B-22.724 E.02525
G1 Z3.6955 C19793.009 E.02527
G1 Z3.6965 C19796.046 E.02522
G1 Y-.0382 Z3.6986 C19800.305 B-22.726 E.03546
G1 Z3.7013 C19803.346 B-22.728 E.02527
G1 Y.0275 Z3.7024 C19806.383 B-22.729 E.02541
G1 Z3.7037 C19808.816 B-22.73 E.02021
G1 Z3.7066 C19812.468 B-22.732 E.03029
G1 Y-.0246 Z3.7087 C19816.721 B-22.734 E.03537
G1 Z3.7108 C19820.373 B-22.735 E.03031
G1 Y.0261 Z3.7123 C19824.021 B-22.736 E.03037
G1 Y-.0254 Z3.7141 C19828.275 B-22.738 E.03538
G1 Z3.7162 C19831.928 B-22.739 E.03034
G1 Y.0336 Z3.7183 C19835.573 B-22.741 E.03038
G1 Z3.7204 C19839.833 B-22.743 E.03541
G1 Y-.0309 Z3.7234 C19843.48 B-22.745 E.03043
G1 Y.0285 Z3.7245 C19846.518 B-22.746 E.02538
G1 Z3.727 C19850.171 B-22.748 E.03038
G1 Y-.025 Z3.7304 C19853.21 B-22.75 E.02536
G1 Z3.7325 C19856.856 B-22.752 E.03031
G1 Z3.7347 C19861.117 B-22.754 E.03535
G1 Z3.7368 C19864.762 B-22.755 E.03030
G1 Y.03 Z3.7354 C19866.586 B-22.754 E.01541
G1 Y-.0273 Z3.739 C19869.022 B-22.757 E.02043
G1 Z3.7411 C19872.669 B-22.758 E.03034
G1 Z3.7409 C19875.707 E.02528
G1 Z3.745 C19878.752 B-22.761 E.02532
G1 Y.0377 Z3.748 C19882.399 B-22.764 E.03045
G1 Z3.7499 C19886.654 B-22.765 E.03538
G1 Z3.7519 C19890.306 B-22.766 E.03033
G1 Y-.0354 Z3.7541 C19894.559 B-22.768 E.03549
G1 Z3.7562 C19898.211 B-22.77 E.03034
G1 Z3.7585 C19901.858 B-22.771 E.03036
G1 Y.0345 Z3.7606 C19905.505 B-22.773 E.03048
G1 Y-.018 Z3.7628 C19909.766 B-22.775 E.03547
G1 Z3.765 C19913.411 B-22.776 E.03030
G1 Y.0354 Z3.7663 C19917.061 B-22.777 E.03043
G1 Y-.0203 Z3.7659 C19920.711 E.03044
G1 Z3.7672 C19924.356 B-22.778 E.03029
G1 Z3.7704 C19928.009 B-22.78 E.03042
G1 Z3.7735 C19931.655 B-22.783 E.03029
G1 Z3.7756 C19935.302 B-22.784 E.03032
G1 Y.0366 Z3.7778 C19938.955 B-22.786 E.03048
G1 Z3.7799 C19943.207 B-22.787 E.03537
G1 Z3.7821 C19946.86 B-22.789 E.03035
G1 Z3.7841 C19951.115 B-22.791 E.03541
G1 Z3.7863 C19954.762 B-22.792 E.03030
G1 Y-.026 Z3.7849 C19957.198 B-22.791 E.02052
G1 Z3.789 C19960.844 B-22.794 E.03035
G1 Z3.791 C19965.101 B-22.796 E.03536
G1 Z3.7931 C19968.752 B-22.797 E.03035
G1 Z3.795 C19972.397 B-22.799 E.03032
G1 Z3.7972 C19976.049 B-22.8 E.03038
G1 Y.0281 Z3.7996 C19979.696 B-22.802 E.03043
G1 Y-.0222 Z3.8017 C19983.951 B-22.804 E.03544
G1 Z3.8039 C19987.603 B-22.805 E.03037
G1 Z3.8061 C19991.248 B-22.807 E.03038
G1 Z3.8082 C19995.508 B-22.809 E.03540
G1 Z3.808 C19999.156 B-22.808 E.03034
G1 Y.0306 Z3.8103 C20002.194 B-22.81 E.02543
G1 Y-.0236 C20003.411 E.01067
G1 Z3.812 C20006.518 B-22.811 E.02586
G1 Z3.8145 C20009.942 B-22.813 E.02849
G1 Z3.8155 C20012.887 B-22.814 E.02453
G1 Z3.8178 C20015.849 B-22.815 E.02468
G1 Z3.8188 C20018.811 B-22.816 E.02468
G1 Z3.8211 C20021.653 B-22.818 E.02373
G1 Z3.8221 C20024.698 B-22.819 E.02539
G1 Z3.8244 C20027.738 B-22.82 E.02534
G1 Z3.8255 C20030.775 B-22.821 E.02531
G1 Z3.8277 C20033.818 B-22.823 E.02536
G1 Z3.8288 C20036.86 E.02535
G1 X9.4742 Z3.8332 C20040.505 B-22.827 E.03025
G1 Y.0341 Z3.8351 C20044.157 B-22.828 E.03026
G1 Z3.8371 C20047.804 B-22.83 E.03009
G1 Z3.8391 C20051.451 B-22.831 E.03009
G1 Y-.0331 Z3.8415 C20055.712 B-22.833 E.03531
G1 Y.0321 C20058.142 E.02031
G1 Z3.8426 C20061.18 B-22.834 E.02506
G1 Z3.8448 C20064.225 B-22.835 E.02512
G1 Z3.8459 C20067.264 B-22.836 E.02507
G1 Z3.8481 C20070.302 B-22.838 E.02507
G1 Z3.8513 C20073.346 B-22.84 E.02514
G1 Y-.0353 Z3.8536 C20077.601 B-22.842 E.03526
G1 Z3.8538 C20080.64 E.02508
G1 Y.0232 Z3.8549 C20083.685 B-22.843 E.02529
G1 Z3.8578 C20087.331 B-22.845 E.03009
G1 Z3.8587 C20090.37 E.02508
G1 Z3.862 C20092.197 B-22.848 E.01509
G1 C20095.238 E.02509
G1 Z3.8653 C20098.275 B-22.85 E.02506
G1 Z3.8652 C20101.317 E.02512
G1 Z3.8663 C20104.36 B-22.851 E.02514
G1 Z3.8685 C20107.398 B-22.852 E.02512
G1 Z3.8696 C20110.438 B-22.853 E.02517
G1 Z3.8718 C20113.482 B-22.855 E.02523
G1 Y-.0295 Z3.8729 C20116.52 B-22.856 E.02521
G1 Z3.874 C20118.343 E.01509
G1 Y.0264 Z3.8768 C20121.995 B-22.858 E.03026
G1 Y-.024 Z3.8789 C20126.25 B-22.86 E.03520
G1 Z3.881 C20129.897 B-22.861 E.03011
G1 Z3.8831 C20133.549 B-22.863 E.03020
G1 Y.0331 Z3.8862 C20135.372 B-22.865 E.01533
G1 Z3.886 C20138.41 E.02508
G1 Z3.887 C20141.454 B-22.866 E.02513
G1 Z3.8893 C20144.494 B-22.867 E.02510
G1 Z3.8904 C20147.532 B-22.868 E.02508
G1 Z3.8926 C20150.575 B-22.87 E.02512
G1 Z3.8938 C20153.617 B-22.871 E.02511
G1 Y-.0348 Z3.896 C20157.261 B-22.872 E.03027
G1 Z3.897 C20160.305 B-22.873 E.02513
G1 Z3.8999 C20163.346 B-22.875 E.02511
G1 Z3.9009 C20166.383 B-22.876 E.02508
G1 Z3.9032 C20169.425 B-22.877 E.02512
G1 Y.0302 Z3.9062 C20171.86 B-22.879 E.02038
G1 Z3.9084 C20176.113 B-22.881 E.03516
G1 Z3.9106 C20179.764 B-22.883 E.03014
G1 Z3.9105 C20182.806 B-22.882 E.02514
G1 Z3.9138 C20185.843 B-22.885 E.02512
G1 Z3.9137 C20188.884 E.02519
G1 Z3.9148 C20191.928 E.02524
G1 Y-.0244 Z3.917 C20194.965 B-22.887 E.02523
G1 Z3.918 C20198.005 B-22.888 E.02511
G1 Z3.9205 C20201.05 B-22.89 E.02515
G1 Z3.9217 C20204.087 E.02511
G1 Z3.9243 C20207.126 B-22.892 E.02523
G1 Y.0305 Z3.9253 C20210.171 B-22.893 E.02531
G1 Z3.9276 C20213.21 B-22.895 E.02511
G1 Z3.9287 C20216.248 E.02511
G1 Z3.9309 C20219.292 B-22.897 E.02516
G1 Z3.932 C20222.332 B-22.898 E.02513
G1 Z3.9342 C20225.37 B-22.899 E.02512
G1 Z3.9353 C20228.413 B-22.9 E.02516
G1 Z3.9375 C20231.454 B-22.901 E.02515
G1 Z3.9386 C20234.492 B-22.902 E.02512
G1 Z3.9409 C20237.533 B-22.904 E.02514
G1 Z3.9442 C20240.576 B-22.906 E.02517
G1 Y-.0343 Z3.9463 C20244.829 B-22.908 E.03527
G1 Z3.9484 C20248.481 B-22.909 E.03018
G1 Z3.9507 C20252.129 B-22.911 E.03016
G1 Z3.9528 C20255.775 B-22.912 E.03017
G1 Y.0237 Z3.9549 C20259.428 B-22.914 E.03033
G1 Z3.9571 C20263.681 B-22.915 E.03520
G1 Z3.9581 C20269.158 B-22.916 E.04522
G1 Z3.9614 C20271.588 B-22.918 E.02028
G1 Z3.9635 C20275.234 B-22.92 E.03015
G1 Z3.9634 C20278.279 E.02522
G1 Y-.0333 Z3.9649 C20281.925 B-22.921 E.03028
G1 Y.0322 Z3.9679 C20284.964 B-22.923 E.02536
G1 Z3.9691 C20288.617 B-22.924 E.03021
G1 Z3.9713 C20291.655 B-22.925 E.02516
G1 Z3.9724 C20294.694 B-22.926 E.02518
G1 Z3.9746 C20297.739 B-22.927 E.02524
G1 Z3.9757 C20300.777 B-22.928 E.02520
G1 Z3.9779 C20303.815 B-22.93 E.02521
G1 Z3.979 C20306.86 E.02528
G1 Z3.9812 C20309.9 B-22.932 E.02525
G1 Z3.9823 C20312.937 B-22.933 E.02525
G1 Z3.9845 C20315.98 B-22.934 E.02529
G1 Z3.9856 C20319.022 B-22.935 E.02529
G1 Z3.9878 C20322.667 B-22.937 E.03016
G1 Z3.9901 C20326.319 B-22.938 E.03022
G1 Z3.9924 C20329.967 B-22.94 E.03019
G1 Z3.9946 C20333.613 B-22.941 E.03018
G1 Z3.9963 C20337.266 B-22.942 E.03023
G1 Y-.0214 Z3.9996 C20339.696 B-22.945 E.02037
G1 Z3.9984 C20341.519 B-22.944 E.01526
G1 Z4.0005 C20345.17 B-22.945 E.03031
G1 Z4.0027 C20349.426 B-22.947 E.03520
G1 X9.4227 Y.031 Z4.008 C20354.899 B-22.951 E.04505
G1 C20357.941 B-22.95 E.02496
G1 Z4.0094 C20361.586 B-22.951 E.02998
G1 Y-.0212 Z4.0102 C20363.411 B-22.952 E.01520
G1 Z4.0131 C20367.141 B-22.954 E.03060
G1 Z4.0141 C20370.28 B-22.955 E.02576
G1 Z4.0164 C20373.298 B-22.956 E.02476
G1 Z4.0175 C20376.331 B-22.957 E.02489
G1 Z4.0198 C20379.358 B-22.958 E.02484
G1 Z4.0209 C20382.261 B-22.959 E.02386
G1 Z4.0232 C20385.306 B-22.961 E.02502
G1 Z4.0243 C20388.345 B-22.962 E.02498
G1 Z4.0266 C20391.383 B-22.963 E.02499
G1 Z4.0278 C20394.427 B-22.964 E.02505
G1 Z4.0301 C20397.467 B-22.966 E.02504
G1 Z4.0332 C20400.505 B-22.968 E.02498
G1 Z4.035 C20404.157 B-22.969 E.03002
G1 Z4.037 C20407.804 B-22.97 E.02995
G1 Z4.0389 C20411.451 B-22.972 E.02993
G1 Z4.0414 C20415.104 B-22.973 E.02998
G1 Z4.0415 C20418.142 E.02493
G1 Z4.0427 C20421.18 B-22.974 E.02493
G1 Z4.045 C20424.225 B-22.976 E.02500
G1 Z4.0461 C20427.264 E.02496
G1 Z4.0484 C20430.302 B-22.978 E.02496
G1 Z4.0494 C20433.346 B-22.979 E.02499
G1 Z4.0517 C20436.386 B-22.98 E.02495
G1 Z4.0528 C20439.424 B-22.981 E.02493
G1 Z4.0553 C20442.467 B-22.983 E.02500
G1 Z4.0565 C20445.508 E.02506
G1 Z4.0589 C20449.153 B-22.985 E.02992
G1 Y.0341 Z4.06 C20451.587 B-22.986 E.02017
G1 Z4.0623 C20454.63 B-22.987 E.02498
G1 Z4.0634 C20457.668 B-22.988 E.02494
G1 Z4.0656 C20460.708 B-22.99 E.02496
G1 Z4.0667 C20463.752 E.02499
G1 Z4.069 C20466.79 B-22.992 E.02494
G1 Z4.0701 C20469.829 B-22.993 E.02495
G1 Z4.0724 C20472.874 B-22.994 E.02500
G1 Z4.0735 C20475.913 B-22.995 E.02495
G1 Z4.0758 C20478.95 B-22.996 E.02494
G1 Z4.0789 C20481.995 B-22.998 E.02502
G1 Z4.081 C20485.642 B-23. E.02994
G1 Z4.0831 C20489.288 B-23.001 E.02993
G1 Z4.0852 C20492.941 B-23.003 E.02999
G1 Z4.0854 C20495.979 E.02498
G1 Z4.0866 C20499.018 B-23.004 E.02497
G1 Z4.0889 C20502.063 B-23.005 E.02501
G1 Z4.0901 C20505.102 B-23.006 E.02496
G1 Y-.0265 Z4.0924 C20508.748 B-23.007 E.03009
G1 Z4.0935 C20511.793 B-23.008 E.02501
G1 Z4.0959 C20514.831 B-23.01 E.02498
G1 Z4.097 C20517.869 E.02502
G1 Z4.0991 C20520.914 B-23.012 E.02505
G1 Z4.1024 C20523.954 B-23.014 E.02498
G1 Z4.1047 C20527.599 B-23.016 E.02996
G1 Z4.1052 C20530.643 E.02502
G1 Z4.1059 C20533.683 E.02498
G1 Z4.1081 C20536.721 B-23.018 E.02497
G1 Z4.1093 C20539.764 B-23.019 E.02501
G1 Z4.1115 C20542.806 B-23.02 E.02500
G1 Z4.1126 C20545.843 B-23.021 E.02496
G1 Y.036 Z4.1149 C20548.275 B-23.022 E.02025
G1 Z4.116 C20551.32 B-23.023 E.02503
G1 Z4.1182 C20554.358 B-23.025 E.02497
G1 Z4.1193 C20557.397 E.02498
G1 Z4.1216 C20560.441 B-23.027 E.02503
G1 Z4.1228 C20563.48 B-23.028 E.02499
G1 Z4.1251 C20566.518 B-23.029 E.02498
G1 Z4.1263 C20569.562 B-23.03 E.02503
G1 Z4.1287 C20572.602 B-23.031 E.02500
G1 Z4.1298 C20575.64 B-23.032 E.02499
G1 Z4.1322 C20578.683 B-23.034 E.02503
G1 Y-.0324 Z4.1333 C20582.332 E.03018
G1 Z4.1356 C20585.37 B-23.036 E.02499
G1 Z4.1367 C20588.413 B-23.037 E.02504
G1 Z4.139 C20591.454 B-23.038 E.02504
G1 Z4.1401 C20594.492 B-23.039 E.02505
G1 Z4.1424 C20597.533 B-23.04 E.02511
G1 Z4.1436 C20600.576 B-23.041 E.02515
G1 Y.0221 Z4.1477 C20604.221 B-23.044 E.03009
G1 Z4.1498 C20607.872 B-23.045 E.03002
G1 Z4.152 C20611.521 B-23.047 E.03001
G1 Z4.1542 C20615.167 B-23.048 E.02998
G1 C20618.211 E.02509
G1 Z4.1553 C20621.251 B-23.049 E.02508
G1 Z4.1575 C20624.288 B-23.05 E.02506
G1 Z4.1586 C20627.332 B-23.051 E.02515
G1 Z4.1609 C20630.373 B-23.052 E.02513
G1 Z4.162 C20633.411 B-23.053 E.02513
G1 Y-.0279 Z4.1642 C20636.452 B-23.055 E.02517
G1 Z4.1653 C20639.495 E.02506
G1 Z4.168 C20642.533 B-23.057 E.02507
G1 Y.0367 Z4.1694 C20645.573 B-23.058 E.02525
G1 Y-.0136 Z4.1718 C20649.225 B-23.06 E.03015
G1 Z4.173 C20652.262 E.02502
G1 Z4.1753 C20655.302 B-23.062 E.02505
G1 Z4.1764 C20658.347 E.02509
G1 Z4.1787 C20661.385 B-23.064 E.02504
G1 Z4.1798 C20664.424 B-23.065 E.02505
G1 Z4.1821 C20667.468 B-23.066 E.02511
G1 Z4.1832 C20670.507 B-23.067 E.02508
G1 Z4.1855 C20673.545 B-23.068 E.02509
G1 Z4.1866 C20676.589 B-23.069 E.02517
G1 Z4.1877 C20679.022 B-23.07 E.02012
G1 X9.3725 Z4.1899 C20682.667 B-23.071 E.02987
G1 Z4.1922 C20686.319 B-23.073 E.02981
G1 Z4.1944 C20689.967 B-23.074 E.02977
G1 Y.0364 Z4.1966 C20693.005 B-23.076 E.02492
G1 Y-.0248 Z4.1983 C20697.266 B-23.077 E.03491
G1 Z4.2006 C20700.304 B-23.078 E.02479
G1 Z4.2017 C20703.342 B-23.079 E.02479
G1 Y.032 Z4.2038 C20705.779 B-23.08 E.02009
G1 Z4.2049 C20708.819 B-23.081 E.02481
G1 Z4.2071 C20711.856 B-23.082 E.02479
G1 Z4.2082 C20714.899 B-23.083 E.02485
G1 Z4.2104 C20717.941 B-23.084 E.02485
G1 Y-.0349 Z4.2119 C20721.586 B-23.085 E.02993
G1 Z4.2127 C20723.411 B-23.086 E.01491
G1 Z4.2151 C20726.455 B-23.087 E.02485
G1 Z4.2162 C20729.493 B-23.088 E.02482
G1 Z4.2187 C20732.532 B-23.09 E.02486
G1 Z4.2198 C20735.576 E.02496
G1 Y.0214 Z4.2222 C20738.615 B-23.092 E.02496
G1 Z4.2234 C20741.653 B-23.093 E.02480
G1 Y-.033 Z4.2257 C20745.306 B-23.094 E.02994
G1 Z4.2269 C20748.345 B-23.095 E.02481
G1 Z4.2293 C20751.383 B-23.096 E.02482
G1 Z4.2304 C20754.427 B-23.097 E.02491
G1 Z4.2328 C20757.467 B-23.098 E.02493
G1 Z4.236 C20760.505 B-23.1 E.02487
G1 Z4.2376 C20764.157 B-23.102 E.02985
G1 Z4.2396 C20767.804 B-23.103 E.02977
G1 Z4.2414 C20770.842 B-23.104 E.02488
G1 Z4.2439 C20774.495 B-23.105 E.02986
G1 Z4.2442 C20777.534 B-23.106 E.02484
G1 Z4.2453 C20780.572 E.02489
G1 Y.0229 Z4.2478 C20783.616 B-23.108 E.02501
G1 Y-.0312 Z4.2489 C20787.264 B-23.109 E.02990
G1 Z4.2513 C20790.302 B-23.11 E.02481
G1 Z4.2524 C20793.346 B-23.111 E.02486
G1 Z4.2547 C20796.386 B-23.112 E.02483
G1 Z4.2558 C20799.424 B-23.113 E.02482
G1 Z4.2583 C20802.467 B-23.115 E.02485
G1 Y.0347 Z4.2592 C20804.901 E.02015
G1 Z4.2616 C20807.938 B-23.117 E.02480
G1 Z4.2627 C20810.978 E.02483
G1 Y-.0324 Z4.2651 C20814.63 B-23.119 E.03001
G1 Z4.2663 C20817.668 E.02482
G1 Z4.2686 C20820.708 B-23.121 E.02484
G1 Z4.2697 C20823.752 B-23.122 E.02488
G1 Z4.2721 C20826.79 B-23.123 E.02485
G1 Z4.2732 C20829.829 B-23.124 E.02489
G1 Z4.2756 C20832.874 B-23.125 E.02497
G1 Y.0222 Z4.2768 C20835.913 B-23.126 E.02498
G1 Z4.2792 C20838.95 B-23.128 E.02482
G1 Z4.282 C20841.995 B-23.129 E.02489
G1 Z4.2841 C20845.642 B-23.131 E.02981
G1 Z4.2862 C20849.288 B-23.132 E.02983
G1 Z4.2882 C20852.941 B-23.133 E.02994
G1 Z4.2886 C20855.372 E.01988
G1 Y-.0349 Z4.2898 C20859.018 B-23.134 E.02992
G1 Z4.2922 C20862.063 B-23.136 E.02489
G1 Z4.2933 C20865.102 E.02489
G1 Y.0167 Z4.2958 C20868.14 B-23.138 E.02496
G1 Z4.2969 C20871.184 B-23.139 E.02489
G1 Z4.2994 C20874.831 B-23.14 E.02984
G1 Z4.3005 C20877.869 B-23.141 E.02484
G1 Z4.303 C20880.914 B-23.142 E.02491
G1 Z4.3065 C20883.346 B-23.144 E.01993
G1 Z4.3087 C20887.599 B-23.146 E.03482
G1 Z4.311 C20891.252 B-23.147 E.02989
G1 Z4.3108 C20894.291 E.02496
G1 Y-.0346 Z4.3116 C20897.329 B-23.148 E.02498
G1 Z4.3139 C20900.373 B-23.149 E.02490
G1 Z4.3151 C20903.413 B-23.15 E.02487
G1 Z4.3174 C20906.451 B-23.151 E.02486
G1 Z4.3185 C20909.494 B-23.152 E.02491
G1 Z4.3209 C20912.535 B-23.153 E.02491
G1 Z4.322 C20915.573 B-23.154 E.02491
G1 Z4.3243 C20918.614 B-23.155 E.02497
G1 Z4.3265 C20921.657 B-23.157 E.02496
G1 Z4.3283 C20924.695 B-23.158 E.02489
G1 Z4.329 C20927.735 E.02488
G1 Z4.3318 C20930.779 B-23.16 E.02491
G1 Y.0222 Z4.3332 C20933.21 B-23.161 E.02013
G1 Z4.3347 C20936.248 B-23.162 E.02487
G1 Z4.3358 C20939.292 E.02492
G1 Y-.0281 Z4.3383 C20942.94 B-23.164 E.02994
G1 Z4.3394 C20945.977 E.02488
G1 Z4.3418 C20949.022 B-23.166 E.02498
G1 Z4.3429 C20952.062 B-23.167 E.02499
G1 Z4.3454 C20955.707 B-23.168 E.02982
G1 Z4.3465 C20958.752 B-23.169 E.02494
G1 Z4.3487 C20961.792 B-23.17 E.02490
G1 Z4.3516 C20964.221 B-23.172 E.02001
G1 Z4.3537 C20967.872 B-23.173 E.02989
G1 Z4.3558 C20971.521 B-23.175 E.02986
G1 Y.0341 Z4.3582 C20974.559 B-23.176 E.02508
G1 C20977.602 E.02495
G1 Z4.3594 C20980.644 B-23.177 E.02494
G1 Z4.3617 C20983.681 B-23.178 E.02489
G1 Z4.3628 C20986.722 B-23.179 E.02492
G1 Z4.3651 C20989.766 B-23.18 E.02495
G1 Z4.3662 C20992.803 B-23.181 E.02489
G1 Y-.0347 Z4.3685 C20996.452 B-23.182 E.03007
G1 Z4.3697 C20999.495 B-23.183 E.02495
G1 Z4.3721 C21002.533 B-23.184 E.02491
G1 Z4.3733 C21005.573 B-23.185 E.02493
G1 Z4.3757 C21008.617 B-23.186 E.02497
G1 Z4.3769 C21011.655 B-23.187 E.02494
G1 Z4.3794 C21014.694 B-23.189 E.02497
G1 Z4.3806 C21017.739 E.02506
G1 Y.0182 Z4.383 C21020.777 B-23.191 E.02506
G1 X9.3223 Z4.3841 C21023.815 E.02479
G1 Z4.3865 C21027.468 B-23.193 E.02975
G1 Z4.3876 C21030.507 B-23.194 E.02473
G1 Z4.39 C21033.545 B-23.195 E.02468
G1 Z4.3911 C21036.589 B-23.196 E.02471
G1 Z4.3923 C21039.022 E.01986
G1 Z4.3955 C21040.844 B-23.198 E.01487
G1 Z4.3973 C21044.492 B-23.199 E.02965
G1 Z4.3995 C21047.536 B-23.201 E.02472
G1 Z4.4016 C21051.181 B-23.202 E.02960
G1 Z4.404 C21054.83 B-23.203 E.02967
G1 C21057.874 E.02483
G1 Z4.4051 C21060.911 B-23.204 E.02474
G1 Z4.4074 C21063.951 B-23.205 E.02476
G1 Z4.4085 C21066.864 B-23.206 E.02369
G1 Z4.4108 C21069.969 B-23.207 E.02525
G1 Z4.4118 C21073.04 B-23.208 E.02499
G1 Z4.4142 C21076.124 B-23.209 E.02510
G1 Z4.4153 C21079.245 B-23.21 E.02541
G1 Z4.4176 C21083.411 B-23.211 E.03389
G1 Z4.4198 C21085.847 B-23.213 E.01978
G1 Z4.421 C21088.885 E.02466
G1 Z4.4233 C21091.923 B-23.215 E.02467
G1 Z4.4245 C21094.968 E.02472
G1 Y-.0348 Z4.427 C21098.615 B-23.217 E.02973
G1 Z4.4281 C21101.653 B-23.218 E.02468
G1 Z4.4306 C21104.698 B-23.219 E.02478
G1 Y.018 Z4.4318 C21107.738 B-23.22 E.02482
G1 Y-.035 Z4.4343 C21111.383 B-23.221 E.02971
G1 Z4.4354 C21114.427 B-23.222 E.02474
G1 Z4.4379 C21117.467 B-23.223 E.02477
G1 Z4.4411 C21120.505 B-23.225 E.02472
G1 Z4.4427 C21124.157 B-23.226 E.02966
G1 Z4.4445 C21127.197 B-23.227 E.02478
G1 Y.0278 Z4.4463 C21130.234 B-23.228 E.02486
G1 Z4.4489 C21133.887 B-23.23 E.02968
G1 Z4.4492 C21136.927 E.02472
G1 Z4.4503 C21139.964 B-23.231 E.02467
G1 Z4.4529 C21143.616 B-23.232 E.02975
G1 Z4.454 C21146.656 B-23.233 E.02471
G1 Z4.4565 C21149.694 B-23.234 E.02468
G1 Z4.4576 C21152.737 B-23.235 E.02472
G1 Y-.0303 Z4.46 C21156.386 B-23.236 E.02978
G1 Z4.4612 C21159.424 B-23.237 E.02469
G1 Z4.4638 C21163.076 B-23.238 E.02970
G1 Z4.4658 C21166.116 B-23.24 E.02471
G1 Z4.4668 C21169.153 E.02467
G1 Y.0328 Z4.4691 C21171.587 B-23.242 E.02003
G1 Z4.4702 C21174.63 E.02472
G1 Y-.0319 Z4.4727 C21178.275 B-23.244 E.02978
G1 Z4.4738 C21181.317 E.02473
G1 Z4.4763 C21184.36 B-23.246 E.02477
G1 Z4.4775 C21187.398 E.02479
G1 Y.0295 Z4.4799 C21190.438 B-23.248 E.02489
G1 Y-.0244 Z4.4811 C21194.09 E.02979
G1 Z4.4835 C21197.127 B-23.25 E.02470
G1 Z4.4847 C21200.167 E.02477
G1 Z4.4867 C21203.82 B-23.252 E.02968
G1 Y.0317 Z4.4888 C21206.857 B-23.253 E.02484
G1 Z4.4908 C21210.506 B-23.254 E.02968
G1 Y-.0294 Z4.4927 C21214.157 B-23.255 E.02982
G1 Z4.4953 C21217.194 B-23.256 E.02473
G1 Z4.4964 C21220.236 B-23.257 E.02486
G1 Z4.499 C21223.887 B-23.259 E.02967
G1 Z4.5001 C21226.924 E.02474
G1 Y.0241 Z4.5026 C21229.966 B-23.261 E.02488
G1 Z4.5038 C21233.617 E.02974
G1 Z4.5064 C21236.654 B-23.263 E.02470
G1 Z4.5075 C21239.695 B-23.264 E.02474
G1 Z4.5096 C21243.346 B-23.265 E.02968
G1 Z4.5118 C21246.991 B-23.266 E.02964
G1 Z4.514 C21250.643 B-23.267 E.02969
G1 Z4.5161 C21254.291 B-23.268 E.02966
G1 Z4.5185 C21257.329 B-23.27 E.02472
G1 Y-.0283 Z4.5196 C21260.982 E.02981
G1 Z4.522 C21264.021 B-23.272 E.02473
G1 Z4.5232 C21267.059 E.02475
G1 Z4.5256 C21270.103 B-23.274 E.02485
G1 Y.0264 Z4.5268 C21273.143 E.02489
G1 Y-.0289 Z4.5292 C21276.788 B-23.276 E.02977
G1 Z4.5304 C21279.833 B-23.277 E.02479
G1 Z4.5327 C21283.48 B-23.278 E.02970
G1 Z4.535 C21287.126 B-23.279 E.02974
G1 Y.0294 Z4.5373 C21290.779 B-23.28 E.02985
G1 Y-.0284 Z4.5393 C21295.032 B-23.282 E.03469
G1 Z4.5418 C21298.074 B-23.283 E.02479
G1 Z4.543 C21301.117 B-23.284 E.02487
G1 Z4.5455 C21304.762 B-23.285 E.02965
G1 Z4.5467 C21307.803 B-23.286 E.02478
G1 Z4.5491 C21310.847 B-23.287 E.02487
G1 Z4.5503 C21314.492 B-23.288 E.02966
G1 Z4.5528 C21317.533 B-23.289 E.02479
G1 Z4.554 C21320.576 B-23.29 E.02488
G1 Z4.5577 C21324.221 B-23.292 E.02968
G1 Y.0318 Z4.5597 C21327.263 B-23.293 E.02496
G1 Z4.5618 C21330.914 B-23.294 E.02977
G1 Y-.02 Z4.5642 C21334.559 B-23.296 E.02978
G1 Y.0333 Z4.5644 C21336.993 E.02005
G1 Y-.0281 Z4.5656 C21340.644 E.02987
G1 Z4.5679 C21343.681 B-23.298 E.02476
G1 Z4.5691 C21346.722 E.02480
G1 Z4.5715 C21349.766 B-23.3 E.02487
G1 Z4.5726 C21352.803 E.02486
G1 Y.029 Z4.5751 C21355.843 B-23.302 E.02495
G1 Y-.0265 Z4.5763 C21359.495 E.02986
G1 Y.0341 Z4.5786 C21361.925 B-23.304 E.02009
G1 Z4.5798 C21364.964 E.02478
G1 Z4.5821 C21368.009 B-23.306 E.02484
G1 Z4.5834 C21371.048 E.02481
G1 Z4.5857 C21374.086 B-23.307 E.02481
G1 Z4.587 C21377.13 B-23.308 E.02484
G1 Y-.0322 Z4.5894 C21380.777 B-23.31 E.02989
G1 Z4.5906 C21383.815 E.02480
G1 X9.2723 Z4.5931 C21386.86 B-23.312 E.02479
G1 Y.0282 Z4.5943 C21389.9 E.02473
G1 Z4.5967 C21393.545 B-23.314 E.02953
G1 Z4.5979 C21396.589 E.02461
G1 Y-.0289 Z4.5991 C21399.022 B-23.315 E.01985
G1 Z4.6027 C21400.844 B-23.317 E.01472
G1 Z4.6048 C21404.492 B-23.318 E.02945
G1 Z4.6066 C21407.536 B-23.319 E.02461
G1 Z4.6083 C21410.574 B-23.32 E.02465
G1 Z4.6105 C21414.221 B-23.321 E.02948
G1 Z4.6106 C21417.266 E.02460
G1 Z4.6118 C21420.304 B-23.322 E.02458
G1 Z4.6141 C21423.342 B-23.323 E.02461
G1 Z4.6153 C21426.738 B-23.324 E.02742
G1 Z4.6176 C21429.886 B-23.325 E.02542
G1 Z4.6188 C21433. B-23.326 E.02514
G1 Z4.6211 C21436.127 B-23.327 E.02525
G1 Z4.6223 C21439.292 B-23.328 E.02556
G1 Z4.6247 C21443.411 B-23.329 E.03326
G1 Z4.6268 C21447.063 B-23.33 E.02949
G1 Y.0215 Z4.629 C21449.493 B-23.331 E.01978
G1 Z4.6302 C21452.532 B-23.332 E.02455
G1 Z4.6325 C21455.576 B-23.333 E.02459
G1 Z4.6338 C21458.615 B-23.334 E.02455
G1 Z4.6363 C21462.261 B-23.335 E.02948
G1 Z4.6376 C21465.306 B-23.336 E.02459
G1 Y-.0289 Z4.6401 C21468.952 B-23.337 E.02955
G1 Z4.6413 C21471.991 B-23.338 E.02458
G1 Y.0259 Z4.6439 C21475.036 B-23.339 E.02474
G1 Z4.6451 C21478.682 B-23.34 E.02952
G1 Z4.6486 C21482.329 B-23.342 E.02949
G1 Z4.6504 C21485.374 B-23.343 E.02462
G1 Z4.6522 C21488.412 B-23.344 E.02455
G1 Z4.6539 C21491.451 B-23.345 E.02456
G1 Y-.0327 Z4.6549 C21494.495 E.02476
G1 Z4.6562 C21497.534 B-23.346 E.02462
G1 Y.0354 Z4.6588 C21500.572 B-23.348 E.02477
G1 Z4.66 C21504.225 E.02955
G1 Z4.6626 C21507.264 B-23.35 E.02455
G1 Z4.6639 C21510.91 E.02953
G1 Z4.6662 C21513.955 B-23.351 E.02467
G1 Z4.6675 C21516.994 B-23.352 E.02457
G1 Z4.6698 C21520.032 B-23.353 E.02456
G1 Z4.673 C21523.076 B-23.355 E.02471
G1 Z4.6752 C21526.723 B-23.356 E.02953
G1 Y-.0273 Z4.6754 C21529.761 E.02474
G1 Z4.6767 C21532.197 B-23.357 E.01985
G1 Z4.6787 C21535.238 B-23.358 E.02467
G1 Z4.68 C21538.883 B-23.359 E.02945
G1 Z4.6825 C21541.926 B-23.36 E.02460
G1 Z4.6838 C21544.968 B-23.361 E.02466
G1 Z4.6862 C21548.613 B-23.362 E.02945
G1 Z4.6875 C21551.656 B-23.363 E.02461
G1 Z4.69 C21554.698 B-23.364 E.02468
G1 Z4.6913 C21558.343 B-23.365 E.02945
G1 Z4.6925 C21560.167 E.01490
G1 Z4.6945 C21563.82 B-23.367 E.02952
G1 Z4.6965 C21566.857 B-23.368 E.02458
G1 Y.0234 Z4.6984 C21569.897 B-23.369 E.02470
G1 Z4.7003 C21573.549 B-23.37 E.02961
G1 Z4.7028 C21576.587 B-23.371 E.02457
G1 Y-.0287 Z4.7041 C21580.236 B-23.372 E.02960
G1 Z4.7066 C21583.279 B-23.373 E.02465
G1 Z4.7079 C21586.924 B-23.374 E.02946
G1 Z4.7104 C21589.966 B-23.375 E.02464
G1 Z4.7118 C21593.617 B-23.376 E.02951
G1 Z4.7143 C21596.654 B-23.377 E.02462
G1 Z4.7155 C21600.305 B-23.378 E.02951
G1 Z4.7176 C21603.346 B-23.379 E.02465
G1 Z4.7197 C21606.991 B-23.38 E.02947
G1 Z4.7219 C21610.643 B-23.381 E.02952
G1 Y.0319 Z4.7239 C21613.683 B-23.382 E.02477
G1 Y-.0224 Z4.7263 C21617.329 B-23.383 E.02960
G1 Z4.7275 C21620.373 B-23.384 E.02464
G1 Z4.73 C21623.413 B-23.385 E.02467
G1 Z4.7313 C21627.059 B-23.386 E.02948
G1 Z4.7337 C21630.103 B-23.387 E.02463
G1 Z4.7349 C21633.143 B-23.388 E.02465
G1 Y.0342 Z4.7374 C21636.18 B-23.389 E.02474
G1 Z4.7386 C21639.833 B-23.39 E.02963
G1 Z4.7409 C21643.48 B-23.391 E.02959
G1 Z4.7431 C21647.126 B-23.392 E.02959
G1 Y-.0186 Z4.7454 C21650.779 B-23.393 E.02966
G1 Z4.7474 C21654.425 B-23.394 E.02949
G1 Z4.7498 C21657.465 B-23.396 E.02464
G1 Z4.7512 C21661.117 E.02955
G1 Z4.7537 C21664.154 B-23.398 E.02460
G1 Z4.7549 C21667.194 E.02473
G1 Z4.7574 C21670.847 B-23.4 E.02955
G1 Z4.7587 C21673.884 E.02468
G1 Z4.7612 C21677.533 B-23.402 E.02952
G1 Z4.7625 C21680.576 E.02470
G1 Z4.7667 C21684.221 B-23.404 E.02949
G1 Z4.7684 C21687.263 B-23.405 E.02466
G1 Z4.7702 C21690.306 B-23.406 E.02473
G1 Z4.7725 C21693.951 B-23.407 E.02951
G1 Z4.7727 C21696.993 B-23.408 E.02464
G1 Z4.774 C21700.036 E.02466
G1 Z4.7764 C21703.073 B-23.409 E.02467
G1 Y.0318 Z4.7776 C21706.113 B-23.41 E.02476
G1 Z4.78 C21709.766 B-23.411 E.02966
G1 Z4.7813 C21712.803 B-23.412 E.02465
G1 Z4.7837 C21715.843 B-23.413 E.02464
G1 Y-.0244 Z4.785 C21719.495 B-23.414 E.02970
G1 Z4.7878 C21721.925 B-23.415 E.01988
G1 Z4.7896 C21724.964 B-23.416 E.02467
G1 Z4.7913 C21728.009 B-23.417 E.02469
G1 Z4.7922 C21731.048 B-23.418 E.02464
G1 Z4.7946 C21733.478 B-23.419 E.01987
G1 Y.0314 Z4.7955 C21736.521 E.02483
G1 Z4.798 C21740.17 B-23.42 E.02963
G1 Z4.7993 C21743.207 B-23.421 E.02464
G1 Y-.0253 Z4.8018 C21746.86 B-23.422 E.02972
G1 Z4.803 C21749.9 B-23.423 E.02469
G1 Y.0313 Z4.8055 C21752.937 B-23.424 E.02479
G1 Z4.8068 C21756.589 B-23.425 E.02964
G1 Z4.8092 C21759.629 B-23.426 E.02466
G1 Z4.8115 C21762.667 B-23.427 E.02477
G1 Z4.8135 C21765.71 B-23.428 E.02475
G1 Z4.8155 C21768.752 B-23.429 E.02472
G1 Z4.8173 C21771.789 B-23.43 E.02467
G1 Z4.8182 C21775.44 B-23.431 E.02959
G1 X9.222 Y-.0258 Z4.8206 C21779.089 B-23.432 E.02955
G1 Z4.8219 C21782.126 B-23.433 E.02441
G1 Z4.8242 C21785.17 B-23.434 E.02449
G1 Z4.8255 C21788.406 E.02602
G1 Z4.8278 C21791.662 B-23.436 E.02617
G1 Z4.8291 C21794.879 E.02584
G1 Z4.8315 C21798.149 B-23.437 E.02626
G1 Z4.8327 C21801.172 B-23.438 E.02428
G1 Z4.8339 C21803.411 B-23.439 E.01798
G1 Z4.8376 C21806.455 B-23.441 E.02449
G1 Z4.8379 C21809.493 E.02440
G1 Z4.8392 C21811.923 E.01967
G1 Z4.8415 C21814.968 B-23.443 E.02455
G1 Z4.8428 C21818.615 E.02929
G1 Z4.8454 C21821.653 B-23.444 E.02447
G1 Z4.8467 C21825.306 B-23.445 E.02933
G1 Z4.8493 C21828.345 B-23.446 E.02447
G1 Z4.8506 C21831.991 B-23.447 E.02928
G1 Z4.8532 C21835.036 B-23.448 E.02452
G1 Z4.8545 C21838.682 B-23.449 E.02928
G1 Z4.8578 C21842.329 B-23.451 E.02929
G1 Z4.8596 C21845.374 B-23.452 E.02446
G1 Z4.8613 C21848.412 E.02440
G1 Z4.863 C21850.842 B-23.453 E.01966
G1 Z4.8641 C21853.887 B-23.454 E.02446
G1 Z4.8655 C21856.927 E.02451
G1 Z4.8681 C21860.572 B-23.456 E.02928
G1 Y.0302 Z4.8694 C21863.616 B-23.457 E.02461
G1 Z4.872 C21867.264 B-23.458 E.02933
G1 Y-.0305 Z4.8734 C21870.91 E.02944
G1 Z4.8758 C21873.955 B-23.46 E.02447
G1 Z4.8771 C21876.994 E.02449
G1 Z4.8784 C21879.424 B-23.461 E.01954
G1 Z4.8805 C21883.076 B-23.462 E.02933
G1 Y.032 Z4.8826 C21886.116 B-23.463 E.02462
G1 Z4.8848 C21889.761 B-23.464 E.02928
G1 Y-.0298 Z4.887 C21894.023 B-23.465 E.03437
G1 Z4.8895 C21897.06 B-23.466 E.02443
G1 Y.0253 Z4.8908 C21900.099 B-23.467 E.02457
G1 Z4.8933 C21903.752 B-23.468 E.02940
G1 Z4.8947 C21906.79 B-23.469 E.02441
G1 Z4.8972 C21910.438 B-23.47 E.02939
G1 Z4.8985 C21913.482 B-23.471 E.02446
G1 Z4.9011 C21917.127 B-23.472 E.02938
G1 Z4.9024 C21920.167 B-23.473 E.02444
G1 Z4.9043 C21923.212 B-23.474 E.02447
G1 Z4.9062 C21926.25 B-23.475 E.02441
G1 Y-.0283 Z4.9081 C21929.897 B-23.476 E.02942
G1 Z4.9099 C21932.941 E.02446
G1 Z4.9125 C21935.979 B-23.478 E.02453
G1 Z4.9138 C21939.627 E.02932
G1 Y.0267 Z4.9165 C21942.671 B-23.48 E.02462
G1 Z4.9178 C21946.317 E.02932
G1 Y-.0271 Z4.9204 C21949.966 B-23.482 E.02944
G1 Z4.9217 C21953.009 E.02456
G1 Z4.9244 C21956.654 B-23.483 E.02931
G1 Y.0325 Z4.9257 C21959.695 B-23.484 E.02462
G1 Z4.9276 C21963.346 B-23.485 E.02942
G1 Z4.9297 C21966.383 B-23.486 E.02442
G1 Z4.9318 C21970.034 B-23.487 E.02942
G1 Y-.0321 Z4.9338 C21973.683 B-23.488 E.02950
G1 Z4.9362 C21976.721 B-23.489 E.02445
G1 Z4.9375 C21979.764 B-23.49 E.02458
G1 Z4.9401 C21983.413 B-23.491 E.02933
G1 Z4.9413 C21986.451 B-23.492 E.02449
G1 Y.0322 Z4.9439 C21989.494 B-23.493 E.02468
G1 Z4.9452 C21993.143 E.02939
G1 Z4.9477 C21996.18 B-23.495 E.02443
G1 Z4.949 C21999.833 E.02945
G1 Y-.0319 Z4.9512 C22003.48 B-23.496 E.02949
G1 Z4.9533 C22006.518 B-23.497 E.02456
G1 Z4.9555 C22010.171 B-23.498 E.02941
G1 Z4.9575 C22013.817 B-23.499 E.02932
G1 Z4.9601 C22016.856 B-23.501 E.02457
G1 Z4.9614 C22020.509 E.02938
G1 Y.0207 Z4.964 C22023.547 B-23.503 E.02458
G1 Z4.9652 C22027.194 E.02935
G1 Z4.9679 C22030.239 B-23.504 E.02450
G1 Z4.9692 C22033.884 B-23.505 E.02932
G1 Z4.9718 C22037.533 B-23.506 E.02942
G1 Z4.9731 C22040.576 B-23.507 E.02449
G1 Z4.975 C22043.614 B-23.508 E.02445
G1 Z4.977 C22047.263 B-23.509 E.02945
G1 Z4.9789 C22050.306 B-23.51 E.02460
G1 Z4.9807 C22053.344 B-23.511 E.02455
G1 Z4.9831 C22056.384 B-23.512 E.02451
G1 Z4.9844 C22059.428 E.02450
G1 Z4.9869 C22063.073 B-23.514 E.02940
G1 Z4.9882 C22066.113 E.02450
G1 Z4.9907 C22069.158 B-23.515 E.02451
G1 Z4.9919 C22072.803 B-23.516 E.02938
G1 Z4.9944 C22075.843 B-23.517 E.02448
G1 Z4.9958 C22079.495 B-23.518 E.02947
G1 Z4.998 C22083.14 B-23.519 E.02941
G1 Z5.0004 C22086.791 B-23.52 E.02945
G1 Z5.0028 C22090.44 B-23.521 E.02942
G1 Z5.0056 C22092.262 B-23.522 E.01484
G1 Z5.0061 C22095.302 B-23.523 E.02457
G1 Z5.0074 C22098.347 E.02453
G1 Z5.01 C22101.992 B-23.524 E.02940
G1 Z5.0113 C22105.032 B-23.525 E.02449
G1 Z5.0138 C22108.684 B-23.526 E.02945
G1 Z5.0151 C22111.722 B-23.527 E.02448
G1 Z5.0177 C22115.371 B-23.528 E.02941
G1 Z5.019 C22118.414 B-23.529 E.02452
G1 Z5.0203 C22120.844 E.01963
G1 Z5.0222 C22123.883 B-23.53 E.02450
G1 Z5.0241 C22126.928 B-23.531 E.02456
G1 Z5.026 C22129.967 B-23.532 E.02455
G1 Z5.0277 C22133.005 B-23.533 E.02461
G1 Z5.0303 C22136.049 B-23.534 E.02454
G1 Z5.0316 C22139.696 E.02944
G1 Z5.034 C22142.734 B-23.536 E.02451
G1 Z5.0353 C22145.779 E.02455
G1 Z5.0378 C22149.426 B-23.537 E.02944
G1 Z5.039 C22152.464 B-23.538 E.02451
G1 Z5.0415 C22155.508 B-23.539 E.02455
G1 Z5.0428 C22159.156 B-23.54 E.02942
G1 Z5.046 C22162.194 B-23.541 E.02458
G1 Z5.0452 C22163.411 E.01032
G1 Z5.047 C22166.455 B-23.542 E.02468
G1 Y-.0328 Z5.0491 C22170.1 B-23.543 E.02948
G1 Y.0338 Z5.0513 C22173.14 B-23.544 E.02475
G1 Z5.0539 C22176.793 B-23.545 E.02947
G1 Y-.0246 Z5.0552 C22180.438 E.02951
G1 Z5.0579 C22183.479 B-23.547 E.02462
G1 Z5.0592 C22187.13 E.02942
G1 Y.0296 Z5.062 C22190.167 B-23.549 E.02466
G1 Z5.0633 C22193.818 E.02944
G1 Z5.066 C22197.467 B-23.55 E.02950
G1 Z5.0673 C22200.505 B-23.551 E.02452
G1 X9.172 Z5.069 C22203.548 B-23.552 E.02448
G1 Y-.0267 Z5.0707 C22206.589 B-23.553 E.02445
G1 Z5.0723 C22209.019 E.01950
G1 Z5.074 C22212.059 B-23.554 E.02428
G1 Y.0326 Z5.0768 C22215.104 B-23.555 E.02450
G1 Z5.0781 C22218.749 B-23.556 E.02913
G1 Z5.0809 C22222.398 B-23.557 E.02921
G1 Y-.0189 Z5.0822 C22226.049 B-23.558 E.02927
G1 Z5.0849 C22229.086 B-23.559 E.02436
G1 Z5.0862 C22232.737 B-23.56 E.02916
G1 Z5.0888 C22235.779 B-23.561 E.02436
G1 Z5.0901 C22239.424 E.02911
G1 Z5.0921 C22242.467 B-23.562 E.02439
G1 Z5.0942 C22246.116 B-23.563 E.02916
G1 Z5.0963 C22249.761 B-23.564 E.02911
G1 Z5.0984 C22253.414 B-23.565 E.02918
G1 Z5.101 C22256.453 B-23.566 E.02431
G1 Z5.1023 C22260.099 B-23.567 E.02912
G1 Z5.105 C22263.144 B-23.568 E.02438
G1 Z5.1063 C22266.79 B-23.569 E.02912
G1 Z5.109 C22269.829 B-23.57 E.02437
G1 Z5.1103 C22273.482 B-23.571 E.02919
G1 Z5.113 C22277.127 B-23.572 E.02912
G1 Z5.1143 C22280.167 E.02433
G1 Z5.1161 C22283.212 B-23.573 E.02435
G1 Z5.1179 C22286.25 B-23.574 E.02428
G1 Z5.1197 C22289.288 B-23.575 E.02427
G1 Z5.1215 C22292.333 B-23.576 E.02432
G1 Z5.1243 C22295.372 B-23.577 E.02438
G1 Z5.1255 C22299.018 E.02915
G1 Z5.1283 C22302.671 B-23.579 E.02918
G1 Z5.1297 C22306.317 E.02913
G1 Z5.1323 C22309.357 B-23.581 E.02435
G1 Z5.1337 C22313.009 E.02919
G1 Z5.1365 C22316.654 B-23.582 E.02912
G1 Y.032 Z5.1378 C22319.695 B-23.583 E.02443
G1 Y-.0264 Z5.1397 C22323.346 B-23.584 E.02931
G1 Z5.1417 C22326.383 B-23.585 E.02428
G1 Z5.1437 C22329.425 B-23.586 E.02438
G1 Z5.1456 C22333.076 E.02917
G1 Z5.1482 C22336.113 B-23.588 E.02431
G1 Z5.1495 C22339.764 E.02917
G1 Z5.1521 C22342.806 B-23.589 E.02436
G1 Z5.1534 C22346.451 B-23.59 E.02912
G1 Z5.1561 C22349.494 B-23.591 E.02438
G1 Z5.1574 C22353.143 B-23.592 E.02916
G1 Z5.16 C22356.18 B-23.593 E.02436
G1 Z5.1613 C22359.833 E.02920
G1 Z5.1634 C22362.873 B-23.594 E.02440
G1 Z5.1655 C22366.518 B-23.595 E.02913
G1 Z5.1676 C22369.562 B-23.596 E.02442
G1 Z5.1695 C22373.21 B-23.597 E.02915
G1 Y.0259 Z5.1722 C22376.248 B-23.598 E.02442
G1 Z5.1735 C22379.901 B-23.599 E.02922
G1 Z5.1763 C22383.547 B-23.6 E.02923
G1 Z5.1775 C22386.586 B-23.601 E.02429
G1 Z5.1802 C22390.239 B-23.602 E.02921
G1 Z5.1816 C22393.884 E.02919
G1 Y-.0295 Z5.1843 C22397.533 B-23.604 E.02929
G1 Z5.1856 C22400.576 E.02442
G1 Z5.1875 C22403.614 B-23.605 E.02438
G1 Z5.1894 C22406.654 B-23.606 E.02438
G1 Z5.1912 C22409.698 E.02437
G1 Z5.1929 C22412.736 B-23.607 E.02430
G1 Z5.1955 C22415.775 B-23.608 E.02437
G1 Z5.1968 C22419.428 B-23.609 E.02920
G1 Z5.1994 C22422.466 B-23.61 E.02435
G1 Y.0335 Z5.2007 C22425.505 B-23.611 E.02450
G1 Z5.2033 C22429.158 B-23.612 E.02924
G1 Y-.0307 Z5.2046 C22432.803 E.02931
G1 Z5.2071 C22435.843 B-23.613 E.02437
G1 Z5.2085 C22439.495 B-23.614 E.02920
G1 Y.026 Z5.2107 C22442.533 B-23.615 E.02446
G1 Z5.213 C22446.182 B-23.616 E.02918
G1 Z5.2153 C22449.833 B-23.617 E.02921
G1 Z5.2173 C22453.478 B-23.618 E.02919
G1 Y-.0311 Z5.22 C22457.13 B-23.619 E.02934
G1 Z5.2212 C22460.17 E.02440
G1 Z5.2239 C22463.815 B-23.621 E.02916
G1 Y.0283 Z5.2252 C22466.86 E.02454
G1 Z5.2279 C22470.507 B-23.622 E.02919
G1 Z5.2292 C22474.153 B-23.623 E.02924
G1 Z5.2319 C22477.198 B-23.624 E.02437
G1 Z5.2332 C22480.844 B-23.625 E.02918
G1 Z5.235 C22483.883 E.02441
G1 Z5.2369 C22486.319 B-23.626 E.01952
G1 Z5.2387 C22489.359 B-23.627 E.02436
G1 Y-.0271 Z5.2404 C22492.397 B-23.628 E.02447
G1 Z5.2431 C22495.44 B-23.629 E.02448
G1 Z5.2443 C22499.089 E.02922
G1 Y.0315 Z5.2469 C22502.126 B-23.631 E.02449
G1 Z5.2482 C22505.647 E.02820
G1 Z5.2507 C22509.061 B-23.632 E.02737
G1 Z5.252 C22512.436 B-23.633 E.02708
G1 Z5.2545 C22515.826 B-23.634 E.02723
G1 Y-.0221 Z5.2559 C22519.261 E.02762
G1 Z5.2583 C22523.411 B-23.635 E.03319
G1 Z5.2599 C22525.847 B-23.636 E.01958
G1 Z5.262 C22529.493 B-23.637 E.02918
G1 Z5.2641 C22533.14 B-23.638 E.02919
G1 Z5.2668 C22536.185 B-23.639 E.02445
G1 Z5.2682 C22539.83 B-23.64 E.02918
G1 Z5.2709 C22543.479 B-23.641 E.02920
G1 Z5.2723 C22546.522 E.02447
G1 Z5.2751 C22550.167 B-23.642 E.02920
G1 Z5.2764 C22553.818 B-23.643 E.02923
G1 Z5.2792 C22557.467 B-23.644 E.02921
G1 Z5.2806 C22560.505 B-23.645 E.02445
G1 Z5.2822 C22563.548 B-23.646 E.02438
G1 Z5.2838 C22565.982 E.01958
G1 Z5.2854 C22568.412 B-23.647 E.01965
G1 Z5.2869 C22571.451 B-23.648 E.02435
G1 Z5.2898 C22575.104 B-23.649 E.02925
G1 Y.0285 Z5.2912 C22578.142 E.02448
G1 Z5.2941 C22581.789 B-23.65 E.02920
G1 Z5.2954 C22585.441 B-23.651 E.02925
G1 Z5.2982 C22589.086 B-23.652 E.02922
G1 Y-.0285 Z5.2995 C22592.737 B-23.653 E.02937
G1 Z5.3022 C22595.779 B-23.654 E.02445
G1 Z5.3035 C22599.424 E.02920
G1 Z5.3055 C22602.467 B-23.655 E.02446
G1 Z5.3075 C22606.116 B-23.656 E.02922
G1 Z5.3096 C22609.153 B-23.657 E.02441
G1 Z5.3116 C22612.806 B-23.658 E.02926
G1 Z5.3143 C22615.846 B-23.659 E.02449
G1 Z5.3156 C22619.491 E.02922
G1 Z5.3184 C22623.144 B-23.661 E.02926
G1 Z5.3197 C22626.183 E.02449
G1 Z5.3224 C22629.829 B-23.662 E.02924
G1 Z5.3238 C22633.482 B-23.663 E.02927
G1 Y.0283 Z5.3266 C22636.52 B-23.664 E.02454
G1 Z5.3279 C22640.167 B-23.665 E.02924
G1 Z5.3297 C22643.212 E.02452
G1 Z5.3315 C22645.642 B-23.666 E.01955
G1 Z5.3332 C22648.68 B-23.667 E.02441
G1 Y-.0228 Z5.3348 C22651.725 E.02457
G1 Z5.3377 C22655.372 B-23.669 E.02923
G1 Z5.339 C22658.41 E.02448
G1 Z5.3419 C22662.063 B-23.67 E.02932
G1 Z5.3433 C22665.709 B-23.671 E.02925
G1 X9.1218 Z5.346 C22669.357 B-23.672 E.02909
G1 Z5.3475 C22673.009 B-23.673 E.02901
G1 Z5.3503 C22676.654 B-23.674 E.02895
G1 Y.0316 Z5.3517 C22679.695 E.02431
G1 Z5.3535 C22682.739 B-23.675 E.02418
G1 Z5.3554 C22685.776 B-23.676 E.02412
G1 Z5.3574 C22688.816 B-23.677 E.02415
G1 Y-.0224 Z5.3592 C22692.468 E.02913
G1 Z5.3618 C22695.506 B-23.678 E.02420
G1 Z5.3632 C22699.155 B-23.679 E.02899
G1 Y.0306 Z5.3659 C22702.198 B-23.68 E.02431
G1 Z5.3673 C22705.843 B-23.681 E.02898
G1 Z5.3699 C22709.494 B-23.682 E.02909
G1 Z5.3714 C22712.535 E.02416
G1 Z5.374 C22716.18 B-23.683 E.02898
G1 Z5.3754 C22719.833 B-23.684 E.02909
G1 Z5.3774 C22722.873 B-23.685 E.02419
G1 Z5.3794 C22725.91 B-23.686 E.02413
G1 Z5.3814 C22728.953 E.02417
G1 Z5.3833 C22732.602 B-23.687 E.02909
G1 Y-.0315 Z5.386 C22736.248 B-23.688 E.02913
G1 Z5.3874 C22739.292 B-23.689 E.02431
G1 Z5.3902 C22742.94 B-23.69 E.02903
G1 Z5.3916 C22746.586 E.02899
G1 Z5.3943 C22750.239 B-23.692 E.02902
G1 Z5.3957 C22753.884 E.02895
G1 Y.0281 Z5.3985 C22756.924 B-23.693 E.02433
G1 Z5.3999 C22760.576 B-23.694 E.02902
G1 Z5.4017 C22763.614 E.02418
G1 Y-.0224 Z5.4035 C22766.654 B-23.695 E.02428
G1 Z5.4052 C22769.09 B-23.696 E.01945
G1 Z5.4069 C22772.129 B-23.697 E.02415
G1 Z5.4095 C22775.167 B-23.698 E.02422
G1 Z5.4109 C22778.82 E.02903
G1 Y.0307 Z5.4135 C22781.858 B-23.699 E.02428
G1 Z5.4149 C22785.505 B-23.7 E.02901
G1 Y-.0207 Z5.4175 C22789.158 B-23.701 E.02913
G1 Z5.4189 C22792.196 E.02422
G1 Z5.4215 C22795.843 B-23.702 E.02899
G1 Z5.4229 C22799.495 B-23.703 E.02901
G1 Z5.4251 C22802.533 B-23.704 E.02419
G1 Z5.4273 C22806.182 B-23.705 E.02899
G1 Z5.4295 C22809.225 E.02427
G1 Z5.4314 C22812.87 B-23.706 E.02897
G1 Z5.4341 C22816.521 B-23.707 E.02901
G1 Z5.4355 C22819.562 B-23.708 E.02428
G1 Z5.4382 C22823.207 B-23.709 E.02900
G1 Z5.4396 C22826.86 B-23.71 E.02904
G1 Z5.4423 C22830.507 B-23.711 E.02898
G1 Z5.4437 C22834.153 E.02898
G1 Z5.4464 C22837.198 B-23.712 E.02429
G1 Z5.4478 C22840.844 B-23.713 E.02900
G1 Z5.4496 C22843.883 E.02416
G1 Z5.4513 C22846.319 B-23.714 E.01939
G1 Z5.453 C22848.752 B-23.715 E.01944
G1 Z5.4547 C22851.789 E.02414
G1 Y.031 Z5.4574 C22854.83 B-23.717 E.02431
G1 Z5.4588 C22858.481 E.02902
G1 Z5.4613 C22862.126 B-23.718 E.02903
G1 Y-.0191 Z5.4627 C22865.589 B-23.719 E.02764
G1 Z5.4653 C22868.918 E.02646
G1 Z5.4667 C22872.209 B-23.72 E.02618
G1 Z5.4693 C22875.514 B-23.721 E.02631
G1 Z5.4707 C22878.865 B-23.722 E.02671
G1 Y.0327 Z5.4731 C22882.802 B-23.723 E.03140
G1 Y-.0262 Z5.4746 C22885.847 E.02439
G1 Z5.4766 C22888.885 B-23.724 E.02420
G1 Z5.4786 C22892.532 B-23.725 E.02899
G1 Z5.4813 C22895.576 B-23.726 E.02431
G1 Z5.4828 C22899.223 E.02904
G1 Z5.4856 C22902.87 B-23.727 E.02902
G1 Z5.4871 C22906.522 B-23.728 E.02904
G1 Z5.4899 C22910.167 B-23.729 E.02898
G1 Z5.4914 C22913.818 B-23.73 E.02902
G1 Y.0309 Z5.4942 C22916.86 B-23.731 E.02436
G1 Z5.4957 C22920.505 E.02898
G1 Z5.4972 C22922.939 B-23.732 E.01937
G1 Y-.0297 Z5.4986 C22925.982 E.02439
G1 Z5.5001 C22928.412 B-23.733 E.01934
G1 Z5.5016 C22930.842 B-23.734 E.01935
G1 Z5.5031 C22933.278 E.01940
G1 Z5.5045 C22935.712 B-23.735 E.01938
G1 Z5.5074 C22939.356 B-23.736 E.02898
G1 Z5.5089 C22941.789 E.01937
G1 Z5.5104 C22944.225 B-23.737 E.01940
G1 Z5.5118 C22946.656 E.01937
G1 Z5.5133 C22950.302 B-23.738 E.02899
G1 Z5.5159 C22953.346 B-23.739 E.02431
G1 Z5.5174 C22956.994 E.02903
G1 Z5.5188 C22959.424 B-23.74 E.01937
G1 Z5.5207 C22962.467 B-23.741 E.02424
G1 Z5.5226 C22965.508 E.02426
G1 Y.0218 Z5.5246 C22968.546 B-23.742 E.02431
G1 Z5.5265 C22972.197 B-23.743 E.02911
G1 Z5.5292 C22975.238 B-23.744 E.02420
G1 Z5.5307 C22978.883 B-23.745 E.02900
G1 Z5.5334 C22982.535 B-23.746 E.02907
G1 Z5.5349 C22986.183 E.02907
G1 Z5.5377 C22989.829 B-23.747 E.02909
G1 Z5.5392 C22992.874 B-23.748 E.02424
G1 Z5.5419 C22996.52 B-23.749 E.02900
G1 Z5.5434 C23000.167 E.02902
G1 Y-.0291 Z5.545 C23003.212 B-23.75 E.02437
G1 Z5.5467 C23005.642 B-23.751 E.01941
G1 Z5.5483 C23008.072 E.01951
G1 Z5.5499 C23011.116 B-23.752 E.02424
G1 Z5.5514 C23013.549 E.01940
G1 Z5.5542 C23017.194 B-23.753 E.02900
G1 Y.0283 Z5.5557 C23020.236 B-23.754 E.02439
G1 Y-.032 Z5.5572 C23023.279 B-23.755 E.02442
G1 Z5.5586 C23025.709 E.01938
G1 Y.0282 Z5.5614 C23028.748 B-23.756 E.02439
G1 Z5.5629 C23031.184 B-23.757 E.01943
G1 Y-.0292 Z5.5644 C23034.224 E.02438
G1 Z5.5658 C23036.654 B-23.758 E.01938
G1 Y.031 Z5.5673 C23039.695 E.02441
G1 Z5.569 C23042.739 B-23.759 E.02427
G1 Z5.5709 C23045.776 B-23.76 E.02426
G1 Z5.5727 C23048.816 E.02433
G1 Y-.0199 Z5.5745 C23051.86 B-23.761 E.02438
G1 Z5.5772 C23054.898 B-23.762 E.02429
G1 Z5.5786 C23058.546 B-23.763 E.02906
G1 Z5.5813 C23062.198 E.02908
G1 Z5.5828 C23065.843 B-23.764 E.02902
G1 Z5.5855 C23068.884 B-23.765 E.02434
G1 Z5.587 C23072.535 B-23.766 E.02911
G1 Z5.5897 C23076.18 B-23.767 E.02903
G1 Z5.5912 C23079.833 E.02909
G1 Z5.5931 C23082.873 B-23.768 E.02423
G1 Z5.595 C23085.91 B-23.769 E.02421
G1 Z5.5969 C23088.953 E.02426
G1 Z5.5987 C23091.995 B-23.77 E.02425
G1 Z5.6015 C23095.64 B-23.771 E.02903
G1 Z5.603 C23099.292 B-23.772 E.02909
G1 Z5.6058 C23102.332 B-23.773 E.02435
G1 Z5.6072 C23104.762 E.01955
G1 Z5.6087 C23108.413 B-23.774 E.02915
G1 Z5.6115 C23112.062 B-23.775 E.02912
G1 Z5.613 C23114.492 E.01952
G1 Z5.6144 C23116.924 B-23.776 E.01954
G1 Z5.6159 C23120.576 E.02914
G1 Z5.6176 C23123.614 B-23.777 E.02423
G1 Z5.6193 C23126.045 E.01950
G1 Z5.621 C23129.09 B-23.778 E.02429
G1 Z5.6226 C23131.521 B-23.779 E.01944
G1 Z5.6252 C23134.559 B-23.78 E.02435
G1 Z5.6267 C23138.211 E.02913
G1 Z5.6294 C23141.858 B-23.781 E.02906
G1 Z5.6308 C23145.505 B-23.782 E.02906
G1 Z5.6335 C23148.549 B-23.783 E.02437
G1 Z5.6349 C23152.196 E.02908
G1 Z5.6376 C23155.843 B-23.784 E.02906
G1 Z5.6391 C23159.495 B-23.785 E.02910
G1 Z5.6411 C23162.533 E.02426
G1 Z5.6433 C23165.573 B-23.786 E.02432
G1 Z5.6454 C23169.225 B-23.787 E.02911
G1 Z5.6473 C23172.262 E.02425
G1 Z5.6501 C23175.912 B-23.789 E.02909
G1 Z5.6515 C23179.562 E.02909
G1 Z5.6543 C23183.207 B-23.79 E.02906
G1 Z5.6558 C23186.251 B-23.791 E.02442
G1 X9.0717 Z5.6585 C23189.9 B-23.792 E.02900
G1 Z5.6599 C23192.329 E.01927
G1 Z5.6613 C23194.762 B-23.793 E.01930
G1 Z5.6628 C23198.414 E.02889
G1 Z5.6642 C23200.844 E.01924
G1 Z5.6657 C23203.275 B-23.794 E.01929
G1 Z5.6673 C23205.71 B-23.795 E.01936
G1 Z5.6688 C23208.144 E.01938
G1 Y.0314 Z5.6703 C23210.574 B-23.796 E.01937
G1 Y-.0262 Z5.6718 C23213.613 E.02418
G1 Z5.6734 C23216.049 B-23.797 E.01924
G1 Z5.6763 C23219.696 B-23.798 E.02881
G1 Z5.6777 C23222.734 E.02407
G1 Z5.6804 C23226.201 B-23.799 E.02744
G1 Z5.6818 C23229.67 B-23.8 E.02747
G1 Z5.6844 C23233.059 B-23.801 E.02686
G1 Z5.6858 C23236.501 E.02729
G1 Y.0247 Z5.6872 C23238.825 B-23.802 E.01853
G1 Z5.6897 C23242.802 B-23.803 E.03142
G1 Z5.691 C23245.238 E.01927
G1 Z5.6929 C23248.278 B-23.804 E.02402
G1 Z5.6948 C23251.316 E.02400
G1 Z5.6977 C23254.968 B-23.805 E.02885
G1 Z5.6991 C23257.4 B-23.806 E.01921
G1 Z5.7006 C23259.83 E.01920
G1 Z5.7021 C23262.261 B-23.807 E.01921
G1 Z5.7035 C23264.698 E.01925
G1 Z5.705 C23267.13 B-23.808 E.01922
G1 Z5.7064 C23269.56 E.01920
G1 Z5.7079 C23271.991 B-23.809 E.01921
G1 Z5.7094 C23274.427 B-23.81 E.01925
G1 Z5.7109 C23276.86 E.01922
G1 Z5.7123 C23279.289 E.01919
G1 Z5.7138 C23281.721 B-23.811 E.01922
G1 Z5.7153 C23284.157 B-23.812 E.01925
G1 Z5.7168 C23286.589 E.01922
G1 Z5.7183 C23289.019 B-23.813 E.01920
G1 Z5.7198 C23292.668 E.02883
G1 Z5.7225 C23296.319 B-23.814 E.02886
G1 Z5.724 C23299.964 B-23.815 E.02885
G1 Z5.7256 C23302.398 E.01926
G1 Z5.7271 C23304.833 B-23.816 E.01925
G1 Z5.7286 C23307.264 E.01921
G1 Z5.7313 C23310.91 B-23.817 E.02881
G1 Z5.7328 C23314.563 B-23.818 E.02890
G1 Z5.7356 C23318.208 B-23.819 E.02886
G1 Z5.7376 C23320.64 E.01923
G1 Z5.7395 C23323.685 B-23.82 E.02408
G1 Z5.7414 C23326.723 E.02402
G1 Z5.7433 C23329.761 B-23.821 E.02402
G1 Z5.7445 C23332.806 B-23.822 E.02418
G1 Z5.746 C23335.846 E.02402
G1 Z5.7475 C23338.275 B-23.823 E.01920
G1 Z5.7489 C23340.708 E.01923
G1 Z5.7503 C23343.144 B-23.824 E.01926
G1 Z5.7518 C23345.575 E.01922
G1 Z5.7532 C23348.005 B-23.825 E.01921
G1 Z5.7547 C23350.438 E.01924
G1 Z5.7561 C23352.874 B-23.826 E.01927
G1 Z5.7576 C23355.305 E.01923
G1 Z5.759 C23357.735 B-23.827 E.01922
G1 Z5.7605 C23360.167 E.01924
G1 Z5.762 C23362.603 B-23.828 E.01926
G1 Z5.7635 C23365.035 E.01923
G1 Z5.7651 C23367.465 B-23.829 E.01921
G1 Y-.0284 Z5.7666 C23370.506 E.02418
G1 Z5.7681 C23372.941 B-23.83 E.01925
G1 Z5.7696 C23375.372 E.01923
G1 Z5.7711 C23377.802 B-23.831 E.01922
G1 Z5.7726 C23380.236 E.01925
G1 Z5.7741 C23382.671 B-23.832 E.01928
G1 Z5.7756 C23385.102 E.01927
G1 Z5.7771 C23387.532 B-23.833 E.01927
G1 Z5.7785 C23389.966 E.01931
G1 Z5.7801 C23392.401 B-23.834 E.01938
G1 Y.0246 Z5.7816 C23394.831 E.01940
G1 Z5.7831 C23397.261 B-23.835 E.01922
G1 Z5.7845 C23399.695 E.01925
G1 Z5.7862 C23402.739 B-23.836 E.02411
G1 Z5.788 C23405.169 E.01922
G1 Z5.7897 C23408.207 B-23.837 E.02404
G1 Z5.7915 C23411.252 B-23.838 E.02417
G1 Z5.7943 C23414.291 B-23.839 E.02403
G1 Z5.7957 C23417.937 E.02882
G1 Z5.7972 C23420.373 E.01927
G1 Z5.8 C23424.021 B-23.84 E.02885
G1 Z5.8014 C23427.667 B-23.841 E.02884
G1 Z5.8029 C23430.103 E.01931
G1 Z5.8043 C23432.535 B-23.842 E.01929
G1 Z5.8057 C23434.965 E.01929
G1 Z5.8071 C23437.397 B-23.843 E.01931
G1 Z5.8086 C23439.833 E.01936
G1 Y-.0297 Z5.8105 C23442.873 B-23.844 E.02419
G1 Z5.8123 C23445.302 E.01934
G1 Z5.8141 C23448.344 B-23.845 E.02409
G1 Z5.8159 C23451.387 B-23.846 E.02407
G1 Z5.8173 C23453.817 E.01923
G1 Z5.8188 C23456.248 B-23.847 E.01925
G1 Z5.8202 C23458.683 E.01928
G1 Z5.8217 C23461.117 B-23.848 E.01927
G1 Z5.8232 C23463.547 E.01925
G1 Z5.8247 C23465.977 B-23.849 E.01926
G1 Z5.8261 C23468.413 E.01931
G1 Z5.8276 C23470.847 B-23.85 E.01930
G1 Z5.8291 C23473.277 E.01930
G1 Z5.8305 C23475.707 B-23.851 E.01933
G1 Z5.832 C23478.143 E.01940
G1 Z5.8335 C23480.576 E.01938
G1 Y.0298 Z5.8351 C23483.006 B-23.852 E.01946
G1 Z5.8367 C23486.045 B-23.853 E.02417
G1 Z5.8383 C23488.481 E.01940
G1 Z5.8399 C23490.914 B-23.854 E.01935
G1 Y-.0261 Z5.8427 C23494.559 B-23.855 E.02896
G1 Y.0241 Z5.8441 C23497.602 E.02420
G1 Z5.8469 C23501.251 B-23.856 E.02886
G1 Z5.8483 C23504.896 E.02884
G1 Z5.8498 C23507.332 B-23.857 E.01933
G1 Z5.8512 C23509.766 E.01933
G1 Z5.854 C23513.411 B-23.858 E.02889
G1 Z5.8554 C23515.843 B-23.859 E.01938
G1 Z5.8568 C23518.279 E.01943
G1 Z5.859 C23520.711 B-23.86 E.01928
G1 Z5.861 C23523.748 E.02404
G1 Z5.863 C23526.791 B-23.861 E.02408
G1 Z5.8649 C23529.833 B-23.862 E.02407
G1 Z5.8662 C23532.87 E.02409
G1 Z5.8676 C23535.302 B-23.863 E.01933
G1 Z5.8691 C23537.739 E.01938
G1 Z5.8705 C23540.17 B-23.864 E.01933
G1 Z5.872 C23542.6 E.01932
G1 Z5.8734 C23545.032 B-23.865 E.01933
G1 Z5.8749 C23547.468 E.01936
G1 Z5.8763 C23549.9 E.01933
G1 Z5.8778 C23552.329 B-23.866 E.01930
G1 Z5.8793 C23554.762 E.01931
G1 Z5.8807 C23557.198 B-23.867 E.01933
G1 Z5.8821 C23559.629 E.01929
G1 Z5.8837 C23562.059 B-23.868 E.01927
G1 Z5.8852 C23564.492 E.01929
G1 Z5.8868 C23566.928 B-23.869 E.01931
G1 Z5.8883 C23569.359 E.01927
G1 Z5.8898 C23571.789 B-23.87 E.01926
G1 Z5.8913 C23575.44 E.02889
G1 Z5.8941 C23579.089 B-23.871 E.02891
G1 Z5.8956 C23582.734 B-23.872 E.02894
G1 Z5.8983 C23586.208 B-23.873 E.02758
G1 Z5.8998 C23588.529 E.01851
G1 Z5.9011 C23591.96 E.02719
G1 Z5.9039 C23595.407 B-23.874 E.02730
G1 Z5.9053 C23597.735 B-23.875 E.01848
G1 Z5.9074 C23600.404 E.02116
G1 Z5.9078 C23602.802 B-23.876 E.01902
G1 Z5.9109 C23606.455 E.02893
G1 Z5.9127 C23609.493 B-23.877 E.02410
G1 Z5.9141 C23611.923 B-23.878 E.01928
G1 Z5.9156 C23614.359 E.01933
G1 Y-.0285 Z5.9171 C23617.4 E.02423
G1 Z5.9186 C23619.83 B-23.879 E.01928
G1 Z5.9201 C23622.261 E.01929
G1 Z5.9216 C23624.698 B-23.88 E.01935
G1 Z5.9231 C23627.13 E.01932
G1 Z5.9246 C23629.56 B-23.881 E.01932
G1 Z5.9261 C23631.991 E.01935
G1 Z5.9276 C23634.427 B-23.882 E.01942
G1 Z5.9291 C23636.86 E.01943
G1 Z5.9306 C23639.289 B-23.883 E.01943
G1 Z5.9321 C23641.721 E.01946
G1 Z5.9335 C23644.157 B-23.884 E.01947
G1 Z5.935 C23646.589 E.01942
G1 Z5.9365 C23650.234 B-23.885 E.02890
G1 Z5.9393 C23653.887 E.02893
G1 Y.0265 Z5.9407 C23656.927 B-23.886 E.02425
G1 Z5.9421 C23659.356 E.01931
G1 Z5.9437 C23661.789 B-23.887 E.01932
G1 Z5.9453 C23664.833 E.02423
G1 Z5.9468 C23667.264 B-23.888 E.01938
G1 Z5.9483 C23669.694 E.01935
G1 Z5.9511 C23673.346 B-23.889 E.02899
G1 Z5.9526 C23675.779 B-23.89 E.01944
G1 Z5.9541 C23678.208 E.01941
G1 Z5.9559 C23680.64 B-23.891 E.01935
G1 Z5.9577 C23683.685 E.02424
G1 Z5.9595 C23686.116 B-23.892 E.01932
G1 Z5.9613 C23689.153 E.02409
G1 Z5.9627 C23692.197 B-23.893 E.02426
G1 Y-.024 Z5.9641 C23694.63 E.01950
G1 Z5.9656 C23697.06 B-23.894 E.01931
G1 Z5.9671 C23699.491 E.01932
G1 Z5.9686 C23701.926 B-23.895 E.01936
G1 Z5.9701 C23704.36 E.01935
G1 Z5.9716 C23706.79 E.01932
G1 Z5.9731 C23709.221 B-23.896 E.01934
G1 Z5.9746 C23711.656 E.01938
G1 Z5.9761 C23714.09 B-23.897 E.01938
G1 Z5.9776 C23716.52 E.01937
G1 Z5.979 C23718.95 B-23.898 E.01939
G1 Z5.9805 C23721.386 E.01945
G1 Z5.982 C23723.82 B-23.899 E.01945
G1 Z5.9836 C23726.25 E.01942
G1 Z5.9851 C23728.68 B-23.9 E.01943
G1 Z5.9865 C23731.116 E.01947
G1 Z5.988 C23733.549 E.01944
G1 Z5.9895 C23735.979 B-23.901 E.01940
G1 Z5.991 C23739.627 E.02893
G1 Z5.9926 C23742.063 B-23.902 E.01947
G1 Z5.9941 C23744.494 E.01950
G1 Z5.9956 C23747.532 B-23.903 E.02411
G1 Z5.9971 C23749.966 E.01937
G1 Z5.9987 C23752.401 B-23.904 E.01941
G1 Z6.0003 C23754.831 E.01943
G1 Z6.0018 C23757.261 B-23.905 E.01949
G1 Y.0302 Z6.0033 C23759.695 E.01956
G1 Z6.0049 C23762.739 B-23.906 E.02429
G1 Z6.0066 C23765.169 E.01941
G1 Z6.0082 C23767.599 B-23.907 E.01936
G1 Z6.0099 C23770.643 E.02429
G1 Y-.0244 Z6.0114 C23773.076 B-23.908 E.01956
G1 Z6.0128 C23775.506 E.01935
G1 Z6.0143 C23777.937 B-23.909 E.01936
G1 Z6.0157 C23780.373 E.01940
G1 Z6.0172 C23782.806 E.01938
G1 Z6.0187 C23785.235 B-23.91 E.01935
G1 Z6.0201 C23787.667 E.01937
G1 Z6.0216 C23790.103 B-23.911 E.01940
G1 X9.0216 Z6.0231 C23792.535 E.01927
G1 Z6.0245 C23794.965 B-23.912 E.01909
G1 Z6.026 C23797.397 E.01911
G1 Z6.0275 C23799.833 E.01915
G1 Z6.0292 C23802.265 B-23.913 E.01921
G1 Z6.0309 C23805.302 E.02386
G1 Z6.0326 C23807.735 B-23.914 E.01918
G1 Z6.0344 C23810.779 B-23.915 E.02391
G1 Z6.0359 C23813.21 E.01910
G1 Z6.0374 C23815.64 E.01910
G1 Z6.0389 C23818.074 B-23.916 E.01914
G1 Z6.0404 C23820.509 E.01916
G1 Z6.0419 C23822.94 B-23.917 E.01917
G1 Z6.0434 C23825.37 E.01922
G1 Y.0271 Z6.045 C23827.803 B-23.918 E.01928
G1 Y-.0286 Z6.0465 C23830.847 E.02407
G1 Z6.048 C23833.277 E.01910
G1 Z6.0495 C23835.707 B-23.919 E.01914
G1 Z6.051 C23838.143 E.01922
G1 Z6.0525 C23840.576 B-23.92 E.01923
G1 Z6.054 C23843.006 E.01921
G1 Z6.0555 C23845.437 B-23.921 E.01920
G1 Z6.0583 C23849.09 B-23.922 E.02873
G1 Z6.0599 C23852.736 E.02865
G1 Z6.0614 C23855.167 B-23.923 E.01910
G1 Z6.0629 C23857.602 E.01913
G1 Z6.0644 C23860.036 E.01913
G1 Z6.0659 C23862.466 B-23.924 E.01909
G1 Z6.0673 C23864.896 E.01909
G1 Z6.0688 C23867.332 B-23.925 E.01914
G1 Z6.0703 C23869.766 E.01912
G1 Z6.0717 C23872.196 B-23.926 E.01909
G1 Z6.0731 C23874.626 E.01909
G1 Z6.0746 C23877.061 E.01913
G1 Z6.076 C23879.495 B-23.927 E.01913
G1 Y.0242 Z6.0779 C23881.925 E.01927
G1 Z6.0798 C23884.964 B-23.928 E.02388
G1 Z6.0818 C23888.009 E.02395
G1 Z6.0836 C23891.048 B-23.929 E.02394
G1 Z6.0851 C23893.478 E.01915
G1 Z6.0866 C23895.912 B-23.93 E.01917
G1 Z6.0881 C23898.347 E.01916
G1 Z6.0895 C23900.777 B-23.931 E.01911
G1 Z6.0911 C23903.207 E.01910
G1 Z6.0926 C23905.641 B-23.932 E.01913
G1 Z6.0941 C23908.077 E.01914
G1 Y-.0268 Z6.0955 C23911.115 E.02400
G1 Z6.097 C23913.545 B-23.933 E.01910
G1 Z6.0985 C23915.98 E.01916
G1 Z6.1 C23918.414 B-23.934 E.01918
G1 Z6.1015 C23920.844 E.01917
G1 Z6.103 C23923.275 B-23.935 E.01919
G1 Z6.1046 C23925.71 E.01922
G1 Z6.1061 C23928.144 E.01920
G1 Z6.1076 C23930.574 B-23.936 E.01915
G1 Z6.1104 C23934.221 B-23.937 E.02866
G1 Y.0277 Z6.1119 C23937.266 E.02408
G1 Z6.1147 C23940.911 B-23.938 E.02866
G1 Z6.1161 C23943.323 E.01900
G1 Z6.1176 C23945.694 B-23.939 E.01867
G1 Z6.119 C23948.101 E.01895
G1 Z6.1204 C23950.485 B-23.94 E.01876
G1 Z6.1218 C23952.844 E.01856
G1 Z6.1233 C23955.231 E.01877
G1 Z6.1247 C23957.645 B-23.941 E.01898
G1 Z6.1267 C23960.304 E.02090
G1 Z6.1273 C23962.802 B-23.942 E.01963
G1 Z6.13 C23965.847 E.02393
G1 Z6.1318 C23968.885 B-23.943 E.02391
G1 Z6.1332 C23971.316 E.01911
G1 Y-.027 Z6.1347 C23974.359 B-23.944 E.02407
G1 Z6.1363 C23976.793 E.01914
G1 Z6.1378 C23979.223 E.01912
G1 Z6.1394 C23981.653 B-23.945 E.01915
G1 Z6.1409 C23984.088 E.01923
G1 Z6.1425 C23986.522 B-23.946 E.01927
G1 Y.0291 Z6.144 C23988.952 E.01931
G1 Z6.1456 C23991.991 B-23.947 E.02401
G1 Z6.1471 C23994.427 E.01923
G1 Z6.1487 C23996.86 B-23.948 E.01916
G1 Z6.1502 C23999.289 E.01911
G1 Z6.1516 C24001.721 E.01913
G1 Z6.1532 C24005.374 B-23.949 E.02874
G1 Z6.1559 C24009.019 B-23.95 E.02872
G1 Z6.1575 C24012.059 E.02390
G1 Z6.16 C24015.712 B-23.951 E.02875
G1 Z6.1616 C24018.749 E.02387
G1 Z6.1632 C24021.789 B-23.952 E.02397
G1 Z6.1648 C24024.225 E.01918
G1 Z6.1664 C24026.656 B-23.953 E.01912
G1 Y-.0216 Z6.1679 C24029.694 E.02401
G1 Z6.1694 C24032.128 E.01914
G1 Z6.1709 C24034.563 B-23.954 E.01915
G1 Z6.1724 C24036.994 E.01912
G1 Z6.1739 C24039.424 B-23.955 E.01911
G1 Z6.1756 C24041.857 E.01919
G1 Z6.1773 C24044.901 B-23.956 E.02393
G1 Z6.179 C24047.331 E.01915
G1 Z6.1807 C24050.37 B-23.957 E.02389
G1 Z6.1822 C24052.806 E.01916
G1 Z6.1837 C24055.238 E.01913
G1 Z6.1852 C24057.668 B-23.958 E.01912
G1 Z6.1868 C24060.099 E.01915
G1 Z6.1883 C24062.535 B-23.959 E.01921
G1 Z6.1898 C24064.968 E.01922
G1 Z6.1913 C24067.398 E.01924
G1 Z6.1929 C24070.438 B-23.96 E.02391
G1 Z6.1944 C24072.874 E.01916
G1 Z6.196 C24075.305 B-23.961 E.01913
G1 Z6.1975 C24077.735 E.01915
G1 Z6.199 C24080.167 B-23.962 E.01920
G1 Z6.2005 C24082.603 E.01922
G1 Z6.202 C24085.035 E.01917
G1 Z6.2035 C24087.465 B-23.963 E.01914
G1 Z6.2049 C24089.897 E.01915
G1 Z6.2064 C24092.333 B-23.964 E.01917
G1 Z6.2091 C24095.979 E.02866
G1 Z6.2107 C24099.018 B-23.965 E.02397
G1 Z6.2124 C24102.063 E.02395
G1 Z6.2139 C24104.494 B-23.966 E.01914
G1 Z6.2155 C24106.924 E.01917
G1 Z6.217 C24109.357 B-23.967 E.01925
G1 Z6.2186 C24112.401 E.02394
G1 Z6.2202 C24114.831 E.01916
G1 Z6.2218 C24117.261 B-23.968 E.01923
G1 Y.0297 Z6.2233 C24119.695 E.01933
G1 Z6.2248 C24122.131 B-23.969 E.01918
G1 Z6.2263 C24124.561 E.01914
G1 Z6.2278 C24126.991 E.01914
G1 Z6.2293 C24129.425 B-23.97 E.01917
G1 Z6.2309 C24131.86 E.01917
G1 Z6.2325 C24134.291 B-23.971 E.01914
G1 Z6.234 C24137.329 E.02402
G1 Z6.2356 C24139.764 B-23.972 E.01925
G1 Z6.2371 C24142.198 E.01923
G1 Z6.2386 C24144.628 E.01918
G1 Z6.2401 C24147.059 B-23.973 E.01916
G1 Z6.2417 C24149.494 E.01918
G1 Z6.2432 C24151.928 B-23.974 E.01917
G1 Y-.0272 Z6.2447 C24154.965 E.02406
G1 Z6.2462 C24157.397 E.01915
G1 Z6.2477 C24159.833 B-23.975 E.01920
G1 Z6.2493 C24162.265 E.01920
G1 Z6.2509 C24164.695 B-23.976 E.01924
G1 Y.0245 Z6.2525 C24167.126 E.01932
G1 Z6.2541 C24170.171 B-23.977 E.02408
G1 Z6.2557 C24172.602 E.01924
G1 Z6.2573 C24175.032 E.01919
G1 Z6.2588 C24177.465 B-23.978 E.01918
G1 Z6.2605 C24179.901 E.01919
G1 Y-.0285 Z6.262 C24182.94 B-23.979 E.02406
G1 Z6.2636 C24185.37 E.01916
G1 Z6.2651 C24187.803 E.01921
G1 Z6.2667 C24190.239 B-23.98 E.01928
G1 Z6.2683 C24193.277 E.02391
G1 Z6.2698 C24195.707 B-23.981 E.01916
G1 Z6.2714 C24198.143 E.01925
G1 Z6.2729 C24200.576 E.01928
G1 Z6.2744 C24203.006 B-23.982 E.01924
G1 Z6.2771 C24206.654 B-23.983 E.02872
G1 Z6.2787 C24210.306 E.02873
G1 Z6.2814 C24213.344 B-23.984 E.02402
G1 Z6.2831 C24216.993 E.02875
G1 Z6.2846 C24219.428 E.01924
G1 Z6.2861 C24221.858 B-23.985 E.01920
G1 Z6.2876 C24224.288 E.01921
G1 Z6.2891 C24226.722 B-23.986 E.01927
G1 Z6.2906 C24229.158 E.01932
G1 Z6.2921 C24231.588 E.01929
G1 Y.023 Z6.2936 C24234.018 B-23.987 E.01933
G1 Z6.2951 C24236.452 E.01919
G1 Z6.2966 C24239.495 B-23.988 E.02406
G1 Z6.2984 C24241.925 E.01917
G1 Z6.3002 C24244.964 B-23.989 E.02402
G1 Z6.302 C24247.4 E.01921
G1 Z6.3038 C24250.44 E.02401
G1 Z6.3053 C24252.87 B-23.99 E.01921
G1 Z6.3068 C24255.302 E.01920
G1 Z6.3084 C24257.739 B-23.991 E.01922
G1 Z6.3099 C24260.17 E.01917
G1 Z6.3114 C24263.207 E.02402
G1 Z6.313 C24265.641 B-23.992 E.01926
G1 Z6.3145 C24268.077 E.01924
G1 Z6.316 C24270.507 B-23.993 E.01917
G1 Z6.3176 C24272.937 E.01917
G1 Z6.3191 C24275.98 B-23.994 E.02405
G1 Z6.3207 C24278.414 E.01924
G1 Z6.3222 C24280.844 E.01918
G1 Z6.3237 C24283.275 B-23.995 E.01920
G1 Z6.3252 C24285.71 E.01924
G1 Z6.3267 C24288.144 E.01926
G1 Z6.3294 C24291.789 B-23.996 E.02879
G1 Z6.331 C24294.83 B-23.997 E.02396
G1 Z6.3336 C24298.481 E.02881
G1 Z6.3353 C24301.519 B-23.998 E.02393
G1 Z6.3368 C24303.951 E.01919
G1 Z6.3383 C24306.387 E.01922
G1 Z6.3398 C24309.426 B-23.999 E.02405
G1 Z6.3412 C24311.856 E.01931
G1 Z6.3427 C24314.29 B-24. E.01933
G1 Z6.3441 C24316.725 E.01931
G1 Z6.3456 C24319.156 E.01925
G1 Z6.3479 C24322.194 B-24.001 E.02394
G1 Z6.3481 C24322.802 E.00513
G1 Z6.3504 C24325.447 E.02086
G1 Z6.3521 C24328.174 B-24.002 E.02151
G1 Z6.3536 C24330.843 E.02106
G1 Z6.3552 C24333.455 B-24.003 E.02063
G1 Z6.3568 C24336.076 E.02071
G1 Z6.3584 C24338.707 E.02081
G1 Z6.36 C24341.344 B-24.004 E.02087
G1 Z6.3616 C24343.985 E.02093
G1 Z6.3631 C24346.522 B-24.005 E.02010
G1 Z6.3647 C24348.952 E.01921
G1 Z6.3664 C24351.383 E.01920
G1 Z6.368 C24354.427 B-24.006 E.02409
G1 Z6.3696 C24356.86 E.01926
G1 Z6.3712 C24359.289 B-24.007 E.01919
G1 Z6.3725 C24361.721 E.01921
G1 Z6.3741 C24365.374 E.02881
G1 Z6.3767 C24368.412 B-24.008 E.02395
G1 Z6.3783 C24372.059 E.02875
G1 Z6.3808 C24375.104 B-24.009 E.02401
G1 Z6.3823 C24378.749 E.02878
G1 Z6.384 C24381.18 B-24.01 E.01922
G1 Z6.3857 C24384.225 E.02411
G1 Z6.3873 C24386.656 B-24.011 E.01924
G1 Z6.3889 C24389.086 E.01920
G1 Z6.3904 C24391.519 E.01923
G1 Z6.3919 C24393.955 B-24.012 E.01925
G1 Z6.3935 C24396.994 E.02409
G1 Z6.395 C24399.424 B-24.013 E.01929
G1 Z6.3965 C24401.857 E.01931
G1 Z6.3981 C24404.293 E.01931
G1 Z6.3996 C24406.723 B-24.014 E.01924
G1 Z6.4012 C24409.153 E.01922
G1 Z6.4028 C24411.587 B-24.015 E.01924
G1 Z6.4044 C24414.63 E.02410
G1 Z6.406 C24417.06 E.01926
G1 Z6.4077 C24419.491 B-24.016 E.01922
G1 Z6.4092 C24421.926 E.01925
G1 Z6.4108 C24424.968 E.02409
G1 Z6.4124 C24427.398 B-24.017 E.01927
G1 Z6.414 C24429.829 E.01924
G1 Z6.4155 C24432.265 B-24.018 E.01926
G1 Z6.4171 C24435.305 E.02408
G1 Z6.4187 C24437.735 E.01927
G1 Z6.4203 C24440.167 B-24.019 E.01925
G1 Z6.423 C24443.82 E.02882
G1 Z6.4246 C24447.465 B-24.02 E.02880
G1 Z6.4273 C24450.506 E.02400
G1 Z6.4289 C24454.157 B-24.021 E.02879
G1 Z6.4316 C24457.802 E.02882
G1 Z6.4333 C24460.236 B-24.022 E.01937
G1 Z6.435 C24462.671 E.01929
G1 Z6.4366 C24465.102 B-24.023 E.01924
G1 Z6.4381 C24468.14 E.02405
G1 Z6.4398 C24470.575 E.01928
G1 Z6.4415 C24473.617 B-24.024 E.02412
G1 Z6.4431 C24476.046 E.01926
G1 Z6.4446 C24478.478 B-24.025 E.01925
G1 Z6.446 C24480.914 E.01928
G1 Z6.4477 C24484.561 E.02876
G1 Z6.4491 C24486.991 B-24.026 E.01927
G1 Z6.4506 C24489.425 E.01932
G1 Z6.4522 C24491.86 E.01933
G1 Z6.4537 C24494.291 B-24.027 E.01929
G1 Z6.4553 C24496.721 E.01926
G1 Z6.4568 C24499.155 B-24.028 E.01928
G1 Z6.4584 C24501.59 E.01928
G1 Y-.0282 Z6.46 C24504.628 E.02413
G1 Z6.4615 C24507.059 B-24.029 E.01926
G1 Z6.463 C24509.494 E.01933
G1 Z6.4646 C24511.928 E.01937
G1 Z6.4662 C24514.358 B-24.03 E.01941
G1 Z6.4677 C24517.397 E.02400
G1 Z6.4693 C24519.833 E.01932
G1 X8.9715 Z6.4709 C24522.265 B-24.031 E.01920
G1 Z6.4724 C24524.695 E.01904
G1 Z6.474 C24527.126 B-24.032 E.01907
G1 Z6.4755 C24529.562 E.01914
G1 Z6.4771 C24531.995 E.01914
G1 Y.0222 Z6.4787 C24534.425 B-24.033 E.01915
G1 Z6.4802 C24536.856 E.01899
G1 Z6.4818 C24539.292 E.01903
G1 Z6.4834 C24542.332 B-24.034 E.02380
G1 Z6.485 C24544.762 E.01899
G1 Y-.0285 Z6.4866 C24547.803 B-24.035 E.02389
G1 Z6.4882 C24550.239 E.01905
G1 Z6.4898 C24552.669 E.01910
G1 Z6.4914 C24555.707 B-24.036 E.02373
G1 Z6.493 C24558.143 E.01907
G1 Z6.4946 C24560.576 E.01912
G1 Z6.4973 C24564.221 B-24.037 E.02851
G1 Z6.4989 C24567.872 E.02852
G1 Z6.5016 C24570.914 B-24.038 E.02383
G1 Z6.5032 C24574.559 E.02848
G1 Y.0219 Z6.506 C24577.602 B-24.039 E.02391
G1 Z6.5075 C24580.036 E.01902
G1 Z6.5091 C24582.466 B-24.04 E.01898
G1 Z6.5106 C24585.505 E.02385
G1 Z6.5122 C24587.941 E.01911
G1 Z6.5137 C24590.373 B-24.041 E.01904
G1 Z6.5152 C24592.803 E.01900
G1 Z6.5168 C24595.234 B-24.042 E.01899
G1 Z6.5183 C24598.279 E.02392
G1 Z6.5199 C24600.711 E.01909
G1 Z6.5215 C24603.14 B-24.043 E.01901
G1 Z6.5232 C24605.573 E.01901
G1 Z6.5248 C24608.009 E.01903
G1 Z6.5265 C24611.048 B-24.044 E.02382
G1 Z6.5281 C24613.478 E.01902
G1 Z6.5298 C24615.912 E.01902
G1 Z6.5314 C24618.955 B-24.045 E.02390
G1 Z6.533 C24621.385 E.01905
G1 Z6.5346 C24623.815 B-24.046 E.01900
G1 Z6.5362 C24626.251 E.01903
G1 Z6.5378 C24629.292 E.02384
G1 Z6.5394 C24631.722 B-24.047 E.01902
G1 Z6.541 C24634.153 E.01899
G1 Z6.5425 C24637.198 E.02387
G1 Z6.5441 C24639.629 B-24.048 E.01903
G1 Z6.5455 C24642.059 E.01901
G1 Z6.547 C24644.492 E.01906
G1 Z6.5486 C24648.144 B-24.049 E.02862
G1 Z6.5513 C24651.181 E.02374
G1 Z6.5529 C24654.83 B-24.05 E.02858
G1 Z6.5554 C24657.874 E.02381
G1 Z6.557 C24660.304 B-24.051 E.01906
G1 Z6.5585 C24662.734 E.01904
G1 Z6.5601 C24665.17 E.01907
G1 Z6.5616 C24667.603 B-24.052 E.01902
G1 Z6.5631 C24670.033 E.01899
G1 Z6.5646 C24672.464 E.01900
G1 Z6.5662 C24675.508 B-24.053 E.02390
G1 Z6.5677 C24677.941 E.01909
G1 Z6.5693 C24680.371 E.01902
G1 Z6.5703 C24682.802 B-24.054 E.01900
G1 Z6.5723 C24685.238 E.01905
G1 Z6.5739 C24687.671 E.01901
G1 Z6.5755 C24690.708 B-24.055 E.02385
G1 Z6.5771 C24693.14 E.01908
G1 Z6.5787 C24695.576 E.01907
G1 Z6.5803 C24698.008 B-24.056 E.01901
G1 Z6.582 C24701.045 E.02384
G1 Z6.5836 C24703.479 B-24.057 E.01906
G1 Z6.5852 C24705.914 E.01903
G1 Z6.5869 C24708.952 E.02383
G1 Z6.5885 C24711.383 B-24.058 E.01903
G1 Z6.5902 C24713.818 E.01903
G1 Z6.5918 C24716.86 E.02383
G1 Z6.5934 C24719.289 B-24.059 E.01899
G1 Z6.5948 C24721.721 E.01902
G1 Z6.5963 C24725.374 E.02862
G1 Z6.5988 C24728.412 B-24.06 E.02376
G1 Z6.6004 C24731.451 E.02375
G1 Z6.6028 C24735.104 B-24.061 E.02860
G1 Z6.6044 C24738.142 E.02377
G1 Z6.6061 C24741.18 B-24.062 E.02386
G1 Z6.6078 C24743.616 E.01906
G1 Z6.6095 C24746.656 E.02388
G1 Z6.6111 C24749.086 E.01904
G1 Z6.6126 C24751.519 B-24.063 E.01904
G1 Z6.6142 C24753.955 E.01905
G1 Z6.6158 C24756.386 B-24.064 E.01900
G1 Z6.6174 C24759.424 E.02381
G1 Z6.6189 C24761.857 E.01911
G1 Z6.6204 C24764.293 B-24.065 E.01914
G1 Z6.622 C24766.723 E.01908
G1 Z6.6235 C24769.153 E.01906
G1 Z6.6251 C24771.587 B-24.066 E.01907
G1 Z6.6266 C24774.023 E.01906
G1 Z6.6282 C24776.453 E.01900
G1 Z6.6299 C24779.491 B-24.067 E.02387
G1 Z6.6314 C24781.926 E.01911
G1 Z6.6331 C24784.36 E.01905
G1 Z6.6347 C24786.79 B-24.068 E.01900
G1 Z6.6363 C24789.829 E.02382
G1 Z6.6379 C24792.265 E.01906
G1 Z6.6396 C24794.698 B-24.069 E.01902
G1 Z6.6412 C24797.735 E.02379
G1 Z6.6428 C24800.167 E.01903
G1 Z6.6455 C24803.82 B-24.07 E.02860
G1 Z6.6471 C24806.857 E.02374
G1 Z6.6497 C24810.506 B-24.071 E.02855
G1 Z6.6513 C24813.549 E.02379
G1 Z6.6539 C24817.194 B-24.072 E.02852
G1 Z6.6557 C24819.627 E.01907
G1 Z6.6574 C24822.063 E.01905
G1 Z6.659 C24825.102 B-24.073 E.02379
G1 Z6.6607 C24827.532 E.01900
G1 Z6.6624 C24830.575 E.02385
G1 Z6.6641 C24833.009 B-24.074 E.01904
G1 Z6.6657 C24836.046 E.02378
G1 Z6.6673 C24838.478 B-24.075 E.01902
G1 Z6.6686 C24840.914 E.01905
G1 Z6.6703 C24844.561 E.02853
G1 Z6.6717 C24846.991 E.01910
G1 Z6.6732 C24849.425 B-24.076 E.01917
G1 Z6.6747 C24851.252 E.01431
G1 Z6.6762 C24853.683 E.01902
G1 Z6.6777 C24856.113 B-24.077 E.01901
G1 Z6.6793 C24858.546 E.01903
G1 Z6.6809 C24861.59 E.02388
G1 Z6.6825 C24864.021 B-24.078 E.01905
G1 Z6.6841 C24866.451 E.01901
G1 Z6.6857 C24869.494 E.02390
G1 Z6.6873 C24871.928 B-24.079 E.01910
G1 Z6.6889 C24874.358 E.01902
G1 Z6.6905 C24876.788 E.01901
G1 Z6.692 C24879.833 B-24.08 E.02386
G1 Z6.6936 C24882.265 E.01909
G1 Z6.6951 C24884.695 E.01908
G1 Z6.6967 C24887.126 B-24.081 E.01908
G1 Z6.6982 C24889.562 E.01913
G1 Z6.6997 C24891.995 E.01910
G1 Z6.7013 C24894.425 E.01909
G1 Z6.7028 C24896.856 B-24.082 E.01910
G1 Z6.7043 C24899.292 E.01916
G1 Z6.706 C24901.725 E.01905
G1 Z6.7077 C24904.762 B-24.083 E.02385
G1 Z6.7093 C24907.194 E.01906
G1 Z6.7109 C24909.63 B-24.084 E.01906
G1 Z6.7126 C24912.669 E.02380
G1 Z6.7142 C24915.099 E.01902
G1 Z6.7159 C24918.143 B-24.085 E.02385
G1 Z6.7175 C24920.576 E.01904
G1 Z6.7202 C24924.221 E.02854
G1 Z6.7218 C24927.263 B-24.086 E.02379
G1 Z6.7244 C24930.914 E.02860
G1 Z6.7259 C24933.951 E.02376
G1 Z6.7286 C24937.602 B-24.087 E.02861
G1 Z6.7303 C24940.036 E.01916
G1 Z6.7319 C24942.466 B-24.088 E.01908
G1 Z6.7334 C24944.896 E.01904
G1 Z6.7351 C24947.332 E.01907
G1 Z6.7366 C24950.373 B-24.089 E.02388
G1 Z6.7382 C24952.803 E.01907
G1 Z6.7398 C24955.234 E.01904
G1 Z6.7414 C24957.671 B-24.09 E.01908
G1 Z6.7429 C24960.711 E.02386
G1 Z6.7445 C24963.14 E.01908
G1 Z6.7461 C24965.573 B-24.091 E.01908
G1 Z6.7477 C24968.009 E.01909
G1 Z6.7493 C24970.44 E.01903
G1 Z6.751 C24972.87 B-24.092 E.01903
G1 Z6.7526 C24975.912 E.02389
G1 Z6.7542 C24978.347 E.01914
G1 Z6.7559 C24980.777 E.01904
G1 Z6.7575 C24983.207 B-24.093 E.01903
G1 Z6.7591 C24986.251 E.02386
G1 Z6.7608 C24988.684 E.01906
G1 Z6.7624 C24991.722 B-24.094 E.02385
G1 Z6.764 C24994.153 E.01905
G1 Z6.7657 C24997.198 E.02394
G1 Z6.7672 C24999.629 B-24.095 E.01908
G1 Z6.7686 C25002.059 E.01906
G1 Z6.7702 C25005.71 E.02863
G1 Z6.7729 C25008.752 B-24.096 E.02381
G1 Z6.7745 C25012.397 E.02860
G1 Z6.777 C25015.44 B-24.097 E.02386
G1 Z6.7786 C25018.481 E.02381
G1 Z6.7801 C25020.911 E.01904
G1 Z6.7817 C25023.342 B-24.098 E.01904
G1 Z6.7832 C25026.387 E.02393
G1 Z6.7848 C25028.819 E.01910
G1 Z6.7864 C25031.248 E.01905
G1 Z6.7879 C25033.681 B-24.099 E.01906
G1 Z6.7895 C25036.725 E.02394
G1 Z6.791 C25039.156 E.01910
G1 Z6.7933 C25042.194 B-24.1 E.02378
G1 Z6.7935 C25042.802 E.00497
G1 Z6.7956 C25046.455 E.02860
G1 Z6.7971 C25048.885 E.01906
G1 Z6.7987 C25051.316 B-24.101 E.01906
G1 Z6.8003 C25053.749 E.01906
G1 Z6.8018 C25056.185 E.01909
G1 Z6.8034 C25059.223 B-24.102 E.02387
G1 Z6.8051 C25061.653 E.01906
G1 Z6.8068 C25064.698 E.02395
G1 Z6.8085 C25067.13 B-24.103 E.01909
G1 Z6.8102 C25069.56 E.01904
G1 Z6.8118 C25072.6 E.02383
G1 Z6.8135 C25075.036 B-24.104 E.01909
G1 Z6.8152 C25078.075 E.02383
G1 Z6.8169 C25080.505 E.01905
G1 Z6.8194 C25084.157 B-24.105 E.02864
G1 Z6.8209 C25087.197 E.02383
G1 Z6.8234 C25090.234 B-24.106 E.02378
G1 Z6.8249 C25093.278 E.02383
G1 Z6.8273 C25096.319 E.02381
G1 Z6.8292 C25099.356 B-24.107 E.02390
G1 Z6.831 C25101.789 E.01908
G1 Z6.8327 C25104.833 E.02389
G1 Z6.8343 C25107.264 B-24.108 E.01906
G1 Z6.8359 C25110.302 E.02387
G1 Z6.8375 C25112.737 E.01914
G1 Z6.8391 C25115.171 E.01909
G1 Z6.8408 C25118.208 B-24.109 E.02389
G1 Z6.8422 C25120.64 E.01917
G1 Z6.8437 C25123.076 E.01924
G1 Y-.0284 Z6.8452 C25125.508 B-24.11 E.01923
G1 Y.026 Z6.8467 C25127.331 E.01459
G1 Z6.8482 C25129.761 E.01906
G1 Y-.0272 Z6.8498 C25132.806 B-24.111 E.02399
G1 Z6.8513 C25135.238 E.01907
G1 Z6.8529 C25137.668 E.01906
G1 Z6.8546 C25140.099 E.01911
G1 Z6.8563 C25142.535 B-24.112 E.01924
G1 Z6.8579 C25145.575 E.02382
G1 Z6.8596 C25148.005 E.01915
G1 Z6.8613 C25151.047 B-24.113 E.02383
G1 Z6.8629 C25153.482 E.01916
G1 Z6.8646 C25156.52 E.02380
G1 Z6.8663 C25158.95 E.01910
G1 Z6.8675 C25161.386 B-24.114 E.01915
G1 Y.0243 Z6.8691 C25164.427 E.02396
G1 Z6.8717 C25168.072 E.02857
G1 Z6.8733 C25171.116 B-24.115 E.02385
G1 Z6.8758 C25174.765 E.02866
G1 Z6.8774 C25177.802 B-24.116 E.02384
G1 Y-.0276 Z6.8791 C25180.845 E.02398
G1 Z6.8809 C25183.279 E.01917
G1 Z6.8826 C25186.317 E.02380
G1 Z6.8842 C25188.748 B-24.117 E.01915
G1 Z6.886 C25191.793 E.02387
G1 Y.0255 Z6.8878 C25194.224 E.01926
G1 Z6.8894 C25197.261 B-24.118 E.02382
G1 Y-.0277 Z6.8911 C25200.305 E.02400
G1 Z6.8937 C25203.346 E.02386
G1 Y.0264 Z6.8953 C25206.383 B-24.119 E.02395
G1 Z6.898 C25210.034 E.02860
G1 Z6.8995 C25212.468 E.01916
G1 Z6.901 C25214.898 B-24.12 E.01915
G1 Z6.9025 C25217.329 E.01918
G1 Z6.9042 C25219.764 E.01918
G1 Z6.9059 C25222.198 B-24.121 E.01912
G1 Z6.9075 C25225.235 E.02392
G1 Z6.9091 C25227.667 E.01914
G1 Z6.9108 C25230.103 B-24.122 E.01913
G1 Z6.9124 C25233.143 E.02390
G1 Z6.9141 C25235.573 E.01909
G1 Z6.9157 C25238.614 E.02395
G1 Z6.9171 C25241.05 B-24.123 E.01922
G1 Z6.9186 C25243.48 E.01921
G1 Z6.9201 C25245.91 E.01924
G1 Z6.9216 C25247.735 B-24.124 E.01439
G1 Z6.9231 C25250.171 E.01913
G1 Z6.9246 C25252.602 E.01910
G1 Z6.9261 C25255.032 E.01911
G1 Z6.9276 C25257.465 B-24.125 E.01915
G1 Z6.9295 C25259.901 E.01915
G1 Z6.9312 C25262.94 E.02391
G1 Z6.9329 C25265.37 E.01909
G1 Z6.9345 C25268.413 B-24.126 E.02394
G1 Z6.9363 C25270.847 E.01912
G1 Z6.938 C25273.884 E.02386
G1 Z6.9396 C25276.315 B-24.127 E.01910
G1 Z6.9413 C25279.36 E.02391
G1 Z6.9426 C25281.792 E.01914
G1 Y-.0265 Z6.9442 C25285.437 E.02867
G1 Z6.9467 C25288.481 B-24.128 E.02388
G1 Z6.9483 C25291.521 E.02389
G1 Y.0237 Z6.9508 C25294.559 B-24.129 E.02395
G1 Z6.9525 C25298.211 E.02865
G1 Z6.9541 C25300.644 E.01914
G1 Z6.9557 C25303.073 E.01909
G1 Z6.9573 C25306.113 B-24.13 E.02391
G1 Z6.959 C25308.549 E.01916
G1 Z6.9606 C25310.981 E.01911
G1 Z6.9622 C25314.018 E.02387
G1 Z6.9638 C25316.452 B-24.131 E.01914
G1 Z6.9655 C25319.495 E.02396
G1 Z6.967 C25321.925 E.01921
G1 Z6.9686 C25324.356 B-24.132 E.01921
G1 Z6.9702 C25326.791 E.01923
G1 Z6.9718 C25329.225 E.01921
G1 Z6.9733 C25331.655 E.01916
G1 Z6.9749 C25334.086 B-24.133 E.01915
G1 Z6.9765 C25336.521 E.01917
G1 Z6.9781 C25338.955 E.01915
G1 Z6.9798 C25341.992 E.02392
G1 Z6.9815 C25344.424 B-24.134 E.01914
G1 Z6.9831 C25347.468 E.02399
G1 Z6.9848 C25349.9 E.01915
G1 Z6.9865 C25352.937 B-24.135 E.02393
G1 Z6.9881 C25355.371 E.01915
G1 Z6.9898 C25358.414 E.02396
G1 Z6.9914 C25360.844 E.01913
G1 Z6.994 C25364.492 B-24.136 E.02867
G1 Z6.9957 C25367.536 E.02391
G1 Z6.9981 C25370.574 B-24.137 E.02384
G1 Z6.9998 C25374.221 E.02868
G1 Z7.0021 C25377.266 E.02399
G1 Z7.0039 C25379.089 B-24.138 E.01442
G1 Z7.0054 C25382.126 E.02391
G1 Z7.0071 C25384.56 E.01918
G1 Z7.0087 C25386.995 E.01916
G1 Z7.0103 C25390.033 B-24.139 E.02393
G1 Z7.0118 C25392.464 E.01917
G1 Z7.0135 C25394.899 E.01916
G1 Z7.0151 C25397.941 E.02396
G1 Z7.0166 C25400.371 B-24.14 E.01918
G1 Z7.0178 C25402.802 E.01913
G1 Z7.0197 C25406.455 E.02870
G1 Z7.0213 C25408.885 E.01923
G1 Z7.0228 C25411.316 B-24.141 E.01923
G1 Z7.0243 C25413.749 E.01924
G1 Z7.0259 C25416.185 E.01925
G1 Z7.0274 C25418.615 E.01919
G1 Z7.0292 C25421.045 B-24.142 E.01912
G1 Z7.0309 C25424.088 E.02392
G1 Z7.0326 C25426.522 E.01916
G1 Z7.0343 C25429.56 E.02387
G1 Z7.036 C25432.6 B-24.143 E.02396
G1 Z7.0378 C25435.036 E.01918
G1 Z7.0395 C25438.075 E.02392
G1 Z7.0413 C25440.505 B-24.144 E.01913
G1 Z7.0436 C25444.157 E.02873
G1 Z7.0452 C25447.197 E.02395
G1 Z7.0475 C25450.234 B-24.145 E.02391
G1 Z7.049 C25453.278 E.02396
G1 Z7.0513 C25456.319 E.02395
G1 Z7.0532 C25458.749 B-24.146 E.01921
G1 Z7.055 C25461.789 E.02398
G1 Z7.0568 C25464.225 E.01919
G1 Z7.0585 C25467.264 E.02391
G1 Z7.0601 C25469.694 B-24.147 E.01914
G1 Z7.0617 C25472.737 E.02399
G1 Z7.0634 C25475.171 E.01920
G1 Z7.0651 C25478.208 E.02398
G1 Z7.0665 C25480.64 B-24.148 E.01927
G1 Z7.0679 C25482.467 E.01448
G1 Z7.0694 C25484.901 E.01918
G1 Z7.0709 C25487.331 E.01916
G1 Z7.0724 C25489.761 B-24.149 E.01917
G1 Z7.0739 C25492.197 E.01923
G1 Z7.0755 C25494.63 E.01921
G1 Z7.077 C25497.06 E.01918
G1 Z7.0788 C25499.491 B-24.15 E.01916
G1 Z7.0805 C25502.535 E.02399
G1 X8.9215 Z7.0822 C25504.968 E.01907
G1 Z7.0839 C25508.005 E.02367
G1 Z7.0856 C25510.438 B-24.151 E.01891
G1 Z7.0873 C25513.482 E.02371
G1 Z7.089 C25515.913 E.01889
G1 Z7.0907 C25518.95 E.02364
G1 Z7.092 C25521.386 B-24.152 E.01897
G1 Z7.0937 C25524.427 E.02363
G1 Z7.0961 C25527.465 E.02360
G1 Z7.0977 C25531.116 B-24.153 E.02843
G1 Z7.1 C25534.157 E.02367
G1 Z7.1017 C25537.194 E.02362
G1 Z7.1035 C25540.236 E.02370
G1 Z7.1053 C25542.671 B-24.154 E.01892
G1 Z7.107 C25545.709 E.02362
G1 Z7.1087 C25548.748 E.02370
G1 Y-.0272 Z7.1105 C25551.793 B-24.155 E.02379
G1 Z7.1123 C25554.224 E.01900
G1 Z7.1141 C25557.261 E.02362
G1 Z7.1158 C25560.305 E.02365
G1 Z7.1182 C25563.346 B-24.156 E.02364
G1 Z7.1199 C25566.383 E.02367
G1 Z7.1224 C25570.034 E.02837
G1 Z7.1242 C25573.076 B-24.157 E.02374
G1 Z7.1257 C25575.506 E.01896
G1 Z7.1272 C25577.937 E.01893
G1 Z7.1288 C25580.373 E.01908
G1 Z7.1305 C25583.413 E.02363
G1 Z7.1322 C25585.843 B-24.158 E.01901
G1 Z7.1339 C25588.884 E.02364
G1 Z7.1356 C25591.32 E.01905
G1 Z7.1373 C25594.358 E.02361
G1 Z7.1389 C25596.788 B-24.159 E.01901
G1 Z7.1406 C25599.833 E.02367
G1 Z7.1421 C25602.265 E.01890
G1 Y.0234 Z7.1436 C25604.087 E.01438
G1 Z7.145 C25606.518 B-24.16 E.01889
G1 Z7.1465 C25608.953 E.01895
G1 Z7.148 C25611.387 E.01899
G1 Z7.1495 C25613.817 E.01902
G1 Z7.1509 C25615.64 B-24.161 E.01416
G1 Z7.1524 C25618.074 E.01893
G1 Z7.1542 C25621.117 E.02371
G1 Z7.1559 C25623.547 E.01888
G1 Z7.1576 C25626.586 B-24.162 E.02364
G1 Z7.1594 C25629.63 E.02376
G1 Z7.1611 C25632.062 E.01890
G1 Z7.1629 C25635.099 E.02362
G1 Z7.1646 C25638.143 B-24.163 E.02374
G1 Z7.1663 C25640.576 E.01891
G1 Z7.1688 C25644.221 E.02841
G1 Z7.1704 C25647.263 E.02369
G1 Z7.1727 C25650.306 B-24.164 E.02368
G1 Z7.1744 C25653.344 E.02362
G1 Z7.1768 C25656.384 E.02362
G1 Z7.1786 C25658.82 B-24.165 E.01893
G1 Z7.1802 C25661.858 E.02370
G1 Z7.1819 C25664.288 E.01890
G1 Z7.1836 C25667.332 E.02377
G1 Z7.1852 C25669.766 B-24.166 E.01895
G1 Z7.1869 C25672.196 E.01888
G1 Z7.1886 C25675.234 E.02365
G1 Z7.1903 C25677.671 E.01893
G1 Z7.1917 C25680.711 E.02372
G1 Z7.1932 C25683.14 B-24.167 E.01902
G1 Z7.1948 C25684.964 E.01417
G1 Z7.1963 C25687.4 E.01893
G1 Z7.1979 C25689.833 E.01890
G1 Z7.1994 C25692.262 B-24.168 E.01887
G1 Z7.201 C25694.694 E.01890
G1 Z7.2026 C25697.13 E.01893
G1 Z7.2044 C25700.17 E.02372
G1 Z7.2061 C25702.6 B-24.169 E.01889
G1 Z7.2078 C25705.641 E.02369
G1 Z7.2095 C25708.077 E.01893
G1 Z7.2113 C25711.115 E.02363
G1 Z7.213 C25714.153 B-24.17 E.02370
G1 Z7.2147 C25716.589 E.01893
G1 Z7.2164 C25719.629 E.02367
G1 Z7.2176 C25722.059 E.01893
G1 Z7.2193 C25725.101 E.02364
G1 Z7.2218 C25728.144 B-24.171 E.02364
G1 Z7.2234 C25731.789 E.02841
G1 Z7.2257 C25734.83 E.02372
G1 Z7.2274 C25737.874 B-24.172 E.02376
G1 Z7.229 C25740.304 E.01893
G1 Z7.2306 C25742.734 E.01889
G1 Z7.2323 C25745.779 E.02374
G1 Z7.2339 C25748.211 E.01891
G1 Z7.2356 C25751.248 B-24.173 E.02372
G1 Z7.2372 C25753.681 E.01896
G1 Z7.2388 C25756.117 E.01893
G1 Z7.2405 C25759.156 E.02366
G1 Z7.2427 C25762.194 B-24.174 E.02362
G1 Z7.243 C25762.802 E.00475
G1 Z7.2449 C25765.831 E.02354
G1 Z7.2464 C25768.234 E.01868
G1 Z7.2479 C25770.65 E.01878
G1 Z7.2494 C25773.079 B-24.175 E.01888
G1 Z7.2509 C25775.518 E.01896
G1 Z7.2524 C25777.965 E.01903
G1 Z7.2542 C25780.819 E.02220
G1 Z7.2559 C25783.676 E.02223
G1 Z7.2577 C25786.522 B-24.176 E.02215
G1 Z7.2595 C25789.56 E.02371
G1 Z7.2613 C25791.991 E.01889
G1 Z7.263 C25795.036 E.02369
G1 Z7.2648 C25798.075 B-24.177 E.02370
G1 Z7.2666 C25800.505 E.01889
G1 Z7.2689 C25803.548 E.02365
G1 Z7.2704 C25806.589 E.02363
G1 Z7.2726 C25809.627 B-24.178 E.02361
G1 Z7.2742 C25812.668 E.02364
G1 Z7.2763 C25815.712 E.02368
G1 Z7.2784 C25818.142 E.01891
G1 Z7.2802 C25821.18 B-24.179 E.02364
G1 Z7.282 C25824.225 E.02373
G1 Z7.2838 C25826.656 E.01890
G1 Z7.2854 C25829.694 E.02363
G1 Z7.2871 C25832.128 B-24.18 E.01892
G1 Z7.2888 C25835.171 E.02369
G1 Z7.2906 C25837.601 E.01889
G1 Z7.2919 C25840.64 E.02372
G1 Z7.2936 C25843.685 E.02367
G1 Z7.295 C25846.116 B-24.181 E.01895
G1 Z7.2965 C25848.546 E.01899
G1 Z7.298 C25850.978 E.01905
G1 Z7.2995 C25852.806 E.01422
G1 Z7.301 C25855.238 E.01891
G1 Z7.3025 C25857.668 B-24.182 E.01890
G1 Z7.3042 C25860.708 E.02369
G1 Z7.306 C25863.144 E.01894
G1 Z7.3077 C25866.183 E.02365
G1 Z7.3095 C25869.221 E.02371
G1 Z7.3112 C25871.656 B-24.183 E.01894
G1 Z7.313 C25874.698 E.02369
G1 Z7.3148 C25877.735 E.02372
G1 Z7.3165 C25880.167 E.01892
G1 Z7.3188 C25883.212 B-24.184 E.02367
G1 Z7.3205 C25886.25 E.02361
G1 Z7.3228 C25889.288 E.02361
G1 Z7.3243 C25892.941 E.02849
G1 Z7.3267 C25895.979 B-24.185 E.02373
G1 Z7.3287 C25898.41 E.01902
G1 Z7.3305 C25900.845 E.01893
G1 Z7.3322 C25903.887 E.02365
G1 Z7.334 C25906.924 B-24.186 E.02364
G1 Z7.3359 C25909.966 E.02372
G1 Z7.3377 C25913.009 E.02375
G1 Z7.3395 C25915.439 E.01889
G1 Z7.3413 C25918.478 B-24.187 E.02363
G1 Z7.3425 C25920.914 E.01895
G1 Z7.3441 C25923.954 E.02363
G1 Z7.3466 C25927.599 E.02839
G1 Z7.3482 C25930.643 E.02367
G1 Z7.3508 C25934.291 B-24.188 E.02843
G1 Z7.3523 C25936.113 E.01418
G1 Z7.3541 C25938.546 E.01892
G1 Z7.3558 C25941.59 E.02369
G1 Z7.3576 C25944.628 B-24.189 E.02373
G1 Z7.3593 C25947.059 E.01892
G1 Z7.361 C25950.103 E.02374
G1 Z7.3628 C25952.535 E.01891
G1 Z7.3645 C25955.573 E.02366
G1 Z7.3662 C25958.614 B-24.19 E.02376
G1 Z7.3676 C25961.05 E.01905
G1 Z7.3693 C25964.087 E.02361
G1 Z7.3719 C25967.735 E.02841
G1 Z7.3736 C25970.779 E.02367
G1 Z7.3761 C25974.425 B-24.191 E.02839
G1 Z7.3779 C25977.465 E.02363
G1 Z7.3797 C25980.509 E.02368
G1 Z7.3815 C25983.547 E.02368
G1 Z7.3833 C25985.977 B-24.192 E.01890
G1 Z7.385 C25989.022 E.02368
G1 Z7.3868 C25992.062 E.02366
G1 Z7.3886 C25995.099 E.02366
G1 Z7.3904 C25998.143 B-24.193 E.02378
G1 Z7.3922 C26000.576 E.01893
G1 Z7.3946 C26003.614 E.02362
G1 Z7.3962 C26007.263 E.02846
G1 Z7.3985 C26010.306 E.02378
G1 Z7.4001 C26013.344 B-24.194 E.02374
G1 Z7.4025 C26016.384 E.02373
G1 Z7.4043 C26018.82 E.01909
G1 Z7.406 C26021.251 E.01894
G1 Z7.4077 C26024.288 B-24.195 E.02373
G1 Z7.4094 C26026.722 E.01895
G1 Z7.4111 C26029.766 E.02375
G1 Z7.4128 C26032.196 E.01891
G1 Z7.4145 C26035.234 E.02369
G1 Z7.4163 C26037.671 B-24.196 E.01896
G1 Z7.4177 C26040.711 E.02375
G1 Z7.4191 C26042.533 E.01419
G1 Z7.4206 C26044.964 E.01892
G1 Z7.4222 C26047.4 E.01897
G1 Z7.4237 C26049.833 E.01897
G1 Z7.4252 C26052.262 B-24.197 E.01896
G1 Z7.4267 C26054.694 E.01902
G1 Z7.4283 C26057.13 E.01909
G1 Z7.4302 C26059.562 E.01898
G1 Z7.4319 C26062.6 E.02373
G1 Z7.4337 C26065.032 B-24.198 E.01893
G1 Z7.4354 C26068.077 E.02372
G1 Z7.4372 C26071.115 E.02372
G1 Z7.439 C26073.545 E.01890
G1 Z7.4407 C26076.589 E.02368
G1 Z7.4425 C26079.629 E.02370
G1 Z7.4437 C26082.059 B-24.199 E.01896
G1 Z7.4453 C26085.101 E.02368
G1 Z7.4477 C26088.144 E.02368
G1 Z7.4493 C26091.181 E.02363
G1 Z7.4515 C26094.221 B-24.2 E.02367
G1 Z7.4532 C26097.266 E.02373
G1 Z7.4548 C26099.696 E.01891
G1 Z7.4565 C26102.734 E.02370
G1 Z7.4582 C26105.17 E.01896
G1 Z7.4599 C26108.211 E.02370
G1 Z7.4616 C26110.641 B-24.201 E.01891
G1 Z7.4632 C26113.681 E.02371
G1 Z7.4649 C26116.117 E.01896
G1 Z7.4666 C26119.156 E.02368
G1 Z7.4689 C26122.194 E.02364
G1 Z7.4692 C26122.802 B-24.202 E.00485
G1 Z7.4709 C26125.62 E.02192
G1 Z7.4724 C26127.946 E.01810
G1 Z7.4738 C26130.287 E.01822
G1 Z7.4753 C26132.64 E.01831
G1 Z7.4768 C26135.003 E.01839
G1 Z7.4783 C26137.373 E.01845
G1 Z7.4801 C26140.271 B-24.203 E.02254
G1 Z7.4819 C26143.172 E.02257
G1 Z7.4837 C26146.076 E.02260
G1 Z7.4855 C26148.952 E.02238
G1 Z7.4873 C26151.991 E.02366
G1 Z7.4892 C26155.036 B-24.204 E.02374
G1 Z7.491 C26158.075 E.02374
G1 Z7.4928 C26160.505 E.01891
G1 Z7.495 C26163.548 E.02367
G1 Z7.4965 C26166.589 E.02367
G1 Z7.4987 C26169.627 B-24.205 E.02368
G1 Z7.5002 C26172.668 E.02376
G1 Z7.5023 C26175.104 E.01897
G1 Z7.5044 C26177.534 E.01892
G1 Z7.5063 C26180.572 B-24.206 E.02363
G1 Z7.5081 C26183.616 E.02368
G1 Z7.51 C26186.656 E.02367
G1 Z7.5116 C26189.694 E.02371
G1 Z7.5134 C26192.128 E.01896
G1 Z7.5151 C26195.171 E.02374
G1 Z7.5169 C26197.601 B-24.207 E.01891
G1 Z7.5182 C26200.64 E.02375
G1 Z7.5198 C26203.685 E.02372
G1 Z7.5225 C26206.723 E.02363
G1 Z7.5239 C26209.153 E.01893
G1 Z7.5253 C26211.587 B-24.208 E.01899
G1 Z7.5268 C26214.023 E.01906
G1 Z7.5283 C26216.453 E.01907
G1 Z7.5302 C26218.883 E.01900
G1 Z7.5319 C26221.317 E.01895
G1 Z7.5337 C26224.36 E.02369
G1 Z7.5355 C26227.398 B-24.209 E.02368
G1 Z7.5373 C26230.438 E.02376
G1 Z7.5391 C26232.874 E.01897
G1 Z7.5409 C26235.913 E.02366
G1 Z7.5427 C26238.95 E.02368
G1 Z7.5439 C26241.386 E.01903
G1 Z7.5454 C26244.427 B-24.21 E.02372
G1 Z7.5477 C26247.465 E.02371
G1 Z7.5492 C26250.506 E.02375
G1 Z7.5515 C26253.549 E.02380
G1 Z7.5531 C26255.979 E.01892
G1 Z7.555 C26259.018 B-24.211 E.02364
G1 Z7.5568 C26262.063 E.02370
G1 Z7.5587 C26265.102 E.02367
G1 Z7.5605 C26268.14 E.02369
G1 Z7.5624 C26271.184 E.02373
G1 Z7.5643 C26274.224 E.02370
G1 Z7.5661 C26277.261 B-24.212 E.02370
G1 Z7.5679 C26280.305 E.02381
G1 Z7.5703 C26283.346 E.02378
G1 Z7.5719 C26286.383 E.02372
G1 Z7.5743 C26289.425 E.02371
G1 Z7.5759 C26292.468 B-24.213 E.02368
G1 Z7.5785 C26296.113 E.02843
G1 Z7.5804 C26298.546 E.01904
G1 Z7.5821 C26300.982 E.01897
G1 Z7.5839 C26304.021 E.02367
G1 Z7.5857 C26307.059 B-24.214 E.02372
G1 Z7.5875 C26309.494 E.01896
G1 Z7.5892 C26312.535 E.02368
G1 Z7.591 C26315.573 E.02371
G1 Z7.5928 C26318.005 E.01894
G1 Z7.5941 C26321.05 E.02379
G1 Z7.5957 C26324.087 E.02366
G1 Z7.5983 C26327.126 B-24.215 E.02365
G1 Z7.5999 C26330.779 E.02847
G1 Z7.6024 C26333.817 E.02366
G1 Z7.6042 C26336.856 E.02365
G1 Z7.606 C26339.901 B-24.216 E.02370
G1 Z7.6079 C26342.94 E.02366
G1 Z7.6096 C26345.977 E.02366
G1 Z7.6115 C26349.022 E.02377
G1 Z7.6133 C26352.062 E.02373
G1 Z7.6152 C26355.099 E.02373
G1 Z7.617 C26357.533 B-24.217 E.01896
G1 Z7.6188 C26360.576 E.02369
G1 Z7.6212 C26363.614 E.02365
G1 Z7.6227 C26366.654 E.02366
G1 Z7.625 C26369.698 E.02370
G1 Z7.6265 C26372.736 E.02367
G1 Z7.6288 C26375.775 B-24.218 E.02369
G1 Z7.6307 C26378.211 E.01904
G1 Z7.6325 C26380.644 E.01895
G1 Z7.6342 C26383.681 E.02366
G1 Z7.636 C26386.722 E.02375
G1 Z7.6377 C26389.158 E.01898
G1 Z7.6394 C26392.196 B-24.219 E.02368
G1 Z7.6412 C26395.234 E.02374
G1 Z7.643 C26397.671 E.01899
G1 Z7.6443 C26400.711 E.02378
G1 Z7.6458 C26402.533 E.01424
G1 Z7.6472 C26404.964 E.01898
G1 Z7.6487 C26407.4 E.01907
G1 Z7.6502 C26409.833 B-24.22 E.01912
G1 Z7.6517 C26411.655 E.01424
G1 Z7.6531 C26414.086 E.01897
G1 Z7.6547 C26416.521 E.01904
G1 Z7.6566 C26418.955 E.01899
G1 Z7.6584 C26421.992 E.02368
G1 Z7.6602 C26425.032 E.02374
G1 Z7.662 C26427.468 B-24.221 E.01898
G1 Z7.6639 C26430.507 E.02366
G1 Z7.6657 C26433.545 E.02366
G1 Z7.6675 C26436.589 E.02373
G1 Z7.6692 C26439.629 E.02373
G1 Z7.6704 C26442.059 E.01901
G1 Z7.672 C26445.101 E.02374
G1 Z7.6743 C26448.144 B-24.222 E.02376
G1 Z7.6759 C26451.181 E.02374
G1 Z7.6781 C26453.613 E.01895
G1 Z7.6797 C26456.658 E.02373
G1 Z7.6814 C26459.696 E.02375
G1 Z7.6831 C26462.126 E.01895
G1 Z7.6849 C26465.17 B-24.223 E.02377
G1 Z7.6866 C26467.603 E.01896
G1 Z7.6883 C26470.641 E.02368
G1 Z7.69 C26473.681 E.02378
G1 Z7.6918 C26476.117 E.01900
G1 Z7.6935 C26479.156 E.02370
G1 Z7.6958 C26482.194 E.02367
G1 Z7.696 C26483.411 B-24.224 E.00987
G1 Z7.6977 C26485.956 E.01995
G1 Z7.7019 C26492.594 E.05161
G1 Z7.7034 C26494.828 E.01748
G1 Z7.7048 C26497.069 E.01752
G1 Z7.7067 C26499.945 E.02242
G1 Z7.7085 C26502.827 B-24.225 E.02245
G1 Z7.7104 C26505.71 E.02245
G1 Z7.7122 C26508.952 E.02529
G1 Z7.7141 C26511.991 E.02374
G1 Z7.716 C26515.036 E.02380
G1 Z7.7179 C26518.075 E.02379
G1 Z7.7197 C26520.505 E.01894
G1 Z7.7218 C26523.548 B-24.226 E.02371
G1 Z7.7233 C26526.589 E.02375
G1 Z7.7254 C26529.019 E.01895
G1 Z7.7269 C26532.059 E.02371
G1 Z7.7289 C26534.495 E.01899
G1 Z7.7311 C26537.534 E.02378
G1 Z7.733 C26540.572 B-24.227 E.02374
G1 Z7.7349 C26543.616 E.02379
G1 Z7.7367 C26546.656 E.02377
G1 Z7.7385 C26549.086 E.01895
G1 Z7.7402 C26552.128 E.02372
G1 Z7.742 C26555.171 E.02379
G1 Z7.7439 C26557.601 E.01895
G1 Z7.7452 C26560.64 B-24.228 E.02378
G1 Z7.7468 C26563.685 E.02377
G1 Z7.7493 C26566.723 E.02367
G1 Z7.751 C26570.37 E.02847
G1 Z7.7535 C26573.414 E.02373
G1 Z7.755 C26575.846 E.01905
G1 Z7.7569 C26578.275 E.01898
G1 Z7.7587 C26581.317 B-24.229 E.02375
G1 Z7.7605 C26584.36 E.02381
G1 Z7.7624 C26586.79 E.01895
G1 Z7.7642 C26589.829 E.02367
G1 Z7.7661 C26592.874 E.02373
G1 Z7.7679 C26595.913 E.02371
G1 Z7.7698 C26598.95 E.02372
G1 Z7.7709 C26601.386 B-24.23 E.01908
G1 Z7.7725 C26604.427 E.02379
G1 Z7.7746 C26606.857 E.01895
G1 Z7.7762 C26609.897 E.02369
G1 Z7.7783 C26612.941 E.02376
G1 Z7.7799 C26615.372 E.01896
G1 Z7.7818 C26619.018 E.02847
G1 Z7.7837 C26622.063 B-24.231 E.02383
G1 Z7.7856 C26625.102 E.02379
G1 Z7.7875 C26627.532 E.01895
G1 Z7.7894 C26631.184 E.02852
G1 Z7.7914 C26634.224 E.02377
G1 Z7.7932 C26637.261 E.02375
G1 Z7.7951 C26640.305 E.02383
G1 Z7.7973 C26642.739 E.01899
G1 Z7.7989 C26645.776 B-24.232 E.02365
G1 Z7.8012 C26648.816 E.02368
G1 Z7.8029 C26652.468 E.02850
G1 Z7.8053 C26655.506 E.02371
G1 Z7.8072 C26657.937 E.01900
G1 Z7.809 C26660.982 E.02380
G1 Z7.8108 C26663.413 E.01896
G1 Z7.8127 C26666.451 B-24.233 E.02367
G1 Z7.8145 C26669.494 E.02373
G1 Z7.8163 C26672.535 E.02375
G1 Z7.8181 C26675.573 E.02376
G1 Z7.8199 C26678.005 E.01897
G1 Z7.8212 C26681.05 E.02382
G1 Z7.8229 C26684.087 E.02372
G1 Z7.8253 C26687.126 E.02370
G1 Z7.827 C26690.171 B-24.234 E.02373
G1 Z7.8293 C26693.21 E.02367
G1 Z7.8311 C26696.856 E.02846
G1 Z7.833 C26699.901 E.02383
G1 Z7.8349 C26702.94 E.02379
G1 Z7.8368 C26705.37 E.01896
G1 Z7.8386 C26708.413 E.02371
G1 Z7.8405 C26711.454 B-24.235 E.02369
G1 Z7.8424 C26714.492 E.02367
G1 Z7.8443 C26717.533 E.02369
G1 Z7.8461 C26720.576 E.02371
G1 Z7.8483 C26723.614 E.02368
G1 Z7.8499 C26726.654 E.02371
G1 Z7.852 C26729.698 E.02379
G1 Z7.8536 C26732.129 E.01897
G1 Z7.8558 C26735.167 B-24.236 E.02368
G1 Z7.8576 C26737.602 E.01902
G1 Z7.8594 C26740.644 E.02377
G1 Z7.8613 C26743.073 E.01895
G1 Z7.8631 C26746.113 E.02369
G1 Z7.8648 C26749.158 E.02375
G1 Z7.8666 C26752.196 E.02375
G1 Z7.8684 C26754.626 E.01896
G1 Z7.8702 C26757.671 B-24.237 E.02373
G1 Z7.8716 C26760.103 E.01898
G1 Z7.8733 C26763.748 E.02841
G1 Z7.8759 C26766.791 E.02371
G1 Z7.8776 C26770.44 E.02845
G1 Z7.8791 C26772.87 E.01911
G1 Z7.8805 C26774.694 E.01430
G1 Z7.8821 C26777.13 E.01907
G1 Z7.8839 C26780.17 E.02375
G1 Z7.8858 C26783.207 E.02375
G1 Z7.8876 C26786.251 B-24.238 E.02383
G1 Z7.8895 C26788.684 E.01899
G1 Z7.8913 C26791.722 E.02367
G1 Z7.8932 C26794.762 E.02369
G1 Z7.895 C26797.806 E.02372
G1 Z7.8968 C26800.844 E.02369
G1 Z7.899 C26803.883 E.02371
G1 Z7.9007 C26806.928 E.02379
G1 Z7.9028 C26809.967 B-24.239 E.02380
G1 Z7.9043 C26812.397 E.01898
G1 Z7.9064 C26815.44 E.02378
G1 Z7.9083 C26817.874 E.01913
G1 Z7.9101 C26820.304 E.01898
G1 Z7.9119 C26823.342 E.02371
G1 Z7.9137 C26826.387 E.02381
G1 Z7.9154 C26828.819 E.01899
G1 Z7.9172 C26831.856 E.02369
G1 Z7.919 C26834.899 B-24.24 E.02379
G1 Z7.9208 C26837.941 E.02383
G1 Z7.9221 C26840.371 E.01906
G1 Z7.9236 C26843.411 E.02380
G1 Z7.9251 C26845.775 E.01859
G1 Z7.9275 C26849.013 E.02530
G1 Z7.9293 C26852.275 E.02548
G1 Z7.9317 C26855.559 E.02564
G1 Z7.9337 C26858.135 E.02016
G1 Z7.9356 C26861.098 E.02314
G1 Z7.9375 C26864.065 B-24.241 E.02316
G1 Z7.9394 C26867.033 E.02316
G1 Z7.9413 C26870.167 E.02446
G1 Z7.9433 C26873.209 E.02375
G1 Z7.9452 C26876.252 E.02376
G1 Z7.9471 C26879.289 E.02371
G1 Z7.9482 C26881.721 E.01905
G1 Z7.9497 C26884.157 E.01902
G1 Z7.9517 C26887.197 E.02374
G1 Z7.9532 C26889.627 B-24.242 E.01898
G1 Z7.9551 C26892.668 E.02377
G1 Z7.9566 C26895.104 E.01904
G1 Z7.9586 C26898.142 E.02368
G1 Z7.9606 C26901.789 E.02849
G1 Z7.9625 C26904.833 E.02381
G1 Z7.9645 C26907.871 E.02377
G1 Z7.9663 C26910.302 E.01899
G1 Z7.9681 C26913.346 E.02375
G1 Z7.9699 C26916.386 E.02374
G1 Z7.9718 C26919.424 B-24.243 E.02374
G1 Z7.974 C26922.467 E.02377
G1 Z7.9758 C26925.508 E.02373
G1 Z7.9781 C26928.546 E.02368
G1 Z7.9798 C26932.197 E.02851
G1 Z7.9823 C26935.238 E.02373
G1 Z7.9843 C26937.668 E.01899
G1 Z7.9861 C26940.708 E.02371
G1 Z7.988 C26943.752 E.02376
G1 Z7.9899 C26946.79 E.02372
G1 Z7.9918 C26949.829 B-24.244 E.02374
G1 Z7.9937 C26952.874 E.02380
G1 Z7.9956 C26955.913 E.02376
G1 Z7.9975 C26958.95 E.02375
G1 Z7.9986 C26961.386 E.01912
G1 Z8.0001 C26963.82 E.01901
G1 Z8.0022 C26966.857 E.02371
G1 Z8.0037 C26969.897 E.02381
G1 Z8.0057 C26972.333 E.01905
G1 Z8.0073 C26975.372 E.02379
G1 Z8.0093 C26978.41 E.02374
G1 Z8.0112 C26981.454 B-24.245 E.02377
G1 Z8.0132 C26984.494 E.02373
G1 Z8.0151 C26987.532 E.02372
G1 Z8.0171 C26990.575 E.02373
G1 Z8.0191 C26993.617 E.02372
G1 Z8.021 C26997.261 E.02848
G1 Z8.0229 C27000.305 E.02385
G1 Z8.025 C27002.739 E.01902
G1 Z8.0267 C27005.776 E.02369
G1 Z8.0289 C27008.816 E.02372
G1 Z8.0305 C27011.86 B-24.246 E.02376
G1 Z8.0329 C27014.898 E.02370
G1 Z8.0348 C27017.329 E.01900
G1 Z8.0366 C27020.373 E.02376
G1 Z8.0385 C27023.413 E.02375
G1 Z8.0404 C27026.451 E.02375
G1 Z8.0422 C27029.494 E.02381
G1 Z8.0441 C27032.535 E.02382
G1 Z8.046 C27034.965 E.01898
G1 Z8.0478 C27038.005 E.02370
G1 Z8.0491 C27041.05 E.02386
G1 Z8.0508 C27044.087 E.02378
G1 Z8.053 C27047.126 B-24.247 E.02378
G1 Z8.0547 C27050.171 E.02382
G1 Z8.057 C27053.21 E.02377
G1 Z8.0587 C27056.248 E.02376
G1 Z8.0607 C27059.292 E.02379
G1 Z8.0626 C27062.332 E.02375
G1 Z8.0645 C27065.37 E.02373
G1 Z8.0664 C27068.413 E.02377
G1 Z8.0684 C27071.454 E.02373
G1 Z8.0703 C27074.492 E.02370
G1 Z8.0722 C27077.533 E.02372
G1 Z8.0741 C27080.576 E.02373
G1 Z8.0762 C27083.614 B-24.248 E.02372
G1 Z8.0778 C27086.654 E.02378
G1 Z8.0798 C27089.09 E.01904
G1 Z8.0814 C27092.129 E.02375
G1 Z8.0835 C27094.559 E.01899
G1 Z8.0854 C27096.993 E.01902
G1 Z8.0873 C27100.036 E.02374
G1 Z8.0891 C27103.073 E.02372
G1 Z8.091 C27106.113 E.02376
G1 Z8.0928 C27109.158 E.02383
G1 Z8.0946 C27111.588 E.01899
G1 Z8.0965 C27114.626 E.02369
G1 Z8.0983 C27117.671 B-24.249 E.02375
G1 Z8.0996 C27120.103 E.01901
G1 Z8.1013 C27123.748 E.02846
G1 Z8.1038 C27126.791 E.02376
G1 Z8.1055 C27129.833 E.02372
G1 Z8.108 C27133.478 E.02846
G1 Z8.1099 C27136.521 E.02376
G1 Z8.1118 C27139.562 E.02374
G1 Z8.1137 C27142.6 E.02372
G1 Z8.1155 C27145.641 E.02374
G1 Z8.1174 C27148.684 E.02376
G1 Z8.1194 C27151.722 E.02371
G1 Z8.1213 C27154.762 E.02372
G1 Z8.1232 C27157.806 E.02375
G1 Z8.125 C27160.844 B-24.25 E.02371
G1 Z8.1271 C27163.883 E.02375
G1 Z8.1287 C27166.319 E.01904
G1 Z8.1308 C27169.359 E.02373
G1 Z8.1323 C27172.397 E.02380
G1 Z8.1343 C27174.83 E.01906
G1 Z8.1363 C27177.266 E.01911
G1 Z8.1381 C27180.304 E.02379
G1 Z8.1399 C27182.734 E.01899
G1 Z8.1418 C27185.779 E.02376
G1 Z8.1435 C27188.819 E.02374
G1 Z8.1453 C27191.856 E.02375
G1 Z8.1472 C27194.899 E.02384
G1 Z8.149 C27197.333 E.01902
G1 Z8.1503 C27200.371 E.02378
G1 Z8.1518 C27203.411 B-24.251 E.02381
G1 Z8.1542 C27206.621 E.02511
G1 Z8.1559 C27209.775 E.02467
G1 Z8.1583 C27212.956 E.02487
G1 Z8.16 C27216.152 E.02497
G1 Z8.162 C27219.179 E.02366
G1 Z8.1639 C27222.213 E.02370
G1 Z8.1658 C27225.251 E.02373
G1 Z8.1678 C27228.345 E.02416
G1 Z8.1698 C27231.383 E.02372
G1 Z8.1717 C27234.427 E.02375
G1 Z8.1737 C27237.467 E.02372
G1 Z8.1757 C27240.505 E.02370
G1 Z8.1776 C27243.548 E.02381
G1 Z8.179 C27245.982 E.01905
G1 Z8.1809 C27248.412 B-24.252 E.01900
G1 Z8.1824 C27251.451 E.02379
G1 Z8.1842 C27253.887 E.01910
G1 Z8.1864 C27256.319 E.01906
G1 Z8.1885 C27259.356 E.02369
G1 Z8.1904 C27263.007 E.02854
G1 Z8.1924 C27266.049 E.02381
G1 Z8.1942 C27269.086 E.02378
G1 Z8.1961 C27271.519 E.01902
G1 Z8.198 C27274.563 E.02375
G1 Z8.1999 C27277.601 E.02370
G1 Z8.2011 C27280.032 E.01901
G1 Z8.2027 C27283.076 E.02374
G1 Z8.205 C27286.116 E.02371
G1 Z8.2067 C27289.761 E.02849
G1 Z8.209 C27292.806 E.02382
G1 Z8.2107 C27295.846 E.02375
G1 Z8.2126 C27298.883 E.02373
G1 Z8.2145 C27301.926 B-24.253 E.02378
G1 Z8.2165 C27304.968 E.02377
G1 Z8.2184 C27308.005 E.02373
G1 Z8.2203 C27311.047 E.02376
G1 Z8.2223 C27314.09 E.02376
G1 Z8.2242 C27317.127 E.02371
G1 Z8.2262 C27320.167 E.02373
G1 Z8.2282 C27323.212 E.02385
G1 Z8.2296 C27325.642 E.01903
G1 Z8.2316 C27328.072 E.01900
G1 Z8.2331 C27331.116 E.02379
G1 Z8.2351 C27333.549 E.01903
G1 Z8.2372 C27335.979 E.01900
G1 Z8.2392 C27339.627 E.02850
G1 Z8.2412 C27342.671 E.02381
G1 Z8.2431 C27345.709 E.02374
G1 Z8.2452 C27348.748 E.02372
G1 Z8.2472 C27352.401 E.02856
G1 Z8.2492 C27355.439 E.02376
G1 Z8.2512 C27358.478 B-24.254 E.02374
G1 Z8.2523 C27360.914 E.01908
G1 Z8.2538 C27363.954 E.02380
G1 Z8.256 C27366.383 E.01900
G1 Z8.2575 C27369.425 E.02374
G1 Z8.2598 C27372.468 E.02376
G1 Z8.2614 C27375.506 E.02373
G1 Z8.2633 C27378.546 E.02376
G1 Z8.2652 C27381.59 E.02381
G1 Z8.2671 C27384.628 E.02376
G1 Z8.269 C27387.667 E.02377
G1 Z8.2709 C27390.712 E.02382
G1 Z8.2728 C27393.75 E.02377
G1 Z8.2747 C27396.788 E.02376
G1 Z8.2767 C27399.833 E.02381
G1 Z8.2789 C27402.873 E.02379
G1 Z8.2805 C27405.91 E.02379
G1 Z8.2827 C27408.344 E.01903
G1 Z8.2843 C27411.387 E.02374
G1 Z8.2866 C27414.425 E.02371
G1 Z8.2887 C27416.856 E.01901
G1 Z8.2907 C27420.509 E.02854
G1 Z8.2926 C27423.547 E.02377
G1 Z8.2945 C27426.586 E.02376
G1 Z8.2966 C27429.63 B-24.255 E.02377
G1 Z8.2986 C27432.669 E.02371
G1 Z8.3006 C27436.315 E.02850
G1 Z8.3025 C27439.36 E.02384
G1 Z8.3036 C27441.792 E.01910
G1 Z8.3051 C27444.221 E.01900
G1 Z8.3072 C27447.263 E.02378
G1 Z8.3086 C27449.698 E.01905
G1 Z8.3106 C27452.736 E.02378
G1 Z8.3122 C27455.167 E.01902
G1 Z8.3141 C27458.211 E.02378
G1 Z8.3159 C27461.251 E.02377
G1 Z8.3178 C27464.288 E.02375
G1 Z8.3197 C27467.332 E.02381
G1 Z8.3216 C27470.373 E.02381
G1 Z8.3234 C27473.411 E.02380
G1 Z8.3253 C27476.452 E.02382
G1 Z8.3273 C27479.495 E.02383
G1 Z8.3296 C27482.533 E.02377
G1 Z8.3313 C27485.573 E.02377
G1 Z8.3337 C27488.617 E.02378
G1 Z8.3353 C27491.655 E.02371
G1 Z8.3378 C27494.694 E.02371
G1 Z8.3399 C27497.739 E.02384
G1 Z8.3419 C27500.777 E.02377
G1 Z8.3438 C27503.815 E.02375
G1 Z8.3457 C27506.86 E.02379
G1 Z8.3477 C27509.9 E.02374
G1 Z8.3497 C27512.937 E.02370
G1 Z8.3516 C27515.98 B-24.256 E.02374
G1 Z8.3535 C27519.629 E.02852
G1 Z8.3546 C27522.059 E.01912
G1 Z8.3561 C27524.492 E.01905
G1 Z8.3582 C27527.536 E.02386
G1 Z8.3596 C27529.967 E.01906
G1 Z8.3616 C27532.397 E.01901
G1 Z8.3632 C27535.44 E.02385
G1 Z8.365 C27537.874 E.01904
G1 Z8.3668 C27540.911 E.02370
G1 Z8.3687 C27543.951 E.02373
G1 Z8.3706 C27546.995 E.02376
G1 Z8.3724 C27550.033 E.02373
G1 Z8.3743 C27553.072 E.02376
G1 Z8.3761 C27556.117 E.02381
G1 Z8.378 C27559.156 E.02376
G1 Z8.3803 C27562.194 E.02375
G1 Z8.3806 C27563.411 E.00997
G1 Z8.3829 C27566.455 E.02386
G1 Z8.3845 C27569.493 E.02379
G1 Z8.3869 C27572.532 E.02378
G1 Z8.3885 C27575.576 E.02379
G1 Z8.3905 C27578.615 E.02374
G1 Z8.3925 C27581.653 E.02372
G1 Z8.3945 C27584.698 E.02376
G1 Z8.3965 C27588.345 E.02852
G1 Z8.3985 C27591.383 E.02377
G1 Z8.4005 C27594.427 E.02378
G1 Z8.4025 C27597.467 E.02373
G1 Z8.4045 C27600.505 E.02371
G1 Z8.4064 C27603.548 E.02385
G1 Z8.4077 C27605.982 E.01913
G1 Z8.4096 C27608.412 E.01906
G1 Z8.411 C27610.842 E.01905
G1 Z8.413 C27613.887 E.02376
G1 Z8.4149 C27616.927 E.02383
G1 Z8.4171 C27619.356 E.01912
G1 Z8.4191 C27622.398 E.02377
G1 Z8.4211 C27625.441 E.02375
G1 Z8.423 C27628.479 E.02371
G1 Z8.4249 C27631.519 E.02373
G1 Z8.4268 C27634.563 E.02377
G1 Z8.4288 C27637.601 E.02371
G1 Z8.43 C27640.032 E.01902
G1 Z8.4315 C27643.076 E.02376
G1 Z8.4337 C27646.116 E.02374
G1 Z8.4354 C27649.153 E.02372
G1 Z8.4376 C27652.197 E.02378
G1 Z8.4393 C27655.238 E.02375
G1 Z8.4413 C27658.275 E.02371
G1 Z8.4432 C27661.317 E.02374
G1 Z8.4452 C27664.36 E.02375
G1 Z8.4472 C27668.005 E.02850
G1 Z8.4492 C27671.047 E.02382
G1 Z8.4511 C27674.09 E.02380
G1 Z8.4531 C27677.127 E.02373
G1 Z8.4551 C27680.167 E.02373
G1 Z8.457 C27682.603 E.01905
G1 Z8.4585 C27685.642 E.02379
G1 Z8.4603 C27688.072 E.01905
G1 Z8.4618 C27690.506 E.01905
G1 Z8.4637 C27692.941 E.01905
G1 Z8.4658 C27695.372 E.01902
G1 Z8.4679 C27699.018 E.02845
G1 Z8.4699 C27702.063 E.02377
G1 Z8.4719 C27705.102 E.02371
G1 Z8.4732 C27708.748 B-24.257 E.02846
G1 Z8.475 C27711.184 E.01911
G1 Z8.4763 C27713.617 B-24.256 E.01908
G1 Z8.4784 C27716.654 E.02370
G1 Z8.4804 C27719.695 B-24.257 E.02373
G1 Z8.4824 C27722.739 B-24.256 E.02379
G1 Z8.4839 C27725.169 B-24.257 E.01901
G1 Z8.486 C27728.207 E.02372
G1 Z8.4875 C27731.252 E.02382
G1 Z8.4898 C27734.291 E.02381
G1 Z8.4918 C27736.721 E.01911
G1 Z8.4937 C27739.764 E.02383
G1 Z8.4956 C27742.806 E.02381
G1 Z8.4976 C27745.843 B-24.256 E.02375
G1 Z8.4995 C27748.884 B-24.257 E.02377
G1 Z8.5015 C27751.928 B-24.256 E.02378
G1 Z8.5034 C27754.965 E.02371
G1 Z8.5054 C27758.005 B-24.257 E.02373
G1 Z8.5066 C27760.441 E.01906
G1 Z8.5082 C27763.48 B-24.256 E.02373
G1 Z8.5103 C27766.518 B-24.257 E.02376
G1 Z8.5118 C27769.562 E.02386
G1 Z8.514 C27771.995 B-24.256 E.01904
G1 Z8.5155 C27775.032 E.02374
G1 Z8.5177 C27778.074 B-24.257 E.02374
G1 Z8.5197 C27781.725 E.02855
G1 Z8.5217 C27784.762 B-24.256 E.02376
G1 Z8.5236 C27787.803 E.02377
G1 Z8.5254 C27790.239 E.01909
G1 Z8.5275 C27792.669 E.01904
G1 Z8.5295 C27795.707 E.02371
G1 Z8.5315 C27799.36 B-24.257 E.02854
G1 Z8.5326 C27801.792 B-24.256 E.01912
G1 Z8.5341 C27804.221 E.01902
G1 Z8.536 C27806.654 B-24.257 E.01903
G1 Z8.5375 C27809.698 B-24.256 E.02381
G1 Z8.5394 C27812.129 E.01904
G1 Z8.541 C27814.559 E.01901
G1 Z8.5429 C27817.602 E.02375
G1 Z8.5448 C27820.644 E.02374
G1 Z8.5467 C27823.681 E.02370
G1 Z8.5486 C27826.722 E.02373
G1 Z8.5505 C27829.766 E.02375
G1 Z8.5524 C27832.803 E.02370
G1 Z8.5544 C27835.843 E.02372
G1 Z8.5563 C27839.495 E.02853
G1 Z8.5586 C27842.533 E.02381
G1 Z8.5602 C27845.573 E.02383
G1 Z8.5625 C27848.617 E.02386
G1 Z8.5642 C27851.655 E.02381
G1 Z8.5666 C27854.694 E.02382
G1 Z8.5687 C27857.13 E.01912
G1 Z8.5707 C27860.17 E.02374
G1 Z8.5726 C27863.207 E.02370
G1 Z8.5746 C27866.251 E.02375
G1 Z8.5766 C27869.9 E.02850
G1 Z8.5786 C27872.937 E.02372
G1 Z8.5806 C27875.98 E.02375
G1 Z8.5826 C27879.629 E.02853
G1 Z8.5837 C27882.059 E.01914
G1 Z8.5852 C27884.492 E.01908
G1 Z8.5871 C27886.928 E.01907
G1 Z8.5891 C27889.359 E.01902
G1 Z8.5907 C27892.397 E.02380
G1 Z8.592 C27894.83 E.01913
G1 Z8.5939 C27897.8 E.02323
G1 Z8.5958 C27900.842 E.02379
G1 Z8.5977 C27903.911 E.02401
G1 Z8.5996 C27907.042 E.02449
G1 Z8.6015 C27910.041 E.02348
G1 Z8.6034 C27913.09 E.02387
G1 Z8.6053 C27916.185 E.02424
G1 Z8.6072 C27919.323 E.02457
G1 Z8.6098 C27923.411 E.03192
G1 Z8.6119 C27925.847 E.01907
G1 Z8.6135 C27928.885 E.02372
G1 Z8.6157 C27931.923 E.02373
G1 Z8.6174 C27934.968 E.02378
G1 Z8.6194 C27938.008 E.02373
G1 Z8.6215 C27941.653 E.02849
G1 Z8.6235 C27944.698 E.02382
G1 Z8.6255 C27947.738 E.02374
G1 Z8.6276 C27950.775 E.02370
G1 Z8.6297 C27954.427 E.02851
G1 Z8.6317 C27957.467 E.02374
G1 Z8.6338 C27960.505 E.02371
G1 Z8.6356 C27963.548 E.02384
G1 Z8.637 C27965.982 E.01911
G1 Z8.6388 C27968.412 B-24.255 E.01905
G1 Z8.6402 C27970.842 E.01903
G1 Z8.642 C27973.278 E.01907
G1 Z8.6441 C27975.712 E.01905
G1 Z8.6461 C27979.356 E.02849
G1 Z8.6481 C27982.398 E.02380
G1 Z8.6501 C27985.441 E.02379
G1 Z8.652 C27988.479 E.02374
G1 Z8.6539 C27991.519 E.02376
G1 Z8.6559 C27994.563 E.02378
G1 Z8.658 C27997.601 E.02372
G1 Z8.6591 C28000.032 E.01902
G1 Z8.6607 C28003.076 E.02378
G1 Z8.6628 C28006.116 E.02379
G1 Z8.6645 C28008.546 E.01901
G1 Z8.6666 C28011.587 E.02373
G1 Z8.6683 C28014.63 E.02375
G1 Z8.6703 C28017.668 E.02370
G1 Z8.6723 C28021.317 E.02851
G1 Z8.6743 C28024.36 E.02379
G1 Z8.6763 C28027.398 E.02372
G1 Z8.6783 C28030.438 E.02372
G1 Z8.6804 C28034.09 E.02853
G1 Z8.6824 C28037.127 E.02374
G1 Z8.6844 C28040.167 E.02373
G1 Z8.6862 C28042.603 E.01906
G1 Z8.6876 C28045.035 E.01902
G1 Z8.6894 C28047.465 E.01900
G1 Z8.6908 C28049.897 E.01902
G1 Z8.6929 C28053.549 E.02849
G1 Z8.6948 C28055.979 E.01904
G1 Z8.6963 C28058.41 E.01903
G1 Z8.6971 C28060.236 E.01444
G1 Z8.6992 C28063.279 B-24.254 E.02375
G1 Z8.7013 C28066.924 E.02849
G1 Z8.7031 C28069.357 E.01910
G1 Z8.7045 C28071.793 E.01909
G1 Z8.7063 C28074.224 E.01904
G1 Z8.7077 C28076.654 E.01902
G1 Z8.7098 C28079.695 E.02372
G1 Z8.7116 C28082.739 E.02380
G1 Z8.7132 C28085.169 E.01902
G1 Z8.7151 C28088.207 E.02378
G1 Z8.7167 C28090.643 E.01906
G1 Z8.7187 C28093.683 E.02377
G1 Z8.7208 C28096.113 E.01906
G1 Z8.7227 C28099.155 E.02376
G1 Z8.7247 C28102.198 E.02376
G1 Z8.7268 C28105.235 E.02370
G1 Z8.7287 C28108.884 E.02852
G1 Z8.7307 C28111.928 E.02382
G1 Z8.7329 C28114.965 E.02373
G1 Z8.7349 C28118.005 E.02373
G1 Z8.7359 C28120.441 E.01905
G1 Z8.7375 C28123.48 E.02375
G1 Z8.7395 C28125.91 E.01900
G1 Z8.741 C28128.953 E.02377
G1 Z8.743 C28131.995 E.02385
G1 Z8.7446 C28134.425 B-24.253 E.01903
G1 Z8.7463 C28136.856 E.01903
G1 Z8.7484 C28139.292 E.01907
G1 Z8.7505 C28142.94 E.02852
G1 Z8.7525 C28145.977 E.02374
G1 Z8.7536 C28148.413 E.01911
G1 Z8.755 C28150.847 E.01906
G1 Z8.7568 C28153.277 E.01902
G1 Z8.7582 C28155.707 E.01901
G1 Z8.7609 C28159.36 E.02855
G1 Z8.7622 C28161.792 E.01912
G1 Z8.7636 C28164.221 E.01904
G1 Z8.7656 C28166.654 E.01904
G1 Z8.7671 C28169.09 E.01905
G1 Z8.7688 C28171.521 E.01901
G1 Z8.7703 C28174.559 E.02380
G1 Z8.7722 C28177.602 E.02384
G1 Z8.774 C28180.644 E.02382
G1 Z8.7759 C28183.681 E.02376
G1 Z8.778 C28186.722 E.02375
G1 Z8.7799 C28189.766 E.02377
G1 Z8.7819 C28192.803 B-24.252 E.02370
G1 Z8.7839 C28195.843 B-24.253 E.02371
G1 Z8.7859 C28199.495 B-24.252 E.02852
G1 Z8.788 C28201.925 E.01900
G1 Z8.7897 C28204.964 E.02371
G1 Z8.7918 C28208.009 E.02378
G1 Z8.7935 C28211.048 E.02375
G1 Z8.7956 C28214.086 E.02376
G1 Z8.7977 C28216.521 E.01907
G1 Z8.7997 C28219.562 E.02372
G1 Z8.8018 C28223.207 E.02846
G1 Z8.8038 C28226.251 E.02378
G1 Z8.8049 C28228.684 E.01906
G1 Z8.8063 C28231.115 E.01904
G1 Z8.808 C28233.545 E.01902
G1 Z8.8101 C28235.98 E.01906
G1 Z8.8121 C28239.022 E.02373
G1 Z8.8132 C28241.452 E.01900
G1 Z8.8146 C28244.492 E.02379
G1 Z8.8164 C28246.928 E.01912
G1 Z8.8185 C28249.359 B-24.251 E.01907
G1 Z8.8206 C28252.397 E.02371
G1 Z8.8226 C28255.44 E.02374
G1 Z8.8246 C28258.704 E.02546
G1 Z8.8266 C28261.778 E.02398
G1 Z8.8287 C28264.891 E.02428
G1 Z8.8306 C28267.971 E.02402
G1 Z8.8325 C28271.006 E.02367
G1 Z8.8345 C28274.09 E.02405
G1 Z8.8365 C28277.22 E.02441
G1 Z8.8377 C28279.761 E.01985
G1 Z8.8394 C28282.802 E.02372
G1 Z8.8413 C28285.847 E.02380
G1 Z8.8429 C28288.885 E.02380
G1 Z8.845 C28291.316 E.01901
G1 Z8.8467 C28294.359 E.02375
G1 Z8.8487 C28298.008 B-24.25 E.02852
G1 Z8.8508 C28301.045 E.02373
G1 Z8.8525 C28303.479 E.01908
G1 Z8.8539 C28305.914 E.01908
G1 Z8.8557 C28308.345 E.01904
G1 Z8.8571 C28310.775 E.01902
G1 Z8.8589 C28313.209 E.01904
G1 Z8.8603 C28315.644 E.01904
G1 Z8.862 C28318.075 E.01901
G1 Z8.8634 C28320.505 E.01900
G1 Z8.8652 C28323.548 E.02384
G1 Z8.8667 C28325.982 E.01912
G1 Z8.8684 C28328.412 E.01906
G1 Z8.8699 C28330.842 E.01904
G1 Z8.8716 C28333.278 E.01908
G1 Z8.8736 C28335.712 E.01907
G1 Z8.8757 C28338.749 B-24.249 E.02369
G1 Z8.8777 C28341.789 E.02371
G1 Z8.8796 C28344.833 E.02374
G1 Z8.8816 C28348.479 E.02849
G1 Z8.8836 C28351.519 E.02379
G1 Z8.8856 C28354.563 E.02379
G1 Z8.8877 C28357.601 E.02371
G1 Z8.8888 C28360.032 E.01901
G1 Z8.8904 C28363.076 E.02380
G1 Z8.8924 C28365.508 E.01901
G1 Z8.894 C28368.546 E.02372
G1 Z8.896 C28371.587 E.02379
G1 Z8.8976 C28374.023 E.01904
G1 Z8.8997 C28377.668 E.02846
G1 Z8.9017 C28380.708 E.02374
G1 Z8.9038 C28383.752 B-24.248 E.02374
G1 Z8.9055 C28385.575 E.01437
G1 Z8.9066 C28388.005 E.01903
G1 Z8.9079 C28390.438 E.01905
G1 Z8.9097 C28392.874 E.01906
G1 Z8.9111 C28395.305 E.01902
G1 Z8.9128 C28397.735 E.01901
G1 Z8.9142 C28400.167 E.01902
G1 Z8.916 C28402.603 E.01904
G1 Z8.9174 C28405.035 E.01900
G1 Z8.9192 C28407.465 E.01899
G1 Z8.9206 C28410.506 E.02381
G1 Z8.9224 C28412.941 E.01913
G1 Z8.9245 C28415.372 E.01909
G1 Z8.9265 C28418.41 B-24.247 E.02372
G1 Z8.9285 C28421.454 E.02374
G1 Z8.9305 C28424.494 E.02370
G1 Z8.9317 C28426.924 E.01899
G1 Z8.9331 C28429.966 E.02377
G1 Z8.935 C28432.401 E.01905
G1 Z8.9364 C28434.831 E.01899
G1 Z8.9382 C28437.261 E.01899
G1 Z8.9396 C28439.695 E.01902
G1 Z8.9416 C28442.739 E.02381
G1 Z8.9431 C28445.169 E.01904
G1 Z8.9449 C28447.599 E.01900
G1 Z8.9463 C28450.643 E.02383
G1 Z8.9482 C28453.076 E.01904
G1 Z8.9502 C28455.506 B-24.246 E.01901
G1 Z8.9523 C28458.546 E.02371
G1 Z8.9543 C28462.198 E.02853
G1 Z8.9564 C28465.235 E.02373
G1 Z8.9584 C28468.275 E.02371
G1 Z8.9605 C28471.32 E.02374
G1 Z8.9619 C28474.965 E.02844
G1 Z8.9636 C28476.18 E.00965
G1 Z8.9646 C28478.614 E.01901
G1 Z8.9661 C28481.657 E.02379
G1 Z8.968 C28484.087 E.01901
G1 Z8.9695 C28486.518 E.01899
G1 Z8.9714 C28489.562 E.02378
G1 Z8.973 C28491.995 B-24.245 E.01902
G1 Z8.9748 C28494.425 E.01898
G1 Z8.9762 C28497.465 E.02378
G1 Z8.978 C28499.901 E.01910
G1 Z8.9794 C28502.332 E.01904
G1 Z8.9812 C28504.762 E.01902
G1 Z8.9826 C28507.194 E.01903
G1 Z8.9844 C28509.63 E.01904
G1 Z8.9859 C28512.062 E.01900
G1 Z8.9877 C28515.099 E.02375
G1 Z8.9891 C28517.533 E.01908
G1 Z8.9908 C28519.968 E.01908
G1 Z8.9929 C28522.399 E.01904
G1 Z8.9949 C28525.437 B-24.244 E.02370
G1 Z8.9969 C28528.481 E.02373
G1 Z8.9989 C28531.521 E.02370
G1 Z9.001 C28535.167 E.02846
G1 Z9.0031 C28538.211 E.02377
G1 Z9.0041 C28540.644 E.01905
G1 Z9.0055 C28543.073 E.01900
G1 Z9.0073 C28545.505 E.01901
G1 Z9.0095 C28547.941 E.01904
G1 Z9.0116 C28550.981 E.02370
G1 Z9.0134 C28554.626 E.02845
G1 Z9.0155 C28557.671 B-24.243 E.02377
G1 Z9.0167 C28560.103 E.01901
G1 Z9.0182 C28563.14 E.02373
G1 Z9.0203 C28565.573 E.01900
G1 Z9.0219 C28568.617 E.02375
G1 Z9.024 C28571.655 E.02374
G1 Z9.0256 C28574.086 E.01899
G1 Z9.0274 C28577.13 E.02383
G1 Z9.0288 C28579.562 E.01910
G1 Z9.0305 C28581.992 E.01907
G1 Z9.0319 C28584.424 E.01907
G1 Z9.0336 C28586.86 E.01910
G1 Z9.0351 C28589.292 B-24.242 E.01904
G1 Z9.0369 C28591.722 E.01900
G1 Z9.0383 C28594.153 E.01899
G1 Z9.04 C28596.589 E.01903
G1 Z9.0414 C28599.022 E.01900
G1 Z9.0432 C28601.452 E.01898
G1 Z9.0446 C28604.492 E.02378
G1 Z9.0464 C28606.928 E.01911
G1 Z9.0485 C28609.359 E.01907
G1 Z9.0505 C28612.397 E.02371
G1 Z9.0525 C28615.44 E.02373
G1 Z9.0545 C28618.597 B-24.241 E.02462
G1 Z9.0565 C28621.635 E.02369
G1 Z9.0585 C28624.707 E.02395
G1 Z9.0605 C28627.79 E.02403
G1 Z9.0625 C28630.883 E.02411
G1 Z9.0645 C28634.024 E.02448
G1 Z9.0665 C28637.212 E.02484
G1 Z9.0677 C28639.749 E.01980
G1 Z9.0694 C28642.802 E.02379
G1 Z9.0712 C28645.238 E.01902
G1 Z9.0727 C28648.278 B-24.24 E.02372
G1 Z9.0748 C28651.316 E.02376
G1 Z9.0763 C28653.749 E.01900
G1 Z9.0781 C28656.185 E.01902
G1 Z9.0795 C28658.615 E.01897
G1 Z9.0813 C28661.653 E.02377
G1 Z9.0827 C28664.088 E.01910
G1 Z9.0845 C28666.522 E.01907
G1 Z9.0859 C28668.952 E.01901
G1 Z9.0878 C28671.383 E.01900
G1 Z9.0892 C28673.818 E.01901
G1 Z9.091 C28676.252 B-24.239 E.01900
G1 Z9.0924 C28679.289 E.02376
G1 Z9.0942 C28681.721 E.01907
G1 Z9.0956 C28684.157 E.01907
G1 Z9.0974 C28686.589 E.01903
G1 Z9.0988 C28689.019 E.01900
G1 Z9.0999 C28690.842 E.01439
G1 Z9.1019 C28693.887 E.02375
G1 Z9.104 C28696.927 E.02369
G1 Z9.106 C28699.964 E.02367
G1 Z9.108 C28703.616 E.02851
G1 Z9.1099 C28706.656 B-24.238 E.02379
G1 Z9.112 C28709.694 E.02373
G1 Z9.1139 C28712.737 E.02374
G1 Z9.116 C28715.779 E.02371
G1 Z9.1178 C28718.208 E.01896
G1 Z9.1192 C28721.248 E.02377
G1 Z9.1212 C28723.685 E.01905
G1 Z9.1227 C28726.116 E.01897
G1 Z9.1247 C28729.153 B-24.237 E.02370
G1 Z9.1262 C28731.587 E.01900
G1 Z9.1281 C28734.63 E.02375
G1 Z9.1295 C28737.06 E.01902
G1 Z9.1312 C28739.491 E.01902
G1 Z9.1326 C28741.926 E.01904
G1 Z9.1344 C28744.36 E.01902
G1 Z9.1358 C28746.79 E.01898
G1 Z9.1376 C28749.221 E.01898
G1 Z9.139 C28751.656 E.01900
G1 Z9.1408 C28754.698 E.02380
G1 Z9.1422 C28757.127 B-24.236 E.01905
G1 Z9.144 C28759.559 E.01905
G1 Z9.1453 C28761.995 E.01906
G1 Z9.1471 C28764.427 E.01902
G1 Z9.1485 C28766.857 E.01900
G1 Z9.1503 C28769.288 E.01900
G1 Z9.1519 C28771.725 E.01904
G1 Z9.1545 C28774.765 E.02369
G1 Z9.1565 C28778.41 E.02844
G1 Z9.1585 C28781.454 B-24.235 E.02376
G1 Z9.1605 C28784.494 E.02371
G1 Z9.1616 C28786.924 E.01899
G1 Z9.1631 C28789.357 E.01898
G1 Z9.165 C28792.401 E.02377
G1 Z9.1665 C28794.831 E.01898
G1 Z9.1683 C28797.261 E.01896
G1 Z9.1697 C28799.695 E.01899
G1 Z9.1717 C28803.346 E.02849
G1 Z9.1737 C28806.383 B-24.234 E.02371
G1 Z9.1755 C28807.599 E.00961
G1 Z9.1765 C28810.643 E.02382
G1 Z9.1779 C28813.076 E.01910
G1 Z9.1797 C28815.506 E.01905
G1 Z9.1811 C28817.937 E.01902
G1 Z9.183 C28820.373 E.01903
G1 Z9.1845 C28822.806 E.01898
G1 Z9.1864 C28825.843 E.02374
G1 Z9.1877 C28828.275 E.01904
G1 Z9.1895 C28830.712 B-24.233 E.01908
G1 Z9.1909 C28833.143 E.01902
G1 Z9.1927 C28835.573 E.01899
G1 Z9.194 C28838.005 E.01900
G1 Z9.1959 C28840.441 E.01901
G1 Z9.1973 C28842.873 E.01897
G1 Z9.1992 C28845.91 E.02373
G1 Z9.2006 C28848.344 E.01903
G1 Z9.2025 C28850.779 E.01901
G1 Z9.2039 C28853.21 B-24.232 E.01897
G1 Z9.2058 C28856.248 E.02376
G1 Z9.2072 C28858.683 E.01907
G1 Z9.209 C28861.117 E.01903
G1 Z9.2104 C28863.547 E.01898
G1 Z9.2122 C28865.977 E.01897
G1 Z9.2137 C28868.413 E.01900
G1 Z9.2156 C28871.454 E.02375
G1 Z9.217 C28873.884 E.01898
G1 Z9.2189 C28876.315 B-24.231 E.01897
G1 Z9.2203 C28878.752 E.01901
G1 Z9.2213 C28880.576 E.01429
G1 Z9.2234 C28883.614 E.02366
G1 Z9.2254 C28887.263 E.02846
G1 Z9.2274 C28890.306 E.02377
G1 Z9.2294 C28893.344 E.02371
G1 Z9.2314 C28896.384 E.02370
G1 Z9.2335 C28899.428 B-24.23 E.02371
G1 Z9.2352 C28901.858 E.01896
G1 Z9.2366 C28904.288 E.01895
G1 Z9.2384 C28906.722 E.01898
G1 Z9.2404 C28909.158 E.01900
G1 Z9.2415 C28911.588 E.01895
G1 Z9.2429 C28914.018 E.01895
G1 Z9.2446 C28917.061 E.02380
G1 Z9.246 C28919.495 E.01909
G1 Z9.248 C28921.925 B-24.229 E.01898
G1 Z9.2496 C28924.964 E.02377
G1 Z9.2516 C28927.4 E.01903
G1 Z9.2531 C28930.44 E.02378
G1 Z9.2551 C28932.87 E.01898
G1 Z9.2565 C28935.302 E.01897
G1 Z9.2584 C28938.347 E.02382
G1 Z9.2598 C28940.777 E.01905
G1 Z9.2616 C28943.207 B-24.228 E.01902
G1 Z9.263 C28945.641 E.01903
G1 Z9.2648 C28948.077 E.01902
G1 Z9.2662 C28950.507 E.01895
G1 Z9.268 C28953.545 E.02375
G1 Z9.2695 C28955.98 E.01905
G1 Z9.2713 C28958.414 E.01902
G1 Z9.2727 C28960.844 E.01897
G1 Z9.2745 C28963.275 B-24.227 E.01897
G1 Z9.2759 C28965.71 E.01899
G1 Z9.2769 C28967.536 E.01434
G1 Z9.279 C28970.574 E.02366
G1 Z9.281 C28973.613 E.02366
G1 Z9.283 C28976.976 E.02620
G1 Z9.285 C28979.98 E.02342
G1 Z9.287 C28982.982 E.02340
G1 Z9.289 C28986.046 B-24.226 E.02387
G1 Z9.2909 C28989.164 E.02428
G1 Z9.2929 C28992.337 E.02471
G1 Z9.2947 C28994.753 E.01884
G1 Z9.296 C28997.194 E.01903
G1 Z9.2979 C28999.734 E.01980
G1 Z9.2997 C29002.802 E.02389
G1 Z9.3016 C29005.912 B-24.225 E.02421
G1 Z9.3036 C29008.644 E.02129
G1 Z9.3051 C29011.391 E.02140
G1 Z9.307 C29014.086 E.02101
G1 Z9.3084 C29016.655 E.02003
G1 Z9.3102 C29019.233 E.02011
G1 Z9.3116 C29021.815 E.02015
G1 Z9.3135 C29024.4 E.02018
G1 Z9.3149 C29026.985 B-24.224 E.02018
G1 Z9.3168 C29029.616 E.02055
G1 Z9.3182 C29031.991 E.01853
G1 Z9.3201 C29035.036 E.02382
G1 Z9.3215 C29037.467 E.01903
G1 Z9.3234 C29039.897 E.01898
G1 Z9.3248 C29042.329 E.01898
G1 Z9.3265 C29044.766 E.01901
G1 Z9.3279 C29047.197 B-24.223 E.01896
G1 Z9.3297 C29049.627 E.01895
G1 Z9.3317 C29052.059 E.01897
G1 Z9.3337 C29055.104 E.02370
G1 Z9.3357 C29058.749 E.02843
G1 Z9.3377 C29061.789 E.02374
G1 Z9.3396 C29064.833 E.02377
G1 Z9.341 C29067.871 B-24.222 E.02370
G1 Z9.3427 C29069.086 E.00956
G1 Z9.3438 C29071.519 E.01896
G1 Z9.3452 C29074.563 E.02381
G1 Z9.3469 C29076.994 E.01906
G1 Z9.3484 C29079.424 E.01901
G1 Z9.3501 C29081.857 E.01903
G1 Z9.3515 C29084.293 E.01904
G1 Z9.3533 C29086.723 B-24.221 E.01898
G1 Z9.3547 C29089.153 E.01896
G1 Z9.3565 C29091.587 E.01897
G1 Z9.358 C29094.63 E.02378
G1 Z9.3599 C29097.06 E.01899
G1 Z9.3614 C29099.491 E.01896
G1 Z9.3632 C29101.926 E.01897
G1 Z9.3647 C29104.968 B-24.22 E.02373
G1 Z9.3666 C29107.398 E.01895
G1 Z9.3681 C29109.829 E.01895
G1 Z9.3698 C29112.874 E.02380
G1 Z9.3713 C29115.305 E.01902
G1 Z9.3731 C29117.735 E.01897
G1 Z9.3746 C29120.167 E.01897
G1 Z9.3763 C29122.603 E.01899
G1 Z9.3777 C29125.035 B-24.219 E.01896
G1 Z9.3795 C29127.465 E.01894
G1 Z9.3808 C29129.897 E.01896
G1 Z9.3829 C29133.549 E.02850
G1 Z9.3849 C29136.587 E.02371
G1 Z9.3869 C29139.627 E.02370
G1 Z9.389 C29142.671 B-24.218 E.02372
G1 Z9.391 C29145.709 E.02366
G1 Z9.3929 C29148.748 E.02374
G1 Z9.3944 C29151.184 E.01900
G1 Z9.3964 C29153.617 E.01895
G1 Z9.3978 C29156.654 E.02368
G1 Z9.3996 C29159.086 E.01897
G1 Z9.4015 C29161.522 B-24.217 E.01901
G1 Z9.4036 C29164.561 E.02367
G1 Z9.4057 C29167.599 E.02364
G1 Z9.4069 C29170.034 E.01897
G1 Z9.4082 C29172.468 E.01896
G1 Z9.4099 C29174.898 E.01893
G1 Z9.4114 C29177.937 E.02374
G1 Z9.4132 C29180.373 B-24.216 E.01905
G1 Z9.4147 C29182.806 E.01899
G1 Z9.4165 C29185.235 E.01893
G1 Z9.4179 C29187.667 E.01894
G1 Z9.4197 C29190.712 E.02380
G1 Z9.4212 C29193.143 E.01903
G1 Z9.4229 C29195.573 E.01899
G1 Z9.4244 C29198.005 B-24.215 E.01897
G1 Z9.4261 C29200.441 E.01899
G1 Z9.4276 C29202.873 E.01894
G1 Z9.4294 C29205.91 E.02372
G1 Z9.4309 C29208.344 E.01903
G1 Z9.4327 C29210.779 E.01901
G1 Z9.4342 C29213.21 E.01895
G1 Z9.4359 C29215.64 B-24.214 E.01893
G1 Z9.4374 C29218.074 E.01896
G1 Z9.4392 C29221.117 E.02378
G1 Z9.4406 C29223.547 E.01902
G1 Z9.4423 C29225.977 E.01901
G1 Z9.4439 C29228.413 E.01900
G1 Z9.4458 C29230.847 E.01896
G1 Z9.4473 C29233.884 B-24.213 E.02368
G1 Z9.4491 C29236.315 E.01895
G1 Z9.4506 C29238.752 E.01898
G1 Z9.4517 C29240.576 E.01425
G1 Z9.4537 C29243.614 E.02364
G1 Z9.4557 C29247.263 E.02845
G1 Z9.4577 C29250.306 E.02377
G1 Z9.4597 C29253.344 B-24.212 E.02372
G1 Z9.4617 C29256.384 E.02371
G1 Z9.4637 C29259.428 E.02371
G1 Z9.4656 C29261.858 E.01896
G1 Z9.4668 C29264.288 E.01896
G1 Z9.4685 C29266.722 E.01898
G1 Z9.47 C29269.158 B-24.211 E.01899
G1 Z9.4717 C29271.588 E.01894
G1 Z9.4731 C29274.018 E.01893
G1 Z9.4749 C29276.452 E.01895
G1 Z9.4764 C29279.495 E.02375
G1 Z9.4782 C29281.925 E.01898
G1 Z9.4797 C29284.356 E.01895
G1 Z9.4815 C29286.791 B-24.21 E.01896
G1 Z9.483 C29289.833 E.02374
G1 Z9.4849 C29292.262 E.01895
G1 Z9.4864 C29294.694 E.01894
G1 Z9.4882 C29297.739 E.02379
G1 Z9.4897 C29300.17 E.01899
G1 Z9.4915 C29302.6 B-24.209 E.01894
G1 Z9.4931 C29305.032 E.01894
G1 Z9.4949 C29308.077 E.02376
G1 Z9.4964 C29310.507 E.01895
G1 Z9.4983 C29312.937 E.01892
G1 Z9.4998 C29315.98 E.02375
G1 Z9.5015 C29318.414 B-24.208 E.01900
G1 Z9.503 C29320.844 E.01894
G1 Z9.5047 C29323.275 E.01894
G1 Z9.5067 C29325.71 E.01897
G1 Z9.5088 C29328.752 E.02366
G1 Z9.5108 C29332.397 E.02841
G1 Z9.5128 C29335.345 B-24.207 E.02298
G1 Z9.5147 C29338.347 E.02339
G1 Z9.5167 C29341.316 E.02312
G1 Z9.5186 C29344.312 E.02333
G1 Z9.5207 C29347.41 E.02411
G1 Z9.5218 C29349.801 E.01863
G1 Z9.5232 C29352.228 B-24.206 E.01890
G1 Z9.5249 C29354.69 E.01917
G1 Z9.5264 C29357.176 E.01935
G1 Z9.5282 C29359.714 E.01975
G1 Z9.5301 C29362.802 E.02402
G1 Z9.5318 C29365.847 E.02372
G1 Z9.5336 C29368.278 B-24.205 E.01894
G1 Z9.5351 C29370.708 E.01891
G1 Z9.5369 C29373.749 E.02372
G1 Z9.5384 C29376.185 E.01900
G1 Z9.5402 C29378.615 E.01892
G1 Z9.5418 C29381.653 E.02371
G1 Z9.5436 C29384.088 E.01900
G1 Z9.5451 C29386.522 B-24.204 E.01895
G1 Z9.547 C29389.56 E.02371
G1 Z9.5485 C29391.991 E.01896
G1 Z9.5504 C29394.427 E.01896
G1 Z9.5519 C29397.467 E.02373
G1 Z9.5537 C29399.897 B-24.203 E.01896
G1 Z9.5552 C29402.329 E.01895
G1 Z9.5569 C29404.766 E.01899
G1 Z9.5583 C29407.197 E.01894
G1 Z9.56 C29409.627 E.01894
G1 Z9.5619 C29412.059 E.01896
G1 Z9.5639 C29415.104 E.02369
G1 Z9.5659 C29418.142 B-24.202 E.02363
G1 Z9.5678 C29421.18 E.02363
G1 Z9.5697 C29424.225 E.02369
G1 Z9.5713 C29427.264 E.02363
G1 Z9.573 C29430.302 E.02373
G1 Z9.5745 C29432.737 E.01906
G1 Z9.5762 C29435.171 B-24.201 E.01902
G1 Z9.5777 C29437.601 E.01895
G1 Z9.5794 C29440.032 E.01894
G1 Z9.5809 C29442.467 E.01897
G1 Z9.5826 C29444.901 E.01896
G1 Z9.5841 C29447.331 B-24.2 E.01892
G1 Z9.5858 C29449.761 E.01891
G1 Z9.5873 C29452.806 E.02378
G1 Z9.5891 C29455.238 E.01900
G1 Z9.5906 C29457.668 E.01894
G1 Z9.5924 C29460.099 E.01892
G1 Z9.5939 C29463.144 E.02377
G1 Z9.5958 C29465.575 B-24.199 E.01897
G1 Z9.5973 C29468.005 E.01892
G1 Z9.5991 C29470.438 E.01893
G1 Z9.6006 C29473.482 E.02373
G1 Z9.6024 C29475.913 E.01895
G1 Z9.6039 C29478.343 B-24.198 E.01891
G1 Z9.6058 C29480.776 E.01893
G1 Z9.6071 C29483.212 E.01895
G1 Z9.6089 C29485.642 E.01891
G1 Z9.6107 C29488.072 E.01891
G1 Z9.6128 C29491.725 E.02846
G1 Z9.6148 C29494.765 B-24.197 E.02369
G1 Z9.6168 C29497.802 E.02364
G1 Z9.6188 C29500.845 E.02368
G1 Z9.6207 C29503.887 E.02367
G1 Z9.622 C29506.317 E.01892
G1 Z9.6236 C29509.357 B-24.196 E.02370
G1 Z9.6255 C29511.793 E.01896
G1 Z9.6271 C29514.831 E.02368
G1 Z9.6289 C29517.261 E.01892
G1 Z9.6305 C29519.695 E.01893
G1 Z9.6325 C29523.346 E.02847
G1 Z9.6345 C29526.383 B-24.195 E.02369
G1 Z9.637 C29529.425 E.02370
G1 Z9.6381 C29531.86 E.01900
G1 Z9.6396 C29534.291 E.01897
G1 Z9.6413 C29536.721 E.01895
G1 Z9.6428 C29539.155 B-24.194 E.01896
G1 Z9.6446 C29541.59 E.01895
G1 Z9.6461 C29544.021 E.01891
G1 Z9.6479 C29547.059 E.02370
G1 Z9.6493 C29549.494 E.01900
G1 Z9.6511 C29551.928 E.01896
G1 Z9.6526 C29554.358 B-24.193 E.01891
G1 Z9.6544 C29557.397 E.02372
G1 Z9.6559 C29559.833 E.01901
G1 Z9.6577 C29562.265 E.01895
G1 Z9.6592 C29564.695 E.01892
G1 Z9.6609 C29567.126 E.01892
G1 Z9.6624 C29569.562 B-24.192 E.01895
G1 Z9.6642 C29572.602 E.02374
G1 Z9.6656 C29575.032 E.01900
G1 Z9.6674 C29577.465 E.01900
G1 Z9.6688 C29579.901 E.01901
G1 Z9.6705 C29582.332 B-24.191 E.01896
G1 Z9.672 C29584.762 E.01894
G1 Z9.6738 C29587.194 E.01894
G1 Z9.6754 C29590.239 E.02375
G1 Z9.6773 C29592.669 E.01892
G1 Z9.6788 C29595.707 E.02371
G1 Z9.6807 C29598.143 B-24.19 E.01899
G1 Z9.6822 C29600.576 E.01893
G1 Z9.6842 C29603.614 E.02362
G1 Z9.6862 C29606.654 E.02363
G1 Z9.6882 C29609.698 E.02366
G1 Z9.6901 C29612.736 B-24.189 E.02362
G1 Z9.6921 C29615.775 E.02362
G1 Z9.6941 C29619.428 E.02845
G1 Z9.6958 C29620.644 E.00950
G1 Z9.697 C29623.073 E.01890
G1 Z9.6982 C29625.505 B-24.188 E.01892
G1 Z9.7 C29627.941 E.01894
G1 Z9.7015 C29630.981 E.02373
G1 Z9.7032 C29633.411 E.01897
G1 Z9.7047 C29635.843 E.01895
G1 Z9.7065 C29638.279 E.01895
G1 Z9.708 C29640.711 B-24.187 E.01891
G1 Z9.7098 C29643.748 E.02369
G1 Z9.7113 C29646.182 E.01898
G1 Z9.7131 C29648.617 E.01896
G1 Z9.7146 C29651.048 E.01891
G1 Z9.7164 C29654.086 B-24.186 E.02371
G1 Z9.7179 C29656.521 E.01900
G1 Z9.7197 C29658.955 E.01895
G1 Z9.7213 C29661.385 E.01890
G1 Z9.7231 C29664.424 E.02372
G1 Z9.7246 C29666.86 E.01902
G1 Z9.7265 C29669.292 B-24.185 E.01892
G1 Z9.728 C29672.329 E.02369
G1 Z9.7299 C29674.762 E.01895
G1 Z9.7314 C29677.198 E.01894
G1 Z9.7332 C29680.237 E.02369
G1 Z9.7347 C29682.667 B-24.184 E.01896
G1 Z9.7357 C29683.883 E.00948
G1 Z9.7373 C29685.71 E.01424
G1 Z9.7393 C29688.752 E.02365
G1 Z9.7413 C29691.789 E.02360
G1 Z9.7433 C29695.231 B-24.183 E.02679
G1 Z9.7452 C29698.203 E.02314
G1 Z9.7471 C29701.138 E.02284
G1 Z9.7491 C29704.097 E.02302
G1 Z9.7506 C29707.197 E.02411
G1 Z9.7523 C29709.639 B-24.182 E.01900
G1 Z9.7537 C29712.111 E.01923
G1 Z9.7555 C29714.619 E.01950
G1 Z9.757 C29717.152 E.01969
G1 Z9.7588 C29719.681 E.01966
G1 Z9.7607 C29722.802 B-24.181 E.02425
G1 Z9.7624 C29725.847 E.02371
G1 Z9.7641 C29728.278 E.01893
G1 Z9.7656 C29730.708 E.01890
G1 Z9.7674 C29733.14 E.01890
G1 Z9.7689 C29736.185 B-24.18 E.02373
G1 Z9.7707 C29738.615 E.01893
G1 Z9.7722 C29741.045 E.01890
G1 Z9.7741 C29744.088 E.02375
G1 Z9.7756 C29746.522 E.01899
G1 Z9.7775 C29748.952 B-24.179 E.01890
G1 Z9.779 C29751.991 E.02369
G1 Z9.7809 C29754.427 E.01896
G1 Z9.7825 C29757.467 E.02373
G1 Z9.7843 C29759.897 E.01894
G1 Z9.7858 C29762.329 B-24.178 E.01893
G1 Z9.7875 C29764.766 E.01897
G1 Z9.7889 C29767.197 E.01893
G1 Z9.7909 C29770.234 E.02361
G1 Z9.7929 C29773.278 E.02366
G1 Z9.7949 C29776.319 B-24.177 E.02363
G1 Z9.7969 C29779.356 E.02360
G1 Z9.7988 C29782.398 E.02364
G1 Z9.8007 C29785.441 E.02365
G1 Z9.8025 C29787.871 B-24.176 E.01889
G1 Z9.8039 C29790.91 E.02370
G1 Z9.8057 C29793.346 E.01900
G1 Z9.8072 C29795.779 E.01894
G1 Z9.8091 C29798.208 E.01888
G1 Z9.8106 C29800.64 E.01890
G1 Z9.8121 C29803.076 B-24.175 E.01894
G1 Z9.8136 C29805.508 E.01890
G1 Z9.8153 C29807.938 E.01889
G1 Z9.8168 C29810.978 E.02372
G1 Z9.8185 C29813.414 E.01902
G1 Z9.82 C29815.846 B-24.174 E.01895
G1 Z9.8218 C29818.275 E.01890
G1 Z9.8233 C29820.708 E.01891
G1 Z9.8251 C29823.752 E.02374
G1 Z9.8266 C29826.183 E.01895
G1 Z9.8285 C29828.613 B-24.173 E.01890
G1 Z9.83 C29831.656 E.02373
G1 Z9.8319 C29834.09 E.01896
G1 Z9.8334 C29836.52 E.01889
G1 Z9.8353 C29839.559 E.02368
G1 Z9.8373 C29841.995 B-24.172 E.01900
G1 Z9.8393 C29845.035 E.02365
G1 Z9.8413 C29848.072 E.02361
G1 Z9.8434 C29851.116 E.02365
G1 Z9.8454 C29854.765 B-24.171 E.02843
G1 Z9.8473 C29857.802 E.02368
G1 Z9.8493 C29860.845 E.02372
G1 Z9.8512 C29863.887 E.02372
G1 Z9.8525 C29866.317 B-24.17 E.01897
G1 Z9.8541 C29868.748 E.01889
G1 Z9.8561 C29871.793 E.02368
G1 Z9.8577 C29874.831 E.02369
G1 Z9.8596 C29877.261 E.01891
G1 Z9.8611 C29879.695 B-24.169 E.01891
G1 Z9.8631 C29882.739 E.02365
G1 Z9.8651 C29886.383 E.02839
G1 Z9.8679 C29889.425 E.02370
G1 Z9.8689 C29891.86 B-24.168 E.01902
G1 Z9.8702 C29894.291 E.01899
G1 Z9.8719 C29896.721 E.01898
G1 Z9.8733 C29899.155 E.01899
G1 Z9.8751 C29901.59 E.01898
G1 Z9.8766 C29904.021 B-24.167 E.01892
G1 Z9.8784 C29906.451 E.01889
G1 Z9.8799 C29908.884 E.01890
G1 Z9.8817 C29911.928 E.02370
G1 Z9.8832 C29914.358 E.01890
G1 Z9.8851 C29916.788 B-24.166 E.01888
G1 Z9.8866 C29919.833 E.02371
G1 Z9.8884 C29922.265 E.01894
G1 Z9.8898 C29924.695 E.01891
G1 Z9.8916 C29927.126 E.01891
G1 Z9.893 C29929.562 B-24.165 E.01894
G1 Z9.8948 C29931.995 E.01891
G1 Z9.8962 C29934.425 E.01888
G1 Z9.8979 C29936.856 E.01889
G1 Z9.8994 C29939.292 E.01893
G1 Z9.9011 C29941.725 B-24.164 E.01890
G1 Z9.9025 C29944.154 E.01887
G1 Z9.9043 C29947.194 E.02369
G1 Z9.9059 C29949.63 E.01893
G1 Z9.9079 C29952.669 B-24.163 E.02366
G1 Z9.9094 C29955.099 E.01888
G1 Z9.9114 C29958.143 E.02370
G1 Z9.9129 C29960.576 E.01892
G1 Z9.9149 C29963.614 E.02361
G1 Z9.9169 C29966.654 B-24.162 E.02362
G1 Z9.9188 C29969.698 E.02365
G1 Z9.9207 C29972.736 E.02361
G1 Z9.9227 C29975.775 E.02362
G1 Z9.9247 C29978.82 B-24.161 E.02366
G1 Z9.9273 C29982.466 E.02840
G1 Z9.9284 C29984.896 E.01900
G1 Z9.9299 C29987.332 E.01902
G1 Z9.9317 C29989.766 B-24.16 E.01897
G1 Z9.9331 C29992.196 E.01890
G1 Z9.935 C29994.626 E.01888
G1 Z9.9365 C29997.671 E.02372
G1 Z9.9383 C30000.103 B-24.159 E.01893
G1 Z9.9398 C30002.533 E.01890
G1 Z9.9416 C30004.964 E.01889
G1 Z9.943 C30008.009 E.02376
G1 Z9.9449 C30010.44 E.01897
G1 Z9.9463 C30012.87 B-24.158 E.01893
G1 Z9.9481 C30015.302 E.01892
G1 Z9.9496 C30017.739 E.01894
G1 Z9.9514 C30020.777 E.02370
G1 Z9.9529 C30023.207 E.01896
G1 Z9.9547 C30025.641 B-24.157 E.01896
G1 Z9.9563 C30028.077 E.01893
G1 Z9.9582 C30031.115 E.02365
G1 Z9.9597 C30033.545 E.01888
G1 Z9.9617 C30036.589 B-24.156 E.02370
G1 Z9.9632 C30039.022 E.01892
G1 Z9.965 C30041.452 E.01888
G1 Z9.9664 C30043.883 E.01889
G1 Z9.9684 C30047.536 E.02845
G1 Z9.9705 C30050.574 B-24.155 E.02366
G1 Z9.9724 C30053.613 E.02366
G1 Z9.9744 C30056.572 E.02303
G1 Z9.9763 C30059.488 B-24.154 E.02269
G1 Z9.9782 C30062.384 E.02253
G1 Z9.9801 C30065.338 E.02297
G1 Z9.9818 C30067.8 E.01915
G1 Z9.9833 C30070.296 E.01941
G1 Z9.9851 C30072.831 B-24.153 E.01971
G1 Z9.9865 C30075.393 E.01991
G1 Z9.9884 C30077.99 E.02018
G1 Z9.9898 C30080.491 E.01943
G1 Z9.9914 C30082.802 E.01795
G1 Z9.993 C30085.847 B-24.152 E.02372
G1 Z9.9948 C30088.278 E.01894
G1 Z9.9962 C30090.708 E.01891
G1 Z9.998 C30093.14 E.01891
G1 Z9.9995 C30095.576 B-24.151 E.01893
G1 Z10.0013 C30098.615 E.02369
G1 Z10.0028 C30101.045 E.01893
G1 Z10.0046 C30103.479 E.01893
G1 Z10.0061 C30105.914 B-24.15 E.01892
G1 Z10.0081 C30108.952 E.02365
G1 Z10.0096 C30111.383 E.01889
G1 Z10.0116 C30114.427 E.02369
G1 Z10.0131 C30116.86 E.01890
G1 Z10.0151 C30119.897 B-24.149 E.02364
G1 Z10.0165 C30122.329 E.01893
G1 Z10.0175 C30124.157 E.01433
G1 Z10.0195 C30127.197 E.02366
G1 Z10.0216 C30130.234 B-24.148 E.02362
G1 Z10.0235 C30133.278 E.02366
G1 Z10.0255 C30136.319 E.02364
G1 Z10.0275 C30139.356 B-24.147 E.02361
G1 Z10.0294 C30142.398 E.02366
G1 Z10.0312 C30145.441 E.02369
G1 Z10.0331 C30147.871 E.01890
G1 Z10.0345 C30150.302 E.01889
G1 Z10.0364 C30153.346 B-24.146 E.02374
G1 Z10.0379 C30155.779 E.01895
G1 Z10.0398 C30158.208 E.01888
G1 Z10.0418 C30160.64 E.01890
G1 Z10.0429 C30163.076 B-24.145 E.01893
G1 Z10.0442 C30165.508 E.01890
G1 Z10.046 C30167.938 E.01889
G1 Z10.0474 C30170.37 E.01890
G1 Z10.0492 C30172.806 E.01893
G1 Z10.0506 C30175.846 B-24.144 E.02370
G1 Z10.0524 C30178.275 E.01894
G1 Z10.0539 C30180.708 E.01894
G1 Z10.0557 C30183.144 E.01894
G1 Z10.0572 C30185.575 B-24.143 E.01889
G1 Z10.0591 C30188.613 E.02365
G1 Z10.0606 C30191.047 E.01892
G1 Z10.0626 C30194.09 E.02370
G1 Z10.0641 C30196.52 B-24.142 E.01889
G1 Z10.066 C30199.559 E.02368
G1 Z10.0679 C30201.995 E.01900
G1 Z10.07 C30205.035 E.02365
G1 Z10.072 C30208.072 B-24.141 E.02362
G1 Z10.074 C30211.116 E.02366
G1 Z10.0759 C30214.157 E.02363
G1 Z10.0779 C30217.194 B-24.14 E.02360
G1 Z10.0798 C30220.236 E.02364
G1 Z10.0817 C30223.279 E.02366
G1 Z10.083 C30225.709 E.01889
G1 Z10.0847 C30228.748 B-24.139 E.02363
G1 Z10.0867 C30231.793 E.02371
G1 Z10.0883 C30234.224 E.01889
G1 Z10.0903 C30237.261 E.02362
G1 Z10.0918 C30239.695 E.01891
G1 Z10.0938 C30242.739 B-24.138 E.02365
G1 Z10.0957 C30245.776 E.02360
G1 Z10.0977 C30249.425 E.02843
G1 Z10.0997 C30252.468 B-24.137 E.02370
G1 Z10.1015 C30254.898 E.01896
G1 Z10.1028 C30257.329 E.01897
G1 Z10.1046 C30259.764 E.01899
G1 Z10.106 C30262.198 B-24.136 E.01897
G1 Z10.1078 C30264.628 E.01892
G1 Z10.1093 C30267.059 E.01890
G1 Z10.1112 C30270.103 E.02373
G1 Z10.1127 C30272.535 B-24.135 E.01893
G1 Z10.1146 C30274.965 E.01888
G1 Z10.1161 C30278.005 E.02366
G1 Z10.118 C30280.441 E.01894
G1 Z10.1194 C30282.873 B-24.134 E.01891
G1 Z10.1211 C30285.302 E.01888
G1 Z10.1225 C30287.735 E.01891
G1 Z10.1243 C30290.171 E.01893
G1 Z10.1257 C30292.602 E.01889
G1 Z10.1274 C30295.032 B-24.133 E.01888
G1 Z10.1288 C30297.465 E.01891
G1 Z10.1306 C30299.901 E.01893
G1 Z10.132 C30302.332 E.01889
G1 Z10.1338 C30304.762 B-24.132 E.01889
G1 Z10.1353 C30307.803 E.02368
G1 Z10.1373 C30310.239 E.01893
G1 Z10.1389 C30313.277 E.02362
G1 Z10.1408 C30316.315 B-24.131 E.02367
G1 Z10.1424 C30318.752 E.01895
G1 Z10.1436 C30320.576 E.01419
G1 Z10.1455 C30323.614 E.02361
G1 Z10.1475 C30326.654 B-24.13 E.02363
G1 Z10.1494 C30329.698 E.02367
G1 Z10.1513 C30332.736 E.02363
G1 Z10.1533 C30335.775 E.02364
G1 Z10.1553 C30338.82 B-24.129 E.02368
G1 Z10.1581 C30341.858 E.02362
G1 Z10.1591 C30344.288 E.01890
G1 Z10.1604 C30346.722 B-24.128 E.01892
G1 Z10.1622 C30349.766 E.02374
G1 Z10.1637 C30352.196 E.01893
G1 Z10.1656 C30354.626 E.01889
G1 Z10.1671 C30357.671 B-24.127 E.02373
G1 Z10.1689 C30360.103 E.01893
G1 Z10.1704 C30362.533 E.01891
G1 Z10.1722 C30364.964 E.01890
G1 Z10.1736 C30367.4 E.01893
G1 Z10.1754 C30370.44 B-24.126 E.02372
G1 Z10.1769 C30372.87 E.01897
G1 Z10.1786 C30375.302 E.01896
G1 Z10.1801 C30377.739 E.01898
G1 Z10.1819 C30380.17 B-24.125 E.01891
G1 Z10.1834 C30382.6 E.01889
G1 Z10.1852 C30385.032 E.01890
G1 Z10.1868 C30388.077 E.02370
G1 Z10.1887 C30391.115 B-24.124 E.02371
G1 Z10.1903 C30393.545 E.01891
G1 Z10.1922 C30396.589 E.02373
G1 Z10.1938 C30399.022 B-24.123 E.01893
G1 Z10.1958 C30401.452 E.01889
G1 Z10.197 C30403.883 E.01890
G1 Z10.1991 C30407.536 E.02847
G1 Z10.201 C30410.574 B-24.122 E.02369
G1 Z10.203 C30413.533 E.02306
G1 Z10.2049 C30416.474 E.02291
G1 Z10.2068 C30419.357 B-24.121 E.02245
G1 Z10.2087 C30422.214 E.02224
G1 Z10.2106 C30425.125 E.02265
G1 Z10.2123 C30427.627 E.01947
G1 Z10.2138 C30430.164 B-24.12 E.01974
G1 Z10.2157 C30432.74 E.02004
G1 Z10.2172 C30435.346 E.02026
G1 Z10.2191 C30437.987 E.02053
G1 Z10.2205 C30440.483 B-24.119 E.01940
G1 Z10.222 C30442.802 E.01803
G1 Z10.2236 C30445.847 E.02374
G1 Z10.2254 C30448.278 E.01898
G1 Z10.2268 C30450.708 B-24.118 E.01895
G1 Z10.2286 C30453.14 E.01894
G1 Z10.2301 C30455.576 E.01896
G1 Z10.2318 C30458.008 E.01891
G1 Z10.2333 C30460.438 B-24.117 E.01889
G1 Z10.2351 C30463.479 E.02370
G1 Z10.2366 C30465.914 E.01898
G1 Z10.2386 C30468.345 E.01890
G1 Z10.2402 C30471.383 B-24.116 E.02363
G1 Z10.2421 C30474.427 E.02373
G1 Z10.2438 C30476.86 E.01892
G1 Z10.2457 C30479.897 B-24.115 E.02365
G1 Z10.2472 C30482.329 E.01895
G1 Z10.2496 C30485.374 E.02368
G1 Z10.2516 C30488.412 E.02362
G1 Z10.2536 C30491.451 B-24.114 E.02362
G1 Z10.2555 C30494.495 E.02366
G1 Z10.2574 C30497.534 E.02362
G1 Z10.2593 C30500.572 B-24.113 E.02362
G1 Z10.2611 C30503.616 E.02369
G1 Z10.2624 C30506.049 E.01898
G1 Z10.264 C30508.479 E.01891
G1 Z10.2658 C30510.91 B-24.112 E.01890
G1 Z10.2673 C30513.955 E.02371
G1 Z10.2692 C30516.386 E.01891
G1 Z10.2708 C30519.424 E.02367
G1 Z10.2732 C30522.467 B-24.111 E.02369
G1 Z10.2744 C30524.901 E.01898
G1 Z10.2759 C30527.331 E.01896
G1 Z10.2776 C30529.761 B-24.11 E.01896
G1 Z10.279 C30532.197 E.01900
G1 Z10.2807 C30534.63 E.01896
G1 Z10.2822 C30537.06 E.01892
G1 Z10.284 C30539.491 B-24.109 E.01892
G1 Z10.2855 C30541.926 E.01894
G1 Z10.2872 C30544.968 E.02374
G1 Z10.2888 C30547.398 E.01893
G1 Z10.2907 C30550.438 B-24.108 E.02373
G1 Z10.2923 C30552.874 E.01897
G1 Z10.2943 C30555.913 E.02371
G1 Z10.2959 C30558.343 E.01892
G1 Z10.297 C30560.167 B-24.107 E.01422
G1 Z10.299 C30563.212 E.02368
G1 Z10.3011 C30566.25 E.02362
G1 Z10.303 C30569.288 B-24.106 E.02362
G1 Z10.305 C30572.333 E.02367
G1 Z10.307 C30575.372 E.02363
G1 Z10.3089 C30578.41 E.02362
G1 Z10.3108 C30581.454 B-24.105 E.02367
G1 Z10.3126 C30584.494 E.02365
G1 Z10.3147 C30587.532 E.02364
G1 Z10.3164 C30590.575 B-24.104 E.02370
G1 Z10.3184 C30593.617 E.02372
G1 Z10.3201 C30596.046 E.01890
G1 Z10.322 C30599.086 B-24.103 E.02367
G1 Z10.3238 C30601.522 E.01899
G1 Z10.3258 C30604.561 E.02367
G1 Z10.3277 C30607.599 B-24.102 E.02367
G1 Z10.3297 C30610.643 E.02370
G1 Z10.3315 C30613.683 E.02365
G1 Z10.333 C30616.113 E.01893
G1 Z10.3344 C30618.546 B-24.101 E.01895
G1 Z10.3361 C30620.982 E.01897
G1 Z10.3376 C30623.413 E.01893
G1 Z10.3394 C30625.843 E.01891
G1 Z10.341 C30628.884 B-24.1 E.02370
G1 Z10.3428 C30631.32 E.01896
G1 Z10.3444 C30634.358 E.02368
G1 Z10.3463 C30636.788 B-24.099 E.01891
G1 Z10.3479 C30639.833 E.02373
G1 Z10.3496 C30642.265 E.01898
G1 Z10.3511 C30644.695 E.01897
G1 Z10.3527 C30647.126 B-24.098 E.01898
G1 Z10.3542 C30649.562 E.01902
G1 Z10.3559 C30651.995 E.01899
G1 Z10.3573 C30654.425 E.01897
G1 Z10.3589 C30656.856 B-24.097 E.01899
G1 Z10.3604 C30659.292 E.01904
G1 Z10.3622 C30661.725 E.01903
G1 Z10.3639 C30664.154 E.01902
G1 Z10.3653 C30666.586 B-24.096 E.01900
G1 Z10.367 C30669.63 E.02376
G1 Z10.369 C30672.062 E.01893
G1 Z10.3706 C30675.099 B-24.095 E.02365
G1 Z10.3726 C30678.143 E.02375
G1 Z10.3742 C30680.576 E.01895
G1 Z10.3762 C30683.614 B-24.094 E.02364
G1 Z10.3781 C30686.654 E.02366
G1 Z10.38 C30689.698 E.02370
G1 Z10.3819 C30692.736 B-24.093 E.02368
G1 Z10.3838 C30695.775 E.02370
G1 Z10.3858 C30698.82 E.02375
G1 Z10.3878 C30701.858 E.02368
G1 Z10.3898 C30704.896 B-24.092 E.02366
G1 Z10.3916 C30707.332 E.01897
G1 Z10.3932 C30710.373 E.02372
G1 Z10.395 C30712.803 B-24.091 E.01894
G1 Z10.3966 C30715.843 E.02373
G1 Z10.3985 C30718.279 E.01899
G1 Z10.4 C30720.711 B-24.09 E.01894
G1 Z10.4017 C30723.14 E.01891
G1 Z10.4032 C30725.573 E.01894
G1 Z10.4049 C30728.617 E.02377
G1 Z10.4064 C30731.048 B-24.089 E.01901
G1 Z10.4081 C30733.478 E.01898
G1 Z10.4096 C30735.912 E.01900
G1 Z10.4113 C30738.347 E.01899
G1 Z10.4128 C30740.777 B-24.088 E.01894
G1 Z10.4145 C30743.207 E.01893
G1 Z10.416 C30745.641 E.01896
G1 Z10.418 C30748.684 B-24.087 E.02370
G1 Z10.4197 C30751.722 E.02370
G1 Z10.4216 C30754.153 E.01893
G1 Z10.4233 C30757.198 E.02372
G1 Z10.4252 C30760.237 B-24.086 E.02373
G1 Z10.4271 C30762.667 E.01901
G1 Z10.4291 C30765.71 E.02372
G1 Z10.431 C30768.752 B-24.085 E.02371
G1 Z10.433 C30771.789 E.02367
G1 Z10.4349 C30774.628 E.02211
G1 Z10.4368 C30777.536 B-24.084 E.02265
G1 Z10.4386 C30780.4 E.02230
G1 Z10.4405 C30783.273 E.02237
G1 Z10.4417 C30785.577 B-24.083 E.01796
G1 Z10.4432 C30788.154 E.02008
G1 Z10.445 C30790.775 E.02042
G1 Z10.4466 C30793.426 E.02065
G1 Z10.4485 C30796.119 B-24.082 E.02097
G1 Z10.4501 C30798.84 E.02119
G1 Z10.4527 C30802.802 E.03081
G1 Z10.4542 C30805.847 B-24.081 E.02380
G1 Z10.4559 C30808.278 E.01905
G1 Z10.4574 C30810.708 E.01903
G1 Z10.4591 C30813.14 B-24.08 E.01903
G1 Z10.4606 C30815.576 E.01904
G1 Z10.4623 C30818.008 E.01899
G1 Z10.4638 C30820.438 E.01896
G1 Z10.4655 C30822.87 B-24.079 E.01896
G1 Z10.4671 C30825.306 E.01898
G1 Z10.469 C30828.345 E.02367
G1 Z10.4707 C30831.383 B-24.078 E.02370
G1 Z10.4727 C30834.427 E.02379
G1 Z10.4744 C30836.86 E.01898
G1 Z10.4763 C30839.897 B-24.077 E.02369
G1 Z10.4782 C30842.329 E.01900
G1 Z10.4802 C30845.374 E.02373
G1 Z10.4821 C30848.412 B-24.076 E.02367
G1 Z10.4841 C30851.451 E.02367
G1 Z10.486 C30854.495 E.02372
G1 Z10.4879 C30857.534 B-24.075 E.02369
G1 Z10.4898 C30860.572 E.02370
G1 Z10.4916 C30863.616 E.02378
G1 Z10.4929 C30865.441 E.01427
G1 Z10.4945 C30868.479 B-24.074 E.02369
G1 Z10.4963 C30870.91 E.01896
G1 Z10.4979 C30873.955 E.02378
G1 Z10.4998 C30876.386 B-24.073 E.01897
G1 Z10.5015 C30879.424 E.02371
G1 Z10.5039 C30882.467 E.02374
G1 Z10.5055 C30885.508 B-24.072 E.02370
G1 Z10.5071 C30887.938 E.01898
G1 Z10.5085 C30890.37 E.01900
G1 Z10.5102 C30892.806 E.01903
G1 Z10.5117 C30895.238 B-24.071 E.01900
G1 Z10.5134 C30897.668 E.01897
G1 Z10.5149 C30900.099 E.01897
G1 Z10.5166 C30902.535 B-24.07 E.01900
G1 Z10.5181 C30905.575 E.02377
G1 Z10.5201 C30908.005 E.01897
G1 Z10.5217 C30911.047 E.02375
G1 Z10.5236 C30913.482 B-24.069 E.01900
G1 Z10.5253 C30916.52 E.02369
G1 Z10.5272 C30919.559 E.02375
G1 Z10.5291 C30921.995 B-24.068 E.01909
G1 Z10.5311 C30925.035 E.02374
G1 Z10.533 C30928.072 B-24.067 E.02372
G1 Z10.5349 C30931.116 E.02377
G1 Z10.5369 C30934.157 E.02376
G1 Z10.5388 C30937.194 B-24.066 E.02374
G1 Z10.5407 C30939.627 E.01898
G1 Z10.5425 C30942.671 E.02372
G1 Z10.5439 C30945.102 B-24.065 E.01898
G1 Z10.5457 C30948.14 E.02367
G1 Z10.5478 C30951.184 E.02372
G1 Z10.5495 C30954.224 B-24.064 E.02371
G1 Z10.5515 C30957.261 E.02371
G1 Z10.5531 C30959.695 E.01899
G1 Z10.555 C30962.739 E.02372
G1 Z10.557 C30965.776 B-24.063 E.02367
G1 Z10.5589 C30968.816 E.02370
G1 Z10.5609 C30971.86 B-24.062 E.02372
G1 Z10.5624 C30973.683 E.01434
G1 Z10.5636 C30976.113 E.01903
G1 Z10.565 C30978.546 E.01906
G1 Z10.5666 C30980.982 B-24.061 E.01909
G1 Z10.5681 C30983.413 E.01904
G1 Z10.5699 C30985.843 E.01901
G1 Z10.5715 C30988.275 E.01899
G1 Z10.5734 C30991.32 B-24.06 E.02375
G1 Z10.575 C30994.358 E.02375
G1 Z10.577 C30996.788 E.01899
G1 Z10.5786 C30999.833 B-24.059 E.02378
G1 Z10.5803 C31002.265 E.01906
G1 Z10.5817 C31004.695 E.01905
G1 Z10.5833 C31007.126 B-24.058 E.01906
G1 Z10.5848 C31009.562 E.01911
G1 Z10.5864 C31011.995 E.01910
G1 Z10.5879 C31014.425 E.01909
G1 Z10.5896 C31016.248 B-24.057 E.01430
G1 Z10.591 C31018.683 E.01902
G1 Z10.5924 C31020.509 E.01438
G1 Z10.5944 C31023.547 B-24.056 E.02370
G1 Z10.5958 C31025.977 E.01899
G1 Z10.5975 C31029.022 E.02375
G1 Z10.5995 C31032.062 B-24.055 E.02372
G1 Z10.6012 C31035.099 E.02372
G1 Z10.6032 C31038.143 E.02382
G1 Z10.6049 C31040.576 B-24.054 E.01902
G1 Z10.6068 C31043.614 E.02370
G1 Z10.6087 C31046.654 E.02372
G1 Z10.6106 C31049.698 B-24.053 E.02378
G1 Z10.6125 C31052.736 E.02376
G1 Z10.6144 C31055.167 E.01900
G1 Z10.6163 C31058.211 B-24.052 E.02374
G1 Z10.6183 C31061.251 E.02371
G1 Z10.6203 C31064.896 E.02846
G1 Z10.6221 C31067.332 B-24.051 E.01907
G1 Z10.6237 C31069.766 E.01902
G1 Z10.6256 C31072.803 E.02372
G1 Z10.6272 C31075.843 B-24.05 E.02380
G1 Z10.6291 C31078.279 E.01906
G1 Z10.6306 C31080.711 E.01902
G1 Z10.6323 C31083.14 B-24.049 E.01899
G1 Z10.6338 C31085.573 E.01902
G1 Z10.6355 C31088.009 E.01904
G1 Z10.637 C31090.44 E.01900
G1 Z10.6387 C31093.478 B-24.048 E.02378
G1 Z10.6401 C31095.912 E.01912
G1 Z10.6419 C31098.347 E.01912
G1 Z10.6433 C31100.777 B-24.047 E.01907
G1 Z10.645 C31103.207 E.01906
G1 Z10.6465 C31105.641 E.01908
G1 Z10.6485 C31108.684 B-24.046 E.02381
G1 Z10.6502 C31111.115 E.01901
G1 Z10.6522 C31114.153 E.02371
G1 Z10.6539 C31117.198 B-24.045 E.02379
G1 Z10.6558 C31120.237 E.02380
G1 Z10.6577 C31122.667 E.01909
G1 Z10.6597 C31125.71 B-24.044 E.02380
G1 Z10.6617 C31128.752 E.02379
G1 Z10.6636 C31131.789 E.02376
G1 Z10.6655 C31134.605 B-24.043 E.02203
G1 Z10.6673 C31137.476 E.02245
G1 Z10.6692 C31140.298 B-24.042 E.02207
G1 Z10.671 C31143.125 E.02210
G1 Z10.6722 C31145.416 E.01796
G1 Z10.6738 C31148.027 E.02043
G1 Z10.6756 C31150.679 B-24.041 E.02074
G1 Z10.6772 C31153.369 E.02103
G1 Z10.6791 C31156.099 E.02134
G1 Z10.6807 C31158.858 B-24.04 E.02156
G1 Z10.6833 C31162.802 E.03073
G1 Z10.6849 C31165.238 E.01907
G1 Z10.6865 C31167.671 B-24.039 E.01905
G1 Z10.688 C31170.1 E.01901
G1 Z10.6897 C31172.532 E.01904
G1 Z10.6911 C31175.576 B-24.038 E.02385
G1 Z10.6929 C31178.008 E.01913
G1 Z10.6943 C31180.438 E.01910
G1 Z10.6961 C31182.87 B-24.037 E.01910
G1 Z10.6975 C31185.306 E.01911
G1 Z10.6996 C31188.345 E.02379
G1 Z10.7013 C31191.383 B-24.036 E.02381
G1 Z10.7033 C31193.818 E.01907
G1 Z10.7049 C31196.86 E.02378
G1 Z10.707 C31199.897 B-24.035 E.02377
G1 Z10.7088 C31202.329 E.01909
G1 Z10.7108 C31205.374 E.02381
G1 Z10.7127 C31208.412 B-24.034 E.02375
G1 Z10.7147 C31211.451 E.02376
G1 Z10.7166 C31214.495 B-24.033 E.02382
G1 Z10.7185 C31217.534 E.02380
G1 Z10.7203 C31219.964 E.01904
G1 Z10.7221 C31223.007 B-24.032 E.02378
G1 Z10.7234 C31225.441 E.01910
G1 Z10.725 C31228.479 E.02382
G1 Z10.7269 C31230.91 B-24.031 E.01908
G1 Z10.7285 C31233.955 E.02388
G1 X8.9715 Z10.7304 C31236.386 E.01918
G1 Z10.7321 C31239.424 B-24.03 E.02379
G1 Z10.734 C31242.467 E.02382
G1 Z10.736 C31245.508 E.02379
G1 Z10.7377 C31247.938 B-24.029 E.01904
G1 Z10.7391 C31250.37 E.01906
G1 Z10.7408 C31252.806 E.01910
G1 Z10.7422 C31255.238 B-24.028 E.01907
G1 Z10.7439 C31257.668 E.01904
G1 Z10.7454 C31260.099 E.01904
G1 Z10.7471 C31262.535 E.01907
G1 Z10.7486 C31264.968 B-24.027 E.01903
G1 Z10.7506 C31268.005 E.02378
G1 Z10.7522 C31270.438 E.01901
G1 Z10.7542 C31273.482 B-24.026 E.02379
G1 Z10.7559 C31276.52 E.02377
G1 Z10.7579 C31279.559 B-24.025 E.02382
G1 Z10.7597 C31281.995 E.01912
G1 Z10.7617 C31285.035 E.02382
G1 Z10.7636 C31288.072 B-24.024 E.02381
G1 Z10.7655 C31290.506 E.01902
G1 Z10.7674 C31293.549 E.02378
G1 Z10.7693 C31296.587 B-24.023 E.02374
G1 Z10.7711 C31299.627 E.02377
G1 Z10.773 C31302.671 B-24.022 E.02384
G1 Z10.7744 C31305.102 E.01905
G1 Z10.7762 C31308.14 E.02377
G1 Z10.7783 C31311.184 B-24.021 E.02381
G1 Z10.78 C31314.224 E.02379
G1 Z10.7821 C31317.261 E.02378
G1 Z10.7838 C31319.695 B-24.02 E.01902
G1 Z10.7856 C31322.739 E.02379
G1 Z10.7875 C31325.776 E.02374
G1 Z10.7894 C31328.816 B-24.019 E.02377
G1 Z10.7914 C31331.86 E.02380
G1 Z10.7941 C31334.898 B-24.018 E.02374
G1 Z10.7951 C31337.329 E.01901
G1 Z10.7964 C31339.764 E.01905
G1 Z10.7982 C31342.198 B-24.017 E.01905
G1 Z10.7996 C31344.628 E.01902
G1 Z10.8015 C31347.667 E.02382
G1 Z10.8031 C31350.103 E.01904
G1 Z10.8051 C31353.143 B-24.016 E.02379
G1 Z10.8068 C31356.18 E.02381
G1 Z10.8088 C31358.614 B-24.015 E.01903
G1 Z10.8104 C31361.05 E.01904
G1 Z10.8119 C31363.48 E.01899
G1 Z10.8133 C31365.91 B-24.014 E.01900
G1 Z10.8149 C31368.344 E.01904
G1 Z10.8165 C31370.779 E.01905
G1 Z10.8181 C31373.21 B-24.013 E.01904
G1 Z10.8194 C31375.64 E.01904
G1 Z10.8214 C31378.683 E.02380
G1 Z10.8234 C31381.725 B-24.012 E.02379
G1 Z10.8254 C31384.762 E.02374
G1 Z10.8275 C31387.803 E.02377
G1 Z10.8292 C31390.847 B-24.011 E.02380
G1 Z10.8313 C31393.884 E.02375
G1 Z10.833 C31396.924 E.02379
G1 Z10.835 C31399.968 B-24.01 E.02386
G1 Z10.8368 C31402.399 E.01908
G1 Z10.8387 C31405.437 B-24.009 E.02382
G1 Z10.8406 C31407.872 E.01903
G1 Z10.8424 C31410.914 E.02379
G1 Z10.8443 C31413.951 B-24.008 E.02378
G1 Z10.8462 C31416.993 E.02384
G1 Z10.8482 C31420.036 B-24.007 E.02386
G1 Z10.8501 C31423.073 E.02381
G1 Z10.8514 C31425.505 E.01910
G1 Z10.853 C31427.941 B-24.006 E.01906
G1 Z10.8549 C31430.981 E.02382
G1 Z10.8565 C31433.411 E.01900
G1 Z10.8585 C31436.452 B-24.005 E.02379
G1 Z10.8601 C31439.495 E.02385
G1 Z10.8618 C31441.925 E.01909
G1 Z10.8632 C31444.356 B-24.004 E.01910
G1 Z10.8649 C31446.791 E.01913
G1 Z10.8664 C31449.225 E.01912
G1 Z10.8681 C31451.655 B-24.003 E.01909
G1 Z10.8695 C31454.086 E.01909
G1 Z10.8712 C31456.521 E.01912
G1 Z10.8727 C31458.955 B-24.002 E.01910
G1 Z10.8744 C31461.385 E.01907
G1 Z10.8758 C31463.815 E.01907
G1 Z10.8777 C31466.251 B-24.001 E.01907
G1 Z10.8794 C31469.292 E.02380
G1 Z10.8815 C31472.329 E.02379
G1 Z10.8831 C31475.371 B-24. E.02385
G1 Z10.8852 C31477.806 E.01904
G1 Z10.8868 C31480.844 E.02376
G1 Z10.8888 C31483.883 B-23.999 E.02376
G1 Z10.8908 C31486.928 E.02381
G1 Z10.8927 C31489.967 B-23.998 E.02377
G1 Z10.8946 C31493.216 E.02546
G1 Z10.8965 C31496.064 E.02233
G1 Z10.8983 C31498.859 B-23.997 E.02191
G1 Z10.9001 C31501.616 E.02160
G1 Z10.9019 C31504.415 B-23.996 E.02192
G1 Z10.9038 C31507.044 E.02058
G1 Z10.9053 C31509.71 E.02087
G1 Z10.9072 C31512.422 B-23.995 E.02122
G1 Z10.9088 C31515.167 E.02147
G1 Z10.9108 C31517.951 E.02177
G1 Z10.9123 C31520.444 B-23.994 E.01950
G1 Z10.9138 C31522.802 E.01844
G1 Z10.9153 C31525.238 E.01905
G1 Z10.917 C31527.671 B-23.993 E.01903
G1 Z10.9184 C31530.1 E.01900
G1 Z10.9201 C31532.532 E.01903
G1 Z10.9215 C31534.968 B-23.992 E.01906
G1 Z10.9232 C31537.4 E.01902
G1 Z10.9247 C31539.83 E.01901
G1 Z10.9264 C31542.261 B-23.991 E.01901
G1 Z10.9278 C31545.306 E.02390
G1 Z10.9299 C31547.738 E.01902
G1 Z10.9316 C31550.775 B-23.99 E.02375
G1 Z10.9337 C31553.818 E.02381
G1 Z10.9354 C31556.86 B-23.989 E.02381
G1 Z10.9374 C31559.897 E.02380
G1 Z10.9393 C31562.329 E.01907
G1 Z10.9412 C31565.374 B-23.988 E.02384
G1 Z10.9431 C31568.412 E.02379
G1 Z10.945 C31571.451 B-23.987 E.02381
G1 Z10.9469 C31574.495 E.02387
G1 Z10.9488 C31576.927 E.01902
G1 Z10.9506 C31579.964 B-23.986 E.02376
G1 Z10.9524 C31583.007 E.02385
G1 Z10.9537 C31585.441 E.01913
G1 Z10.9553 C31587.871 B-23.985 E.01902
G1 Z10.9573 C31590.91 E.02381
G1 Z10.9589 C31593.346 E.01906
G1 Z10.9609 C31596.386 B-23.984 E.02379
G1 Z10.9625 C31599.424 E.02381
G1 Z10.9645 C31602.467 B-23.983 E.02385
G1 Z10.9665 C31605.508 E.02382
G1 Z10.9681 C31607.938 E.01909
G1 Z10.9695 C31610.37 B-23.982 E.01912
G1 Z10.9711 C31612.806 E.01917
G1 Z10.9726 C31615.238 E.01915
G1 Z10.9742 C31617.668 B-23.981 E.01913
G1 Z10.9757 C31620.099 E.01913
G1 Z10.9774 C31622.535 E.01916
G1 Z10.9788 C31624.968 B-23.98 E.01913
G1 Z10.9809 C31627.398 E.01902
G1 Z10.9825 C31630.438 E.02379
G1 Z10.9846 C31633.482 B-23.979 E.02383
G1 Z10.9863 C31636.52 E.02381
G1 Z10.9883 C31639.559 B-23.978 E.02385
G1 Z10.9901 C31641.995 E.01916
G1 Z10.992 C31645.035 E.02386
G1 Z10.9939 C31647.465 B-23.977 E.01902
G1 Z10.9958 C31650.506 E.02379
G1 Z10.9977 C31653.549 B-23.976 E.02382
G1 Z10.9995 C31656.587 E.02380
G1 Z11.0014 C31659.627 E.02385
G1 Z11.0032 C31662.063 B-23.975 E.01907
G1 Z11.0046 C31664.494 E.01903
G1 Z11.0059 C31666.924 E.01907
G1 Z11.0073 C31668.748 B-23.974 E.01431
G1 Z11.0091 C31671.793 E.02382
G1 Z11.0112 C31674.831 B-23.973 E.02377
G1 Z11.0129 C31677.869 E.02377
G1 Z11.0142 C31680.305 E.01919
G1 Z11.016 C31682.739 B-23.972 E.01907
G1 Z11.0179 C31685.776 E.02378
G1 Z11.0198 C31688.816 E.02382
G1 Z11.0217 C31691.86 B-23.971 E.02385
G1 Z11.0237 C31694.898 E.02380
G1 Z11.0251 C31696.721 B-23.97 E.01444
G1 Z11.0263 C31698.546 E.01432
G1 Z11.0277 C31700.982 E.01908
G1 Z11.0294 C31703.413 B-23.969 E.01904
G1 Z11.031 C31706.451 E.02383
G1 Z11.033 C31708.884 E.01905
G1 Z11.0347 C31711.928 B-23.968 E.02383
G1 Z11.0367 C31714.965 E.02380
G1 Z11.0384 C31718.005 E.02386
G1 Z11.0396 C31719.833 B-23.967 E.01442
G1 Z11.041 C31721.05 E.00961
G1 Z11.0423 C31723.48 E.01904
G1 Z11.0436 C31725.91 B-23.966 E.01905
G1 Z11.0453 C31728.344 E.01910
G1 Z11.047 C31730.779 E.01913
G1 Z11.049 C31733.817 B-23.965 E.02380
G1 Z11.051 C31736.856 E.02380
G1 Z11.053 C31739.901 B-23.964 E.02384
G1 Z11.0549 C31742.94 E.02379
G1 Z11.0564 C31745.37 E.01904
G1 Z11.0582 C31749.022 B-23.963 E.02864
G1 Z11.0603 C31752.062 E.02388
G1 Z11.0621 C31754.492 B-23.962 E.01904
G1 Z11.0641 C31757.533 E.02380
G1 Z11.0658 C31760.576 E.02383
G1 Z11.0677 C31763.614 B-23.961 E.02380
G1 Z11.0696 C31766.654 E.02383
G1 Z11.0714 C31769.698 B-23.96 E.02391
G1 Z11.0732 C31772.129 E.01906
G1 Z11.0751 C31775.167 E.02381
G1 Z11.077 C31778.211 B-23.959 E.02388
G1 Z11.0789 C31781.251 E.02386
G1 Z11.0808 C31784.288 B-23.958 E.02383
G1 Z11.0827 C31786.722 E.01908
G1 Z11.0844 C31789.766 E.02387
G1 Z11.0863 C31792.803 B-23.957 E.02386
G1 Z11.088 C31795.234 E.01906
G1 Z11.09 C31798.279 B-23.956 E.02386
G1 Z11.0915 C31800.711 E.01907
G1 Z11.0931 C31803.14 E.01906
G1 Z11.0946 C31805.573 B-23.955 E.01909
G1 Z11.0962 C31808.009 E.01912
G1 Z11.0977 C31810.44 E.01908
G1 Z11.0993 C31812.87 B-23.954 E.01908
G1 Z11.1008 C31815.302 E.01910
G1 Z11.1024 C31817.739 E.01914
G1 Z11.1039 C31820.17 B-23.953 E.01909
G1 Z11.1055 C31822.6 E.01909
G1 Z11.107 C31825.032 E.01911
G1 Z11.1091 C31828.077 B-23.952 E.02388
G1 Z11.1109 C31831.115 E.02383
G1 Z11.1129 C31834.153 B-23.951 E.02384
G1 Z11.1146 C31837.198 E.02391
G1 Z11.1166 C31840.237 B-23.95 E.02389
G1 Z11.1184 C31842.667 E.01915
G1 Z11.1204 C31845.71 E.02391
G1 Z11.1223 C31848.752 B-23.949 E.02392
G1 Z11.1242 C31851.23 E.01944
G1 Z11.126 C31854.113 B-23.948 E.02260
G1 Z11.1278 C31856.945 E.02220
G1 Z11.1296 C31859.73 B-23.947 E.02183
G1 Z11.1314 C31862.515 E.02183
G1 Z11.1327 C31864.814 E.01805
G1 Z11.1343 C31867.532 B-23.946 E.02131
G1 Z11.1362 C31870.299 E.02169
G1 Z11.1379 C31873.103 E.02198
G1 Z11.1398 C31875.951 B-23.945 E.02232
G1 Z11.1415 C31878.831 E.02257
G1 Z11.1441 C31882.802 B-23.944 E.03108
G1 Z11.1461 C31885.896 E.02424
G1 Z11.1476 C31888.297 B-23.943 E.01885
G1 Z11.1492 C31890.713 E.01897
G1 Z11.1507 C31893.141 E.01906
G1 Z11.1523 C31895.58 B-23.942 E.01915
G1 Z11.1538 C31898.027 E.01921
G1 Z11.1554 C31900.48 E.01926
G1 Z11.1569 C31902.935 B-23.941 E.01928
G1 Z11.1587 C31905.584 E.02079
G1 Z11.1605 C31908.612 E.02374
G1 Z11.1626 C31911.635 B-23.94 E.02370
G1 Z11.1644 C31914.648 E.02363
G1 Z11.1664 C31917.467 B-23.939 E.02211
G1 Z11.1682 C31920.505 E.02381
G1 Z11.1701 C31923.548 B-23.938 E.02386
G1 Z11.172 C31926.589 E.02384
G1 Z11.1739 C31929.627 E.02383
G1 Z11.1758 C31932.668 B-23.937 E.02387
G1 Z11.1776 C31935.712 E.02392
G1 Z11.1795 C31938.142 B-23.936 E.01909
G1 Z11.1813 C31941.18 E.02384
G1 Z11.183 C31944.225 B-23.935 E.02394
G1 Z11.185 C31946.656 E.01910
G1 Z11.1867 C31949.694 E.02384
G1 Z11.1886 C31952.737 B-23.934 E.02393
G1 Z11.1903 C31955.171 E.01913
G1 Z11.1923 C31958.208 B-23.933 E.02383
G1 Z11.1941 C31960.64 E.01912
G1 Z11.196 C31963.685 E.02389
G1 Z11.198 C31966.723 B-23.932 E.02383
G1 Z11.1993 C31969.153 E.01912
G1 Z11.2007 C31971.587 B-23.931 E.01916
G1 Z11.2023 C31974.023 E.01919
G1 Z11.2037 C31976.453 E.01915
G1 Z11.2053 C31978.883 B-23.93 E.01915
G1 Z11.2068 C31981.317 E.01919
G1 Z11.2085 C31983.752 E.01919
G1 Z11.2102 C31986.183 B-23.929 E.01911
G1 Z11.2122 C31989.221 E.02384
G1 Z11.2139 C31992.265 B-23.928 E.02389
G1 Z11.216 C31995.305 E.02387
G1 Z11.2177 C31998.343 E.02387
G1 Z11.219 C32000.167 B-23.927 E.01444
G1 Z11.2209 C32003.212 E.02391
G1 Z11.2228 C32006.25 B-23.926 E.02388
G1 Z11.2246 C32009.288 E.02390
G1 Z11.2265 C32011.725 E.01917
G1 Z11.2284 C32014.765 B-23.925 E.02386
G1 Z11.2302 C32017.802 E.02387
G1 Z11.232 C32020.845 B-23.924 E.02396
G1 Z11.2338 C32023.279 E.01916
G1 Z11.2352 C32025.709 B-23.923 E.01919
G1 Z11.2365 C32027.532 E.01443
G1 Z11.2379 C32029.966 E.01922
G1 Z11.2392 C32031.793 E.01448
G1 Z11.2413 C32034.831 B-23.922 E.02385
G1 Z11.2431 C32037.869 E.02385
G1 Z11.2444 C32040.305 B-23.921 E.01928
G1 Z11.2462 C32042.739 E.01917
G1 Z11.2481 C32045.776 B-23.92 E.02387
G1 Z11.25 C32048.816 E.02391
G1 Z11.2519 C32051.86 E.02395
G1 Z11.2539 C32054.898 B-23.919 E.02390
G1 Z11.2558 C32057.937 E.02390
G1 Z11.2574 C32060.373 B-23.918 E.01925
G1 Z11.2588 C32062.806 E.01925
G1 Z11.2606 C32065.235 E.01919
G1 Z11.2623 C32068.275 B-23.917 E.02396
G1 Z11.2643 C32070.712 E.01919
G1 Z11.266 C32073.75 B-23.916 E.02387
G1 Z11.268 C32076.788 E.02388
G1 Z11.2698 C32079.833 B-23.915 E.02395
G1 Z11.2718 C32082.873 E.02391
G1 Z11.2738 C32085.91 E.02388
G1 Z11.2757 C32088.953 B-23.914 E.02392
G1 Z11.2777 C32091.995 E.02390
G1 Z11.2797 C32095.032 B-23.913 E.02386
G1 Z11.2817 C32098.074 E.02390
G1 Z11.2836 C32101.117 B-23.912 E.02391
G1 Z11.2856 C32104.154 E.02386
G1 X9.0215 Z11.2869 C32106.586 B-23.911 E.01934
G1 Z11.2882 C32108.413 E.01438
G1 Z11.2896 C32110.847 E.01922
G1 Z11.2916 C32113.884 B-23.91 E.02392
G1 Z11.2935 C32116.924 E.02395
G1 Z11.2955 C32119.968 B-23.909 E.02399
G1 Z11.2972 C32122.399 E.01918
G1 Z11.2991 C32124.829 E.01909
G1 Z11.3009 C32127.872 B-23.908 E.02392
G1 Z11.3027 C32130.914 E.02395
G1 Z11.3045 C32133.344 B-23.907 E.01909
G1 Z11.3064 C32136.384 E.02390
G1 Z11.3083 C32139.428 B-23.906 E.02394
G1 Z11.3102 C32142.466 E.02391
G1 Z11.3115 C32144.896 E.01914
G1 Z11.3133 C32147.941 B-23.905 E.02401
G1 Z11.3152 C32150.373 E.01912
G1 Z11.3169 C32153.411 B-23.904 E.02389
G1 Z11.3189 C32156.452 E.02394
G1 Z11.3207 C32159.495 E.02397
G1 Z11.3222 C32161.925 B-23.903 E.01920
G1 Z11.3237 C32163.748 E.01433
G1 Z11.3253 C32166.182 B-23.902 E.01913
G1 Z11.3268 C32168.617 E.01914
G1 Z11.3284 C32171.048 E.01911
G1 Z11.3298 C32173.478 B-23.901 E.01911
G1 Z11.3314 C32175.912 E.01915
G1 Z11.3329 C32178.347 E.01916
G1 Z11.3345 C32180.777 B-23.9 E.01913
G1 Z11.3359 C32183.207 E.01914
G1 Z11.3378 C32185.641 B-23.899 E.01914
G1 Z11.3396 C32188.684 E.02391
G1 Z11.3417 C32191.722 B-23.898 E.02387
G1 Z11.3435 C32194.762 E.02389
G1 Z11.3455 C32197.806 E.02392
G1 Z11.3473 C32200.844 B-23.897 E.02388
G1 Z11.3492 C32203.883 E.02389
G1 Z11.3511 C32206.928 B-23.896 E.02395
G1 Z11.353 C32209.967 E.02392
G1 Z11.3549 C32212.724 B-23.895 E.02169
G1 Z11.3567 C32215.539 E.02214
G1 Z11.3585 C32218.303 B-23.894 E.02174
G1 Z11.3603 C32221.023 E.02139
G1 Z11.362 C32223.776 E.02165
G1 Z11.3639 C32226.512 B-23.893 E.02151
G1 Z11.3656 C32229.29 E.02184
G1 Z11.3675 C32232.116 B-23.892 E.02221
G1 Z11.3692 C32234.979 E.02250
G1 Z11.3712 C32237.885 B-23.891 E.02284
G1 Z11.3731 C32240.403 E.01979
G1 Z11.3743 C32242.802 E.01885
G1 Z11.3762 C32245.827 B-23.89 E.02377
G1 Z11.3777 C32248.22 E.01881
G1 Z11.3793 C32250.625 B-23.889 E.01891
G1 Z11.3807 C32253.042 E.01900
G1 Z11.3823 C32255.472 E.01911
G1 Z11.3838 C32257.908 B-23.888 E.01916
G1 Z11.3854 C32260.352 E.01923
G1 Z11.3869 C32262.795 E.01922
G1 Z11.3887 C32265.46 B-23.887 E.02097
G1 Z11.3905 C32268.56 E.02439
G1 Z11.3926 C32271.652 B-23.886 E.02433
G1 Z11.3944 C32274.736 E.02427
G1 Z11.3965 C32277.467 B-23.885 E.02146
G1 Z11.3983 C32280.505 E.02388
G1 Z11.4002 C32283.548 B-23.884 E.02392
G1 Z11.4021 C32286.589 E.02391
G1 Z11.404 C32289.627 B-23.883 E.02390
G1 Z11.4058 C32292.668 E.02395
G1 Z11.4077 C32295.104 E.01915
G1 Z11.4095 C32298.142 B-23.882 E.02389
G1 Z11.4113 C32301.18 E.02394
G1 Z11.413 C32303.616 B-23.881 E.01916
G1 Z11.415 C32306.656 E.02392
G1 Z11.4167 C32309.694 B-23.88 E.02393
G1 Z11.4187 C32312.128 E.01913
G1 Z11.4204 C32315.171 B-23.879 E.02392
G1 Z11.4224 C32318.208 E.02388
G1 Z11.4242 C32320.64 E.01913
G1 Z11.4261 C32323.685 B-23.878 E.02395
G1 Z11.4278 C32326.723 E.02389
G1 Z11.4298 C32329.761 B-23.877 E.02389
G1 Z11.4313 C32332.197 E.01918
G1 Z11.4327 C32334.63 B-23.876 E.01917
G1 Z11.4343 C32337.06 E.01915
G1 Z11.4358 C32339.491 E.01917
G1 Z11.4374 C32341.926 B-23.875 E.01921
G1 Z11.4388 C32344.36 E.01920
G1 Z11.4409 C32347.398 B-23.874 E.02394
G1 Z11.4427 C32350.438 E.02396
G1 Z11.4448 C32353.482 E.02400
G1 Z11.4465 C32356.52 B-23.873 E.02396
G1 Z11.4486 C32358.95 E.01911
G1 Z11.4503 C32361.995 B-23.872 E.02402
G1 Z11.4522 C32364.427 E.01913
G1 Z11.454 C32367.465 B-23.871 E.02390
G1 Z11.4559 C32370.506 E.02395
G1 Z11.4577 C32373.549 B-23.87 E.02401
G1 Z11.4595 C32375.979 E.01913
G1 Z11.4613 C32379.018 B-23.869 E.02394
G1 Z11.4631 C32381.454 E.01916
G1 Z11.4646 C32383.887 E.01914
G1 Z11.466 C32386.317 B-23.868 E.01914
G1 Z11.4673 C32388.748 E.01921
G1 Z11.4687 C32390.575 E.01441
G1 Z11.47 C32393.009 B-23.867 E.01923
G1 Z11.4714 C32394.831 E.01438
G1 Z11.4732 C32397.869 B-23.866 E.02390
G1 Z11.4745 C32399.695 E.01438
G1 Z11.4763 C32402.739 E.02395
G1 Z11.4781 C32405.776 B-23.865 E.02392
G1 Z11.48 C32408.816 E.02397
G1 Z11.4819 C32411.86 B-23.864 E.02402
G1 Z11.4838 C32414.291 E.01912
G1 Z11.4857 C32417.329 B-23.863 E.02389
G1 Z11.4879 C32420.982 E.02878
G1 Z11.4894 C32422.806 B-23.862 E.01437
G1 Z11.491 C32425.843 E.02391
G1 Z11.493 C32428.884 E.02396
G1 Z11.4948 C32431.928 B-23.861 E.02400
G1 Z11.4968 C32434.965 E.02396
G1 Z11.4986 C32438.005 B-23.86 E.02399
G1 Z11.4998 C32439.833 E.01448
G1 Z11.5018 C32442.873 B-23.859 E.02395
G1 Z11.5038 C32445.91 E.02392
G1 Z11.5057 C32448.953 B-23.858 E.02397
G1 Z11.5077 C32451.995 E.02396
G1 Z11.5096 C32455.032 B-23.857 E.02392
G1 Z11.5116 C32458.074 E.02396
G1 Z11.5135 C32461.117 B-23.856 E.02398
G1 Z11.5154 C32464.154 E.02394
G1 Z11.5168 C32465.977 E.01438
G1 Z11.5181 C32468.413 B-23.855 E.01923
G1 Z11.5195 C32470.239 E.01441
G1 Z11.5208 C32472.669 E.01920
G1 Z11.5221 C32474.492 B-23.854 E.01440
G1 Z11.5242 C32477.533 E.02393
G1 Z11.526 C32480.576 B-23.853 E.02395
G1 Z11.5279 C32483.614 E.02393
G1 Z11.5297 C32486.654 B-23.852 E.02398
G1 Z11.5315 C32489.09 E.01919
G1 Z11.5333 C32492.129 B-23.851 E.02395
G1 Z11.5351 C32494.559 E.01913
G1 Z11.5369 C32497.602 E.02395
G1 Z11.5388 C32500.644 B-23.85 E.02396
G1 Z11.5407 C32503.681 E.02393
G1 Z11.5427 C32506.722 B-23.849 E.02400
G1 Z11.5444 C32509.158 E.01919
G1 Z11.5464 C32512.196 B-23.848 E.02392
G1 Z11.5481 C32515.234 E.02392
G1 Z11.5502 C32518.279 B-23.847 E.02399
G1 Z11.5517 C32520.711 E.01917
G1 Z11.5534 C32523.14 B-23.846 E.01916
G1 Z11.5546 C32525.573 E.01921
G1 Z11.5563 C32528.009 E.01925
G1 Z11.5577 C32530.44 B-23.845 E.01923
G1 Z11.5593 C32532.87 E.01924
G1 Z11.5607 C32534.694 E.01440
G1 Z11.5624 C32537.13 B-23.844 E.01919
G1 Z11.5638 C32539.562 E.01917
G1 Z11.5654 C32541.992 B-23.843 E.01916
G1 Z11.5668 C32544.424 E.01919
G1 Z11.5681 C32546.251 E.01443
G1 Z11.5695 C32548.684 B-23.842 E.01922
G1 Z11.5708 C32550.507 E.01441
G1 Z11.5729 C32553.545 B-23.841 E.02391
G1 Z11.5747 C32556.589 E.02396
G1 Z11.5768 C32559.629 B-23.84 E.02393
G1 Z11.5786 C32562.667 E.02399
G1 Z11.5805 C32565.101 E.01918
G1 Z11.5823 C32568.144 B-23.839 E.02396
G1 Z11.5842 C32571.181 B-23.838 E.02394
G1 Z11.586 C32574.221 E.02400
G1 Z11.5877 C32576.658 E.01922
G1 Z11.5895 C32579.696 B-23.837 E.02398
G1 Z11.5912 C32582.126 E.01917
G1 Z11.5926 C32584.56 B-23.836 E.01922
G1 Z11.5942 C32587.603 E.02403
G1 Z11.5962 C32590.033 B-23.835 E.01916
G1 Z11.5979 C32593.072 E.02395
G1 Z11.5999 C32596.117 B-23.834 E.02401
G1 Z11.6016 C32599.156 E.02397
G1 Z11.6038 C32601.586 B-23.833 E.01916
G1 Z11.6042 C32602.802 E.00970
G1 Z11.6062 C32605.847 E.02399
G1 Z11.6076 C32608.278 B-23.832 E.01919
G1 Z11.6092 C32610.708 E.01920
G1 Z11.6106 C32613.14 E.01923
G1 Z11.6122 C32615.576 B-23.831 E.01928
G1 Z11.6136 C32618.008 E.01926
G1 Z11.6153 C32620.438 E.01926
G1 Z11.6167 C32622.87 B-23.83 E.01928
G1 Z11.6185 C32625.306 E.01926
G1 Z11.6198 C32627.13 B-23.829 E.01444
G1 Z11.6212 C32629.56 E.01924
G1 Z11.6225 C32631.383 E.01445
G1 Z11.6238 C32633.818 B-23.828 E.01932
G1 Z11.6256 C32636.86 E.02403
G1 Z11.6277 C32639.897 B-23.827 E.02399
G1 Z11.6295 C32642.329 E.01925
G1 Z11.6314 C32645.374 B-23.826 E.02406
G1 Z11.6332 C32647.804 E.01918
G1 Z11.6351 C32650.842 B-23.825 E.02395
G1 Z11.6369 C32653.887 E.02403
G1 Z11.6387 C32656.319 B-23.824 E.01919
G1 Z11.6404 C32659.356 E.02395
G1 Z11.6422 C32662.398 E.02405
G1 Z11.6436 C32664.225 B-23.823 E.01447
G1 Z11.6453 C32667.264 E.02395
G1 Z11.6473 C32670.302 B-23.822 E.02396
G1 Z11.649 C32673.346 E.02403
G1 Z11.6511 C32676.386 B-23.821 E.02401
G1 Z11.6528 C32679.424 E.02399
G1 Z11.6547 C32682.467 B-23.82 E.02405
G1 Z11.6566 C32685.508 E.02405
G1 Z11.6585 C32688.546 B-23.819 E.02403
G1 Z11.6605 C32691.587 E.02404
G1 Z11.6621 C32693.414 B-23.818 E.01449
G1 Z11.6635 C32695.846 E.01921
G1 Z11.6651 C32698.275 E.01920
G1 Z11.6665 C32700.708 B-23.817 E.01924
G1 Z11.6682 C32703.144 E.01927
G1 Z11.6698 C32706.183 B-23.816 E.02402
G1 Z11.672 C32709.221 E.02401
G1 Z11.6737 C32712.265 B-23.815 E.02405
G1 Z11.6759 C32715.305 E.02402
G1 Z11.6776 C32718.343 B-23.814 E.02400
G1 Z11.6789 C32720.167 E.01450
G1 Z11.6808 C32723.212 B-23.813 E.02405
G1 Z11.6826 C32726.25 E.02403
G1 Z11.6844 C32728.68 E.01921
G1 Z11.6862 C32731.725 B-23.812 E.02404
G1 Z11.6881 C32734.765 E.02405
G1 Z11.6898 C32737.194 B-23.811 E.01922
G1 Z11.6916 C32740.236 E.02405
G1 Z11.6933 C32742.671 B-23.81 E.01926
G1 Z11.6948 C32745.102 E.01926
G1 Z11.6962 C32747.532 B-23.809 E.01931
G1 Z11.6976 C32749.357 E.01452
G1 Z11.6989 C32751.793 E.01933
G1 Z11.7003 C32753.617 B-23.808 E.01451
G1 Z11.7017 C32756.046 E.01928
G1 Z11.7043 C32759.695 B-23.807 E.02875
G1 Z11.7061 C32762.739 E.02403
G1 Z11.7079 C32765.776 B-23.806 E.02401
G1 Z11.7097 C32768.207 E.01923
G1 Z11.7116 C32771.252 B-23.805 E.02403
G1 Z11.7135 C32774.291 E.02399
G1 Z11.7154 C32777.329 B-23.804 E.02398
G1 Z11.7179 C32780.373 E.02403
G1 Z11.7191 C32782.806 B-23.803 E.01927
G1 Z11.7207 C32785.843 E.02404
G1 Z11.7227 C32788.884 B-23.802 E.02408
G1 Z11.7245 C32791.32 E.01927
G1 Z11.7266 C32794.358 B-23.801 E.02398
G1 Z11.7283 C32797.397 E.02399
G1 Z11.7296 C32799.833 E.01933
G1 Z11.7316 C32802.873 B-23.8 E.02404
G1 Z11.7335 C32805.91 E.02403
G1 Z11.7354 C32808.953 B-23.799 E.02408
G1 Z11.7374 C32811.995 B-23.798 E.02408
G1 Z11.7393 C32815.032 E.02404
G1 Z11.7412 C32818.074 E.02410
G1 Z11.7431 C32820.509 B-23.797 E.01928
G1 Z11.745 C32823.547 B-23.796 E.02399
G1 Z11.7464 C32825.977 E.01929
G1 Z11.7477 C32827.803 E.01455
G1 Z11.7491 C32830.239 B-23.795 E.01932
G1 Z11.7505 C32832.669 E.01935
G1 Z11.7531 C32836.315 B-23.794 E.02875
G1 Z11.7545 C32838.752 E.01936
G1 Z11.7558 C32840.576 E.01456
G1 Z11.7576 C32843.614 B-23.793 E.02403
G1 Z11.7594 C32846.654 E.02409
G1 Z11.7612 C32849.09 B-23.792 E.01932
G1 X9.0717 Z11.7629 C32852.129 E.02420
G1 Z11.7647 C32854.559 B-23.791 E.01921
G1 Z11.7665 C32857.602 E.02407
G1 Z11.7684 C32860.644 B-23.79 E.02410
G1 Z11.7703 C32863.073 E.01919
G1 Z11.7723 C32866.113 B-23.789 E.02402
G1 Z11.774 C32869.158 E.02407
G1 Z11.776 C32872.196 B-23.788 E.02403
G1 Z11.7778 C32875.234 E.02403
G1 Z11.7799 C32878.279 B-23.787 E.02409
G1 Z11.7816 C32880.711 E.01923
G1 Z11.7836 C32883.748 B-23.786 E.02400
G1 Z11.7849 C32886.182 E.01926
G1 Z11.7865 C32888.617 B-23.785 E.01928
G1 Z11.7879 C32891.048 E.01927
G1 Z11.7893 C32893.478 E.01929
G1 Z11.7909 C32895.302 B-23.784 E.01441
G1 Z11.7923 C32897.739 E.01926
G1 Z11.7939 C32900.17 B-23.783 E.01922
G1 Z11.7955 C32902.6 E.01923
G1 Z11.7971 C32905.032 B-23.782 E.01922
G1 Z11.7985 C32907.468 E.01930
G1 Z11.7998 C32909.292 E.01442
G1 Z11.8012 C32911.722 B-23.781 E.01926
G1 Z11.8025 C32913.545 E.01442
G1 Z11.8038 C32915.98 E.01932
G1 Z11.8051 C32917.806 B-23.78 E.01447
G1 Z11.8069 C32920.844 E.02402
G1 Z11.8088 C32923.883 B-23.779 E.02404
G1 Z11.8107 C32926.928 E.02411
G1 Z11.8125 C32929.386 B-23.778 E.01942
G1 Z11.8143 C32932.216 E.02236
G1 Z11.8161 C32934.998 B-23.777 E.02198
G1 Z11.8179 C32937.732 E.02160
G1 Z11.8196 C32940.418 B-23.776 E.02122
G1 Z11.8213 C32943.126 E.02140
G1 Z11.8232 C32945.969 B-23.775 E.02246
G1 Z11.8249 C32948.857 E.02282
G1 Z11.8269 C32951.798 B-23.774 E.02324
G1 Z11.8287 C32954.778 E.02355
G1 Z11.8308 C32957.805 B-23.773 E.02392
G1 Z11.8326 C32960.345 E.02007
G1 Z11.8338 C32962.802 B-23.772 E.01942
G1 Z11.8352 C32965.238 E.01930
G1 Z11.8371 C32968.278 E.02405
G1 Z11.8387 C32970.708 B-23.771 E.01926
G1 Z11.8401 C32973.14 E.01931
G1 Z11.8417 C32975.576 B-23.77 E.01936
G1 Z11.8431 C32977.4 E.01442
G1 Z11.8447 C32979.83 B-23.769 E.01921
G1 Z11.8461 C32982.261 E.01923
G1 Z11.848 C32985.306 E.02415
G1 Z11.8506 C32988.952 B-23.768 E.02881
G1 Z11.852 C32991.383 B-23.767 E.01926
G1 Z11.8533 C32993.209 E.01444
G1 Z11.8546 C32995.644 E.01930
G1 Z11.856 C32997.467 B-23.766 E.01443
G1 Z11.8573 C32999.897 E.01929
G1 Z11.859 C33002.329 E.01929
G1 Z11.8609 C33005.374 B-23.765 E.02414
G1 Z11.8627 C33007.804 E.01921
G1 Z11.8645 C33010.842 B-23.764 E.02403
G1 Z11.8663 C33013.887 E.02413
G1 Z11.8681 C33016.319 B-23.763 E.01924
G1 Z11.8698 C33019.356 E.02406
G1 Z11.8715 C33021.789 B-23.762 E.01925
G1 Z11.8729 C33024.225 E.01928
G1 Z11.8747 C33027.264 B-23.761 E.02404
G1 Z11.8767 C33030.302 E.02405
G1 Z11.8785 C33033.346 B-23.76 E.02411
G1 Z11.8805 C33036.386 E.02408
G1 Z11.8824 C33039.424 B-23.759 E.02406
G1 Z11.8842 C33042.467 E.02413
G1 Z11.8861 C33044.901 B-23.758 E.01924
G1 Z11.8881 C33047.938 E.02400
G1 Z11.89 C33050.978 B-23.757 E.02403
G1 Z11.892 C33054.023 B-23.756 E.02407
G1 Z11.8935 C33056.453 E.01922
G1 Z11.8949 C33058.883 E.01923
G1 Z11.8965 C33061.317 B-23.755 E.01927
G1 Z11.8979 C33063.752 E.01929
G1 Z11.8993 C33065.575 B-23.754 E.01443
G1 Z11.9006 C33068.005 E.01929
G1 Z11.9019 C33069.829 E.01446
G1 Z11.9032 C33072.265 B-23.753 E.01937
G1 Z11.9058 C33075.913 E.02883
G1 Z11.9072 C33078.343 B-23.752 E.01928
G1 Z11.9085 C33080.167 E.01446
G1 Z11.9103 C33083.212 B-23.751 E.02411
G1 Z11.9121 C33085.642 E.01922
G1 Z11.9139 C33088.68 B-23.75 E.02403
G1 Z11.9157 C33091.725 E.02413
G1 Z11.9174 C33094.157 B-23.749 E.01924
G1 Z11.9192 C33097.194 E.02405
G1 Z11.9209 C33099.627 B-23.748 E.01925
G1 Z11.9227 C33102.671 E.02412
G1 Z11.9241 C33104.494 E.01443
G1 Z11.9255 C33106.924 B-23.747 E.01923
G1 Z11.9269 C33109.357 E.01929
G1 Z11.9284 C33111.184 B-23.746 E.01447
G1 Z11.9297 C33113.617 E.01927
G1 Z11.9311 C33116.046 E.01931
G1 Z11.9338 C33119.695 B-23.745 E.02884
G1 Z11.9355 C33122.739 B-23.744 E.02409
G1 Z11.9373 C33125.776 E.02408
G1 Z11.9391 C33128.207 B-23.743 E.01924
G1 Z11.941 C33131.252 E.02409
G1 Z11.9429 C33134.291 B-23.742 E.02406
G1 Z11.9448 C33137.329 E.02406
G1 Z11.9467 C33140.373 B-23.741 E.02411
G1 Z11.9487 C33143.413 E.02407
G1 Z11.9507 C33146.451 B-23.74 E.02406
G1 Z11.9525 C33149.494 E.02410
G1 Z11.9546 C33152.535 B-23.739 E.02408
G1 Z11.9559 C33154.358 E.01445
G1 Z11.9572 C33156.788 B-23.738 E.01930
G1 Z11.9585 C33158.614 E.01450
G1 Z11.9603 C33161.05 B-23.737 E.01929
G1 Z11.9622 C33164.087 E.02403
G1 Z11.9641 C33167.126 B-23.736 E.02405
G1 Z11.966 C33170.171 E.02411
G1 Z11.9679 C33173.21 B-23.735 E.02407
G1 Z11.9698 C33176.248 E.02408
G1 Z11.9717 C33179.292 B-23.734 E.02414
G1 Z11.9735 C33181.725 E.01926
G1 Z11.9751 C33184.762 B-23.733 E.02408
G1 Z11.9765 C33186.586 E.01447
G1 Z11.9778 C33189.022 B-23.732 E.01933
G1 Z11.9792 C33191.454 E.01936
G1 Z11.9806 C33193.277 E.01449
G1 Z11.982 C33195.707 B-23.731 E.01933
G1 Z11.9833 C33197.533 E.01452
G1 Z11.9846 C33199.968 E.01939
G1 Z11.9863 C33202.399 B-23.73 E.01935
G1 Z11.9881 C33204.829 B-23.729 E.01926
G1 Z11.9898 C33207.872 E.02413
G1 Z11.9916 C33210.306 B-23.728 E.01929
G1 Z11.9934 C33213.344 E.02409
G1 Z11.9951 C33215.775 B-23.727 E.01926
G1 Z11.997 C33218.82 E.02412
G1 Z11.9988 C33221.858 B-23.726 E.02410
G1 Z12.0002 C33224.288 E.01932
G1 Z12.002 C33227.332 E.02416
G1 Z12.004 C33230.373 B-23.725 E.02415
G1 Z12.0059 C33232.803 B-23.724 E.01925
G1 Z12.0079 C33236.452 E.02893
G1 Z12.0092 C33238.279 B-23.723 E.01456
G1 Z12.011 C33240.711 E.01929
G1 Z12.0129 C33243.748 B-23.722 E.02405
G1 Z12.0148 C33246.791 E.02409
G1 Z12.0161 C33248.617 E.01459
G1 Z12.0173 C33251.048 B-23.721 E.01936
G1 Z12.0188 C33252.87 E.01448
G1 Z12.0202 C33255.302 B-23.72 E.01929
G1 Z12.0216 C33257.739 E.01935
G1 Z12.0232 C33260.17 B-23.719 E.01932
G1 Z12.0248 C33262.6 E.01935
G1 Z12.0263 C33265.032 E.01932
G1 Z12.0277 C33266.86 B-23.718 E.01452
G1 Z12.029 C33269.292 E.01931
G1 Z12.0304 C33271.722 B-23.717 E.01936
G1 Z12.0317 C33273.545 E.01453
G1 Z12.0331 C33275.98 E.01941
G1 Z12.0357 C33279.629 B-23.716 E.02887
G1 Z12.0374 C33282.059 B-23.715 E.01926
G1 Z12.0393 C33285.101 E.02409
G1 Z12.0411 C33288.144 B-23.714 E.02412
G1 Z12.0429 C33290.841 E.02138
G1 Z12.0447 C33293.607 B-23.713 E.02193
G1 Z12.0464 C33296.326 E.02155
G1 Z12.0481 C33298.998 B-23.712 E.02118
G1 Z12.0498 C33301.654 E.02106
G1 Z12.0512 C33303.939 B-23.711 E.01814
G1 Z12.0529 C33306.823 E.02285
G1 Z12.0549 C33309.763 B-23.71 E.02329
G1 Z12.0567 C33312.745 E.02362
G1 Z12.0587 C33315.777 B-23.709 E.02402
G1 Z12.06 C33317.821 E.01625
G1 Z12.0618 C33320.35 B-23.708 E.02006
G1 Z12.0631 C33322.802 E.01945
G1 Z12.0644 C33325.238 E.01939
G1 Z12.0664 C33328.278 B-23.707 E.02413
G1 Z12.0683 C33331.316 B-23.706 E.02411
G1 Z12.0699 C33333.749 E.01938
G1 Z12.0713 C33336.185 E.01944
G1 Z12.0728 C33338.008 B-23.705 E.01452
G1 Z12.0743 C33340.438 E.01930
G1 Z12.0758 C33342.87 B-23.704 E.01933
G1 Z12.0776 C33345.914 E.02416
G1 Z12.079 C33347.738 B-23.703 E.01453
G1 Z12.0804 C33350.167 E.01932
G1 Z12.0817 C33351.991 E.01453
G1 Z12.0831 C33354.427 B-23.702 E.01938
G1 Z12.0844 C33356.252 E.01454
G1 Z12.0858 C33358.682 B-23.701 E.01934
G1 Z12.0871 C33360.505 E.01453
G1 Z12.0889 C33363.548 E.02413
G1 Z12.0908 C33366.589 B-23.7 E.02414
G1 Z12.0926 C33369.019 B-23.699 E.01929
G1 Z12.0944 C33372.059 E.02411
G1 Z12.0961 C33375.104 B-23.698 E.02420
G1 Z12.0979 C33377.534 E.01931
G1 Z12.0996 C33380.572 B-23.697 E.02415
G1 Z12.1013 C33383.007 E.01937
G1 Z12.1026 C33384.833 E.01457
G1 Z12.1046 C33387.871 B-23.696 E.02409
G1 Z12.1064 C33390.91 B-23.695 E.02410
G1 Z12.1084 C33393.955 E.02415
G1 Z12.1098 C33396.386 B-23.694 E.01940
G1 Z12.1111 C33398.208 E.01458
G1 Z12.1128 C33400.64 E.01934
G1 Z12.1146 C33403.685 B-23.693 E.02418
G1 Z12.1165 C33406.723 B-23.692 E.02413
G1 Z12.1184 C33409.761 E.02414
G1 Z12.1202 C33412.806 B-23.691 E.02420
G1 Z12.1221 C33415.846 E.02416
G1 Z12.1236 C33418.275 B-23.69 E.01940
G1 Z12.125 C33420.099 E.01457
G1 Z12.1266 C33422.535 E.01937
G1 Z12.1284 C33425.575 B-23.689 E.02414
G1 Z12.1297 C33427.398 E.01457
G1 Z12.131 C33429.829 B-23.688 E.01938
G1 Z12.1324 C33431.656 E.01461
G1 Z12.1337 C33434.09 B-23.687 E.01941
G1 Z12.135 C33435.913 E.01458
G1 Z12.1364 C33438.343 E.01939
G1 Z12.1377 C33440.167 B-23.686 E.01460
G1 Z12.1395 C33443.212 E.02421
G1 Z12.1413 C33445.642 B-23.685 E.01933
G1 Z12.143 C33448.68 E.02414
G1 Z12.1448 C33451.116 B-23.684 E.01938
G1 Z12.1466 C33454.157 E.02416
G1 Z12.1483 C33456.587 B-23.683 E.01933
G1 Z12.15 C33459.627 E.02416
G1 Z12.1517 C33462.063 B-23.682 E.01939
G1 Z12.1532 C33464.494 E.01937
G1 Z12.1546 C33466.924 B-23.681 E.01938
G1 Z12.1561 C33469.357 E.01945
G1 Z12.1575 C33471.184 B-23.68 E.01463
G1 Z12.1589 C33473.617 E.01941
G1 Z12.1603 C33475.439 E.01458
G1 Z12.1616 C33477.869 B-23.679 E.01937
G1 Z12.163 C33479.695 E.01462
G1 Z12.1647 C33482.739 B-23.678 E.02419
G1 Z12.1665 C33485.776 E.02419
G1 Z12.1683 C33488.207 B-23.677 E.01937
G1 Z12.1701 C33491.252 E.02421
G1 Z12.172 C33494.291 B-23.676 E.02418
G1 Z12.1739 C33497.329 E.02419
G1 Z12.1758 C33500.373 B-23.675 E.02425
G1 Z12.1778 C33503.413 B-23.674 E.02422
G1 Z12.1798 C33506.451 E.02420
G1 Z12.1824 C33510.103 B-23.673 E.02896
G1 Z12.1837 C33512.535 E.01943
G1 Z12.1851 C33514.358 B-23.672 E.01464
G1 X9.1218 Z12.1864 C33516.788 E.01954
G1 Z12.1877 C33518.614 B-23.671 E.01454
G1 Z12.1895 C33521.05 E.01936
G1 Z12.1913 C33524.087 B-23.67 E.02414
G1 Z12.1932 C33527.126 E.02417
G1 Z12.1951 C33530.171 B-23.669 E.02423
G1 Z12.197 C33533.21 E.02420
G1 Z12.1989 C33535.64 B-23.668 E.01930
G1 Z12.2007 C33538.683 E.02418
G1 Z12.2026 C33541.725 B-23.667 E.02419
G1 Z12.2041 C33544.154 E.01930
G1 Z12.2055 C33546.586 B-23.666 E.01936
G1 Z12.2069 C33549.022 E.01943
G1 Z12.2083 C33550.847 B-23.665 E.01451
G1 Z12.2097 C33553.277 E.01935
G1 Z12.2111 C33555.099 E.01448
G1 Z12.2124 C33557.533 B-23.664 E.01937
G1 Z12.2138 C33559.36 E.01452
G1 Z12.2155 C33562.399 B-23.663 E.02422
G1 Z12.2172 C33564.829 E.01932
G1 Z12.219 C33567.872 B-23.662 E.02424
G1 Z12.2207 C33570.306 E.01936
G1 Z12.2224 C33573.344 B-23.661 E.02421
G1 Z12.2242 C33575.775 E.01934
G1 Z12.226 C33578.82 B-23.66 E.02425
G1 Z12.2278 C33581.251 B-23.659 E.01932
G1 Z12.2292 C33583.681 E.01931
G1 Z12.231 C33586.722 E.02416
G1 Z12.2331 C33589.766 B-23.658 E.02419
G1 Z12.2344 C33592.196 E.01938
G1 Z12.237 C33595.843 B-23.657 E.02897
G1 Z12.2384 C33598.279 B-23.656 E.01940
G1 Z12.2401 C33600.711 E.01934
G1 Z12.242 C33603.748 B-23.655 E.02415
G1 Z12.244 C33606.791 E.02419
G1 Z12.2459 C33609.833 B-23.654 E.02419
G1 Z12.2479 C33612.87 B-23.653 E.02414
G1 Z12.2498 C33615.912 E.02418
G1 Z12.2518 C33618.955 B-23.652 E.02419
G1 Z12.2537 C33621.992 E.02414
G1 Z12.2553 C33625.032 B-23.651 E.02423
G1 Z12.2567 C33626.86 E.01456
G1 Z12.2581 C33629.292 B-23.65 E.01940
G1 Z12.2594 C33631.115 E.01450
G1 Z12.2608 C33633.545 E.01936
G1 Z12.2622 C33635.371 B-23.649 E.01452
G1 Z12.2635 C33637.806 E.01940
G1 Z12.2649 C33639.629 B-23.648 E.01450
G1 Z12.2666 C33642.059 E.01931
G1 Z12.2684 C33645.101 B-23.647 E.02418
G1 Z12.2702 C33648.144 E.02422
G1 Z12.272 C33650.869 B-23.646 E.02169
G1 Z12.2737 C33653.598 E.02171
G1 Z12.2754 C33656.281 B-23.645 E.02135
G1 Z12.2771 C33658.917 E.02097
G1 Z12.2788 C33661.535 B-23.644 E.02083
G1 Z12.2802 C33663.808 E.01809
G1 Z12.2819 C33666.72 B-23.643 E.02315
G1 Z12.2839 C33669.689 E.02360
G1 Z12.2857 C33672.703 B-23.642 E.02396
G1 Z12.2897 C33678.872 B-23.641 E.04901
G1 Z12.2922 C33682.802 B-23.64 E.03123
G1 Z12.2935 C33685.238 E.01944
G1 Z12.2954 C33688.278 B-23.639 E.02422
G1 Z12.2973 C33691.316 E.02421
G1 Z12.2993 C33694.359 B-23.638 E.02424
G1 Z12.3008 C33696.185 B-23.637 E.01452
G1 Z12.3022 C33698.615 E.01933
G1 Z12.3038 C33701.045 E.01934
G1 Z12.3052 C33703.479 B-23.636 E.01939
G1 Z12.3066 C33705.914 E.01946
G1 Z12.3079 C33707.738 B-23.635 E.01454
G1 Z12.3093 C33710.167 E.01939
G1 Z12.3107 C33711.991 B-23.634 E.01453
G1 Z12.312 C33714.427 E.01943
G1 Z12.3134 C33716.252 E.01453
G1 Z12.3148 C33718.682 B-23.633 E.01937
G1 Z12.3162 C33720.505 E.01451
G1 Z12.318 C33723.548 B-23.632 E.02421
G1 Z12.3198 C33726.589 E.02423
G1 Z12.3215 C33729.019 B-23.631 E.01933
G1 Z12.3233 C33732.059 E.02420
G1 Z12.325 C33734.495 B-23.63 E.01937
G1 Z12.3268 C33737.534 B-23.629 E.02420
G1 Z12.3285 C33739.964 E.01933
G1 Z12.3302 C33743.007 E.02426
G1 Z12.3328 C33746.656 B-23.628 E.02900
G1 Z12.3349 C33749.694 B-23.627 E.02415
G1 Z12.3367 C33752.737 E.02419
G1 Z12.338 C33755.171 B-23.626 E.01941
G1 Z12.3393 C33756.994 E.01453
G1 Z12.3406 C33759.424 B-23.625 E.01939
G1 Z12.3425 C33761.857 E.01935
G1 Z12.3443 C33764.901 B-23.624 E.02421
G1 Z12.3462 C33767.938 E.02416
G1 Z12.3481 C33770.978 B-23.623 E.02419
G1 Z12.35 C33774.023 B-23.622 E.02424
G1 Z12.3519 C33777.06 E.02417
G1 Z12.3535 C33779.491 B-23.621 E.01940
G1 Z12.3549 C33781.926 E.01946
G1 Z12.3567 C33784.36 B-23.62 E.01941
G1 Z12.358 C33786.183 E.01453
G1 Z12.3594 C33788.613 B-23.619 E.01938
G1 Z12.3607 C33790.438 E.01455
G1 Z12.3621 C33792.874 E.01943
G1 Z12.3634 C33794.698 B-23.618 E.01454
G1 Z12.3648 C33797.127 E.01937
G1 Z12.3662 C33798.95 B-23.617 E.01453
G1 Z12.3678 C33801.386 E.01939
G1 Z12.3695 C33804.427 B-23.616 E.02421
G1 Z12.3713 C33806.857 E.01934
G1 Z12.373 C33809.897 B-23.615 E.02420
G1 Z12.3748 C33812.333 E.01939
G1 Z12.3765 C33815.372 B-23.614 E.02420
G1 Z12.3782 C33817.802 E.01935
G1 Z12.3799 C33820.845 B-23.613 E.02426
G1 Z12.3814 C33823.279 E.01943
G1 Z12.3829 C33825.709 B-23.612 E.01943
G1 Z12.3844 C33827.532 E.01454
G1 Z12.3858 C33829.966 B-23.611 E.01939
G1 Z12.3872 C33832.401 E.01943
G1 Z12.3886 C33834.831 B-23.61 E.01944
G1 Z12.39 C33836.654 E.01456
G1 Z12.3914 C33839.086 E.01943
G1 Z12.393 C33841.522 B-23.609 E.01947
G1 Z12.3948 C33843.954 E.01938
G1 Z12.3965 C33846.991 B-23.608 E.02421
G1 Z12.3983 C33849.425 B-23.607 E.01938
G1 Z12.4002 C33852.468 E.02423
G1 Z12.402 C33855.506 B-23.606 E.02420
G1 Z12.4039 C33858.546 E.02423
G1 Z12.4058 C33861.59 B-23.605 E.02428
G1 Z12.4073 C33864.021 E.01941
G1 Z12.4086 C33865.843 B-23.604 E.01456
G1 Z12.4099 C33868.275 E.01944
G1 Z12.4113 C33870.103 B-23.603 E.01462
G1 Z12.4126 C33872.535 E.01946
G1 Z12.4139 C33874.358 E.01459
G1 Z12.4153 C33876.788 B-23.602 E.01945
G1 Z12.4166 C33878.614 E.01461
G1 Z12.4183 C33881.05 B-23.601 E.01942
G1 Z12.4202 C33884.087 E.02419
G1 Z12.4221 C33887.126 B-23.6 E.02423
G1 Z12.4239 C33890.171 B-23.599 E.02430
G1 Z12.4258 C33892.602 E.01937
G1 Z12.4276 C33895.64 B-23.598 E.02419
G1 Z12.4295 C33898.683 E.02425
G1 Z12.4313 C33901.725 B-23.597 E.02428
G1 Z12.4328 C33904.154 E.01941
G1 Z12.4343 C33906.586 B-23.596 E.01947
G1 Z12.4357 C33908.413 E.01461
G1 Z12.4371 C33910.847 B-23.595 E.01943
G1 Z12.4385 C33913.277 E.01944
G1 Z12.4399 C33915.099 B-23.594 E.01457
G1 Z12.4413 C33917.533 E.01945
G1 Z12.4427 C33919.36 E.01461
G1 Z12.4443 C33922.399 B-23.593 E.02428
G1 Z12.4461 C33924.829 B-23.592 E.01940
G1 Z12.4478 C33927.872 E.02431
G1 Z12.4495 C33930.306 B-23.591 E.01945
G1 Z12.4512 C33932.736 E.01938
G1 Z12.453 C33935.775 B-23.59 E.02424
G1 Z12.4547 C33938.211 E.01943
G1 Z12.4565 C33941.251 B-23.589 E.02423
G1 Z12.458 C33943.681 E.01941
G1 Z12.4597 C33946.722 B-23.588 E.02424
G1 Z12.461 C33948.549 E.01463
G1 Z12.4624 C33950.981 B-23.587 E.01946
G1 Z12.4637 C33952.803 E.01460
G1 Z12.465 C33955.234 E.01947
G1 Z12.4663 C33957.061 B-23.586 E.01465
G1 Z12.4677 C33959.495 E.01950
G1 Z12.4696 C33962.533 B-23.585 E.02428
G1 Z12.4715 C33964.964 E.01940
G1 Z12.4734 C33968.009 B-23.584 E.02426
G1 Z12.4754 C33971.048 B-23.583 E.02421
G1 Z12.4773 C33974.086 E.02421
G1 Z12.4792 C33977.13 B-23.582 E.02426
G1 Z12.4811 C33980.17 B-23.581 E.02423
G1 Z12.483 C33983.207 E.02421
G1 Z12.4845 C33985.641 B-23.58 E.01947
G1 Z12.4859 C33988.077 E.01953
G1 Z12.4873 C33989.9 B-23.579 E.01463
G1 Z12.4887 C33992.329 E.01944
G1 Z12.4901 C33994.153 E.01462
G1 Z12.4914 C33996.589 B-23.578 E.01948
G1 Z12.4928 C33999.022 E.01952
G1 Z12.4941 C34000.844 B-23.577 E.01464
G1 Z12.496 C34003.883 E.02427
G1 Z12.4978 C34006.319 B-23.576 E.01945
G1 Z12.4995 C34009.503 E.02542
G1 Z12.5013 C34012.22 B-23.575 E.02172
G1 Z12.503 C34014.893 E.02137
G1 Z12.5047 C34017.522 B-23.574 E.02102
G1 Z12.5064 C34020.104 B-23.573 E.02065
G1 Z12.508 C34022.688 E.02066
G1 Z12.51 C34025.618 B-23.572 E.02339
G1 Z12.5118 C34028.597 E.02377
G1 Z12.5157 C34034.714 B-23.57 E.04864
G1 Z12.5184 C34038.893 E.03327
G1 Z12.5209 C34042.802 B-23.569 E.03113
G1 Z12.5221 C34045.238 B-23.568 E.01956
G1 Z12.524 C34048.278 E.02433
G1 Z12.526 C34050.708 B-23.567 E.01943
G1 Z12.5279 C34053.749 E.02426
G1 Z12.5298 C34056.793 B-23.566 E.02428
G1 Z12.5313 C34059.223 B-23.565 E.01944
G1 Z12.5327 C34061.653 E.01946
G1 Z12.5345 C34064.088 B-23.564 E.01948
G1 Z12.5359 C34066.522 E.01950
G1 Z12.5373 C34068.952 E.01952
G1 Z12.5387 C34070.775 B-23.563 E.01468
G1 Z12.5401 C34073.209 E.01952
G1 Z12.5415 C34075.036 B-23.562 E.01470
G1 Z12.5429 C34077.467 E.01948
G1 Z12.5443 C34079.897 B-23.561 E.01953
G1 Z12.5459 C34082.329 E.01953
G1 Z12.5477 C34084.766 B-23.56 E.01951
G1 Z12.5495 C34087.804 E.02428
G1 Z12.5512 C34090.234 B-23.559 E.01945
G1 Z12.5529 C34093.278 E.02433
G1 Z12.5547 C34095.712 B-23.558 E.01949
G1 Z12.5564 C34098.749 B-23.557 E.02429
G1 Z12.558 C34101.18 E.01949
G1 Z12.5594 C34103.616 B-23.556 E.01954
G1 Z12.5608 C34105.441 E.01470
G1 Z12.5621 C34107.871 E.01950
G1 Z12.5634 C34109.694 B-23.555 E.01470
G1 Z12.5647 C34112.128 E.01957
G1 Z12.566 C34113.955 B-23.554 E.01476
G1 Z12.5674 C34116.386 E.01957
G1 Z12.5687 C34118.208 B-23.553 E.01473
G1 Z12.5704 C34120.64 E.01950
G1 Z12.5722 C34123.685 B-23.552 E.02436
G1 X9.172 Z12.5741 C34126.723 E.02447
G1 Z12.5759 C34129.153 B-23.551 E.01941
G1 Z12.5778 C34132.197 E.02432
G1 Z12.5797 C34135.238 B-23.55 E.02430
G1 Z12.5814 C34138.275 B-23.549 E.02427
G1 Z12.5834 C34141.317 E.02431
G1 Z12.5851 C34144.36 B-23.548 E.02439
G1 Z12.5865 C34146.183 E.01460
G1 Z12.5878 C34148.613 B-23.547 E.01950
G1 Z12.5892 C34150.438 E.01460
G1 Z12.5906 C34152.874 B-23.546 E.01953
G1 Z12.5919 C34154.698 E.01459
G1 Z12.5933 C34157.127 B-23.545 E.01946
G1 Z12.5947 C34158.95 E.01457
G1 Z12.5963 C34161.386 E.01946
G1 Z12.598 C34164.427 B-23.544 E.02433
G1 Z12.5998 C34166.857 B-23.543 E.01942
G1 Z12.6015 C34169.897 E.02433
G1 Z12.6032 C34172.333 B-23.542 E.01947
G1 Z12.6049 C34175.372 E.02434
G1 Z12.6065 C34177.802 B-23.541 E.01945
G1 Z12.6082 C34180.236 E.01945
G1 Z12.6098 C34182.671 B-23.54 E.01945
G1 Z12.6113 C34185.102 E.01943
G1 Z12.6127 C34187.532 B-23.539 E.01943
G1 Z12.6142 C34189.966 E.01948
G1 Z12.6156 C34192.401 B-23.538 E.01952
G1 Z12.6171 C34194.224 E.01457
G1 Z12.6185 C34196.654 B-23.537 E.01944
G1 Z12.6198 C34199.086 E.01950
G1 Z12.6215 C34201.522 B-23.536 E.01953
G1 Z12.6232 C34203.954 E.01945
G1 Z12.6249 C34206.991 B-23.535 E.02432
G1 Z12.6267 C34209.425 E.01946
G1 Z12.6285 C34212.468 B-23.534 E.02434
G1 Z12.6304 C34215.506 B-23.533 E.02433
G1 Z12.6322 C34217.937 E.01942
G1 Z12.6341 C34220.982 B-23.532 E.02433
G1 Z12.6356 C34224.021 E.02436
G1 Z12.6383 C34227.667 B-23.531 E.02912
G1 Z12.6396 C34230.103 B-23.53 E.01950
G1 Z12.641 C34231.928 E.01459
G1 Z12.6423 C34234.358 E.01945
G1 Z12.6437 C34236.18 B-23.529 E.01456
G1 Z12.645 C34238.614 E.01947
G1 Z12.6467 C34241.05 B-23.528 E.01948
G1 Z12.6486 C34244.087 B-23.527 E.02429
G1 Z12.6504 C34247.126 E.02434
G1 Z12.6523 C34249.562 B-23.526 E.01947
G1 Z12.6541 C34252.602 E.02430
G1 Z12.6559 C34255.64 B-23.525 E.02431
G1 Z12.6577 C34258.683 E.02438
G1 Z12.6595 C34261.117 B-23.524 E.01946
G1 Z12.6611 C34263.547 B-23.523 E.01942
G1 Z12.6625 C34265.977 E.01943
G1 Z12.664 C34268.413 B-23.522 E.01949
G1 Z12.6654 C34270.847 E.01951
G1 Z12.6669 C34273.277 E.01952
G1 Z12.6683 C34275.099 B-23.521 E.01459
G1 Z12.6697 C34277.533 E.01950
G1 Z12.6711 C34279.36 B-23.52 E.01461
G1 Z12.6727 C34281.792 E.01944
G1 Z12.6744 C34284.829 B-23.519 E.02429
G1 Z12.6761 C34287.263 E.01946
G1 Z12.6778 C34290.306 B-23.518 E.02436
G1 Z12.6795 C34292.736 B-23.517 E.01944
G1 Z12.6812 C34295.775 E.02436
G1 Z12.6829 C34298.211 B-23.516 E.01950
G1 Z12.6847 C34301.251 E.02435
G1 Z12.6862 C34303.681 B-23.515 E.01950
G1 Z12.6888 C34307.332 B-23.514 E.02917
G1 Z12.6901 C34309.766 E.01951
G1 Z12.6914 C34311.588 B-23.513 E.01459
G1 Z12.6928 C34314.018 E.01948
G1 Z12.6941 C34315.843 E.01461
G1 Z12.6955 C34318.279 B-23.512 E.01952
G1 Z12.6972 C34320.711 E.01947
G1 Z12.6991 C34323.748 B-23.511 E.02430
G1 Z12.701 C34326.791 B-23.51 E.02436
G1 Z12.7029 C34329.833 E.02437
G1 Z12.7048 C34332.87 B-23.509 E.02433
G1 Z12.7067 C34335.912 B-23.508 E.02438
G1 Z12.7086 C34338.955 E.02440
G1 Z12.7105 C34341.385 B-23.507 E.01943
G1 Z12.7121 C34344.424 E.02434
G1 Z12.7135 C34346.251 B-23.506 E.01463
G1 Z12.7149 C34348.684 E.01948
G1 Z12.7163 C34351.115 B-23.505 E.01949
G1 Z12.7177 C34352.937 E.01459
G1 Z12.7191 C34355.371 B-23.504 E.01949
G1 Z12.7205 C34357.806 E.01954
G1 Z12.7219 C34359.629 B-23.503 E.01461
G1 Z12.7235 C34362.059 E.01944
G1 Z12.7253 C34365.101 B-23.502 E.02434
G1 Z12.7271 C34367.987 E.02311
G1 Z12.7288 C34370.704 B-23.501 E.02176
G1 Z12.7305 C34373.379 B-23.5 E.02143
G1 Z12.7322 C34376.011 E.02108
G1 Z12.7338 C34378.597 B-23.499 E.02071
G1 Z12.7355 C34381.16 E.02053
G1 Z12.7369 C34383.427 B-23.498 E.01817
G1 Z12.7387 C34386.414 E.02390
G1 Z12.7426 C34392.556 B-23.496 E.04907
G1 Z12.7467 C34398.894 B-23.495 E.05064
G1 Z12.7492 C34402.802 B-23.494 E.03124
G1 Z12.7504 C34404.629 E.01464
G1 Z12.7523 C34407.671 B-23.493 E.02433
G1 Z12.7541 C34410.708 E.02430
G1 Z12.756 C34413.749 B-23.492 E.02433
G1 Z12.758 C34416.793 B-23.491 E.02436
G1 Z12.7599 C34419.83 E.02430
G1 Z12.7618 C34422.87 B-23.49 E.02433
G1 Z12.7632 C34425.306 E.01955
G1 Z12.7646 C34427.738 B-23.489 E.01957
G1 Z12.766 C34429.56 E.01464
G1 Z12.7674 C34431.991 B-23.488 E.01951
G1 Z12.7689 C34433.818 E.01466
G1 Z12.7702 C34436.252 B-23.487 E.01951
G1 Z12.7716 C34438.682 E.01952
G1 Z12.7731 C34440.505 B-23.486 E.01463
G1 Z12.7748 C34443.548 E.02437
G1 Z12.7766 C34446.589 B-23.485 E.02441
G1 Z12.7783 C34449.019 B-23.484 E.01949
G1 Z12.78 C34451.451 E.01948
G1 Z12.7817 C34454.495 B-23.483 E.02439
G1 Z12.7834 C34456.927 E.01949
G1 Z12.7851 C34459.964 B-23.482 E.02437
G1 Z12.7867 C34462.398 E.01955
G1 Z12.7881 C34464.225 B-23.481 E.01467
G1 Z12.7894 C34466.656 E.01952
G1 Z12.7908 C34468.479 B-23.48 E.01465
G1 Z12.7921 C34470.91 E.01954
G1 Z12.7934 C34472.737 B-23.479 E.01469
G1 Z12.7947 C34475.171 E.01958
G1 Z12.7961 C34476.994 E.01466
G1 Z12.7975 C34479.424 B-23.478 E.01953
G1 Z12.7992 C34481.857 E.01950
G1 Z12.801 C34484.901 B-23.477 E.02438
G1 Z12.8029 C34487.938 B-23.476 E.02435
G1 Z12.8047 C34490.978 E.02439
G1 Z12.8066 C34494.023 B-23.475 E.02445
G1 Z12.8085 C34496.453 B-23.474 E.01948
G1 Z12.8104 C34499.491 E.02432
G1 Z12.8123 C34502.535 B-23.473 E.02437
G1 Z12.8137 C34504.968 E.01954
G1 Z12.8151 C34507.398 B-23.472 E.01958
G1 Z12.8165 C34509.221 E.01468
G1 Z12.8179 C34511.656 B-23.471 E.01959
G1 Z12.8192 C34513.482 E.01469
G1 Z12.8206 C34515.913 B-23.47 E.01953
G1 Z12.822 C34518.343 E.01958
G1 Z12.8234 C34520.167 B-23.469 E.01469
G1 Z12.8251 C34523.212 E.02445
G1 Z12.8268 C34525.642 B-23.468 E.01952
G1 Z12.8285 C34528.072 E.01949
G1 Z12.8302 C34531.116 B-23.467 E.02442
G1 Z12.8319 C34533.549 B-23.466 E.01953
G1 Z12.8336 C34535.979 E.01949
G1 Z12.8352 C34539.018 B-23.465 E.02439
G1 Z12.8368 C34541.454 E.01957
G1 Z12.8384 C34543.887 B-23.464 E.01955
G1 Z12.8399 C34546.317 E.01954
G1 Z12.8414 C34548.748 B-23.463 E.01956
G1 Z12.8429 C34551.184 E.01962
G1 Z12.8443 C34553.009 B-23.462 E.01470
G1 Z12.8458 C34555.439 E.01952
G1 Z12.8472 C34557.869 B-23.461 E.01955
G1 Z12.8485 C34559.695 E.01471
G1 Z12.8502 C34562.739 B-23.46 E.02443
G1 Z12.852 C34565.169 E.01951
G1 Z12.8537 C34568.207 B-23.459 E.02438
G1 Z12.8555 C34570.643 B-23.458 E.01956
G1 Z12.8573 C34573.683 E.02438
G1 Z12.8591 C34576.721 B-23.457 E.02439
G1 Z12.8609 C34579.764 E.02445
G1 Z12.8628 C34582.198 B-23.456 E.01955
G1 Z12.8642 C34584.628 B-23.455 E.01955
G1 Z12.8655 C34586.451 E.01470
G1 Z12.8668 C34588.884 E.01958
G1 Z12.8682 C34591.32 B-23.454 E.01967
G1 Z12.8696 C34593.143 E.01474
G1 Z12.871 C34595.573 B-23.453 E.01960
G1 Z12.8723 C34597.397 E.01473
G1 Z12.8737 C34599.833 B-23.452 E.01962
G1 Z12.8755 C34602.873 E.02445
G1 Z12.8773 C34605.302 B-23.451 E.01953
G1 Z12.8791 C34608.344 B-23.45 E.02442
G1 Z12.881 C34611.387 E.02447
G1 Z12.8828 C34613.817 B-23.449 E.01954
G1 Z12.8846 C34616.856 E.02440
G1 Z12.8864 C34619.901 B-23.448 E.02449
G1 Z12.8881 C34622.332 B-23.447 E.01956
G1 Z12.8896 C34624.762 E.01956
G1 Z12.8911 C34627.194 B-23.446 E.01959
G1 Z12.8926 C34629.63 E.01965
G1 Z12.894 C34631.454 B-23.445 E.01474
G1 Z12.8954 C34633.884 E.01955
G1 Z12.8969 C34636.315 B-23.444 E.01959
G1 Z12.8983 C34638.752 E.01968
G1 Z12.8997 C34640.576 B-23.443 E.01476
G1 Z12.9014 C34643.614 E.02442
G1 Z12.9031 C34646.045 B-23.442 E.01957
G1 Z12.9048 C34649.09 E.02451
G1 Z12.9064 C34651.521 B-23.441 E.01961
G1 Z12.9081 C34653.951 B-23.44 E.01957
G1 Z12.9098 C34656.993 E.02448
G1 Z12.9116 C34659.428 B-23.439 E.01962
G1 Z12.9133 C34662.466 E.02444
G1 Z12.9159 C34666.113 B-23.438 E.02923
G1 Z12.9173 C34668.549 B-23.437 E.01964
G1 Z12.9186 C34670.373 E.01477
G1 Z12.92 C34672.803 B-23.436 E.01960
G1 Z12.9213 C34674.626 E.01476
G1 Z12.9227 C34677.061 B-23.435 E.01963
G1 Z12.9241 C34679.495 E.01967
G1 Z12.9259 C34681.925 B-23.434 E.01957
G1 Z12.9278 C34684.964 E.02441
G1 Z12.9297 C34688.009 B-23.433 E.02446
G1 Z12.9316 C34691.048 B-23.432 E.02443
G1 X9.2221 Z12.9334 C34694.086 E.02456
G1 Z12.9353 C34697.13 B-23.431 E.02449
G1 Z12.9372 C34700.17 B-23.43 E.02448
G1 Z12.9391 C34702.6 E.01952
G1 Z12.9405 C34705.032 B-23.429 E.01954
G1 Z12.942 C34707.468 E.01959
G1 Z12.9434 C34709.9 B-23.428 E.01959
G1 Z12.9448 C34711.722 E.01463
G1 Z12.9463 C34714.153 B-23.427 E.01954
G1 Z12.9477 C34716.589 E.01961
G1 Z12.9491 C34719.022 B-23.426 E.01964
G1 Z12.9504 C34720.844 E.01466
G1 Z12.9522 C34723.883 B-23.425 E.02446
G1 Z12.954 C34726.321 E.01959
G1 Z12.9557 C34729.051 B-23.424 E.02193
G1 Z12.9574 C34731.738 B-23.423 E.02159
G1 Z12.9591 C34734.386 E.02128
G1 Z12.9608 C34736.991 B-23.422 E.02093
G1 Z12.9624 C34739.55 E.02056
G1 Z12.964 C34742.101 B-23.421 E.02050
G1 Z12.966 C34745.129 B-23.42 E.02433
G1 Z12.97 C34751.355 B-23.419 E.05000
G1 Z12.974 C34757.788 B-23.418 E.05166
G1 Z12.9757 C34760.326 B-23.417 E.02039
G1 Z12.9771 C34762.802 E.01989
G1 Z12.9783 C34764.629 B-23.416 E.01468
G1 Z12.9801 C34767.671 B-23.415 E.02444
G1 Z12.982 C34770.708 E.02441
G1 Z12.9839 C34773.749 B-23.414 E.02445
G1 Z12.9858 C34776.793 E.02448
G1 Z12.9877 C34779.83 B-23.413 E.02443
G1 Z12.9896 C34782.87 B-23.412 E.02446
G1 Z12.991 C34785.306 E.01967
G1 Z12.9925 C34787.13 B-23.411 E.01467
G1 Z12.9939 C34789.56 E.01956
G1 Z12.9953 C34791.991 B-23.41 E.01961
G1 Z12.9967 C34793.818 E.01469
G1 Z12.9981 C34796.252 B-23.409 E.01958
G1 Z12.9996 C34798.682 E.01959
G1 Z13.001 C34800.505 B-23.408 E.01466
G1 Z13.0027 C34803.548 E.02448
G1 Z13.0044 C34805.982 B-23.407 E.01956
G1 Z13.0062 C34809.019 B-23.406 E.02443
G1 Z13.0079 C34811.451 E.01955
G1 Z13.0095 C34814.495 B-23.405 E.02451
G1 Z13.0112 C34816.927 E.01957
G1 Z13.0129 C34819.356 B-23.404 E.01953
G1 Z13.0145 C34821.789 E.01955
G1 Z13.0158 C34824.225 B-23.403 E.01960
G1 Z13.0172 C34826.656 E.01961
G1 Z13.0186 C34828.479 B-23.402 E.01468
G1 Z13.0199 C34830.91 E.01962
G1 Z13.0212 C34832.737 B-23.401 E.01473
G1 Z13.0226 C34835.171 E.01965
G1 Z13.0239 C34836.994 B-23.4 E.01468
G1 Z13.0253 C34839.424 E.01959
G1 Z13.0271 C34841.857 B-23.399 E.01956
G1 Z13.0289 C34844.901 B-23.398 E.02448
G1 Z13.0307 C34847.938 E.02445
G1 Z13.0325 C34850.37 B-23.397 E.01955
G1 Z13.0344 C34853.414 E.02446
G1 Z13.0363 C34856.453 B-23.396 E.02443
G1 Z13.0382 C34859.491 B-23.395 E.02443
G1 Z13.04 C34862.535 E.02448
G1 Z13.0414 C34864.968 B-23.394 E.01963
G1 Z13.0428 C34866.79 E.01467
G1 Z13.0442 C34869.221 B-23.393 E.01958
G1 Z13.0456 C34871.656 E.01966
G1 Z13.047 C34873.482 B-23.392 E.01471
G1 Z13.0485 C34875.913 E.01959
G1 Z13.0499 C34878.343 B-23.391 E.01963
G1 Z13.0512 C34880.167 E.01470
G1 Z13.0529 C34883.212 B-23.39 E.02454
G1 Z13.0546 C34885.642 B-23.389 E.01958
G1 Z13.0563 C34888.072 E.01955
G1 Z13.058 C34891.116 B-23.388 E.02453
G1 Z13.0596 C34893.549 E.01960
G1 Z13.0613 C34895.979 B-23.387 E.01955
G1 Z13.0629 C34898.41 B-23.386 E.01955
G1 Z13.0645 C34901.454 E.02453
G1 Z13.0661 C34903.887 B-23.385 E.01964
G1 Z13.0676 C34906.317 E.01962
G1 Z13.0691 C34908.748 B-23.384 E.01964
G1 Z13.0706 C34910.575 E.01471
G1 Z13.0721 C34913.009 B-23.383 E.01958
G1 Z13.0735 C34915.439 E.01957
G1 Z13.075 C34917.869 B-23.382 E.01960
G1 Z13.0764 C34919.695 E.01470
G1 Z13.078 C34922.739 B-23.381 E.02451
G1 Z13.0797 C34925.169 B-23.38 E.01956
G1 Z13.0815 C34928.207 E.02448
G1 Z13.0832 C34930.643 B-23.379 E.01961
G1 Z13.085 C34933.683 E.02448
G1 Z13.0868 C34936.721 B-23.378 E.02450
G1 Z13.0886 C34939.155 B-23.377 E.01959
G1 Z13.0905 C34942.198 E.02448
G1 Z13.0918 C34944.628 B-23.376 E.01963
G1 Z13.0932 C34946.451 E.01471
G1 Z13.0945 C34948.884 B-23.375 E.01964
G1 Z13.0959 C34950.712 E.01474
G1 Z13.0973 C34953.143 B-23.374 E.01960
G1 Z13.0987 C34955.573 E.01964
G1 Z13.1001 C34957.397 B-23.373 E.01472
G1 Z13.1015 C34959.833 E.01965
G1 Z13.1033 C34962.265 B-23.372 E.01957
G1 Z13.1051 C34965.302 B-23.371 E.02444
G1 Z13.1068 C34968.344 E.02451
G1 Z13.1086 C34970.779 B-23.37 E.01960
G1 Z13.1104 C34973.817 E.02445
G1 Z13.1122 C34976.856 B-23.369 E.02450
G1 Z13.114 C34979.292 B-23.368 E.01962
G1 Z13.1157 C34982.332 E.02449
G1 Z13.1172 C34984.762 B-23.367 E.01963
G1 Z13.1187 C34987.194 E.01966
G1 Z13.1202 C34989.022 B-23.366 E.01475
G1 Z13.1217 C34991.454 E.01959
G1 Z13.1231 C34993.884 B-23.365 E.01959
G1 Z13.1246 C34996.315 E.01962
G1 Z13.126 C34998.752 B-23.364 E.01971
G1 Z13.1274 C35000.576 E.01474
G1 Z13.1291 C35003.614 B-23.363 E.02450
G1 Z13.1308 C35006.045 B-23.362 E.01960
G1 Z13.1325 C35008.481 E.01962
G1 Z13.1341 C35011.521 B-23.361 E.02452
G1 Z13.1358 C35013.951 E.01961
G1 Z13.1374 C35016.384 B-23.36 E.01960
G1 Z13.1392 C35019.428 B-23.359 E.02454
G1 Z13.1409 C35021.858 E.01958
G1 Z13.1422 C35024.288 B-23.358 E.01964
G1 Z13.1435 C35026.113 E.01476
G1 Z13.1449 C35028.549 B-23.357 E.01969
G1 Z13.1463 C35030.373 E.01475
G1 Z13.1476 C35032.803 B-23.356 E.01963
G1 Z13.149 C35034.626 E.01473
G1 Z13.1504 C35037.061 B-23.355 E.01965
G1 Z13.1518 C35039.495 E.01969
G1 Z13.1536 C35041.925 B-23.354 E.01959
G1 Z13.1554 C35044.964 B-23.353 E.02447
G1 Z13.1573 C35048.009 E.02454
G1 Z13.1592 C35051.048 B-23.352 E.02450
G1 Z13.161 C35054.086 B-23.351 E.02452
G1 Z13.1629 C35056.521 E.01963
G1 Z13.1648 C35059.562 B-23.35 E.02449
G1 Z13.1666 C35062.6 B-23.349 E.02447
G1 Z13.1681 C35065.032 E.01965
G1 Z13.1695 C35067.468 B-23.348 E.01970
G1 Z13.171 C35069.9 E.01970
G1 Z13.1724 C35071.722 B-23.347 E.01475
G1 Z13.1738 C35074.153 E.01963
G1 Z13.1753 C35076.589 B-23.346 E.01971
G1 Z13.1767 C35078.414 E.01477
G1 Z13.1781 C35080.844 B-23.345 E.01962
G1 Z13.1799 C35083.883 E.02453
G1 Z13.1816 C35086.364 B-23.344 E.02003
G1 Z13.1833 C35089.059 B-23.343 E.02174
G1 Z13.185 C35091.719 E.02146
G1 Z13.1867 C35094.337 B-23.342 E.02113
G1 Z13.1883 C35096.913 E.02079
G1 Z13.1899 C35099.445 B-23.341 E.02044
G1 Z13.1915 C35101.962 B-23.34 E.02032
G1 Z13.1954 C35108.129 B-23.339 E.04957
G1 Z13.1994 C35114.52 B-23.338 E.05136
G1 Z13.2022 C35118.893 B-23.337 E.03518
G1 Z13.2047 C35122.802 B-23.336 E.03146
G1 Z13.2059 C35124.629 B-23.335 E.01482
G1 Z13.2077 C35127.671 E.02453
G1 Z13.2095 C35130.708 B-23.334 E.02451
G1 Z13.2114 C35133.749 B-23.333 E.02455
G1 Z13.2133 C35136.793 E.02459
G1 Z13.2152 C35139.83 B-23.332 E.02455
G1 Z13.217 C35142.261 B-23.331 E.01964
G1 Z13.2185 C35144.698 E.01970
G1 Z13.2199 C35147.13 B-23.33 E.01968
G1 Z13.2214 C35149.56 E.01970
G1 Z13.2228 C35151.383 B-23.329 E.01480
G1 Z13.2242 C35153.818 E.01969
G1 Z13.2257 C35156.252 B-23.328 E.01970
G1 Z13.2271 C35158.682 E.01971
G1 Z13.2285 C35160.505 B-23.327 E.01481
G1 Z13.2302 C35163.548 B-23.326 E.02457
G1 Z13.2319 C35165.982 E.01968
G1 Z13.2336 C35169.019 B-23.325 E.02454
G1 Z13.2353 C35171.451 E.01968
G1 Z13.237 C35173.887 B-23.324 E.01969
G1 Z13.2386 C35176.927 B-23.323 E.02457
G1 Z13.2403 C35179.356 E.01967
G1 Z13.2419 C35181.789 B-23.322 E.01969
G1 Z13.2433 C35184.225 E.01975
G1 Z13.2446 C35186.049 B-23.321 E.01484
G1 Z13.246 C35188.479 E.01969
G1 Z13.2473 C35190.302 B-23.32 E.01483
G1 Z13.2487 C35192.737 E.01973
G1 Z13.2501 C35195.171 B-23.319 E.01979
G1 Z13.2514 C35196.994 E.01486
G1 Z13.2528 C35199.424 B-23.318 E.01972
G1 Z13.2546 C35201.857 E.01969
G1 Z13.2563 C35204.901 B-23.317 E.02459
G1 Z13.2581 C35207.938 B-23.316 E.02458
G1 Z13.26 C35210.37 E.01969
G1 Z13.2618 C35213.414 B-23.315 E.02458
G1 Z13.2637 C35216.453 B-23.314 E.02456
G1 Z13.2655 C35219.491 E.02457
G1 Z13.2674 C35222.535 B-23.313 E.02463
G1 Z13.2688 C35224.36 B-23.312 E.01488
G1 X9.2722 Z13.2702 C35226.79 E.01981
G1 Z13.2716 C35229.221 B-23.311 E.01970
G1 Z13.273 C35231.047 E.01475
G1 Z13.2745 C35233.482 B-23.31 E.01969
G1 Z13.2759 C35235.913 E.01969
G1 Z13.2773 C35237.735 B-23.309 E.01471
G1 Z13.2787 C35240.167 E.01966
G1 Z13.2804 C35243.212 B-23.308 E.02467
G1 Z13.282 C35245.642 B-23.307 E.01967
G1 Z13.2837 C35248.072 E.01964
G1 Z13.2853 C35250.506 B-23.306 E.01966
G1 Z13.287 C35253.549 E.02463
G1 Z13.2886 C35255.979 B-23.305 E.01966
G1 Z13.2902 C35258.41 E.01965
G1 Z13.2918 C35260.845 B-23.304 E.01967
G1 Z13.2934 C35263.279 B-23.303 E.01966
G1 Z13.2949 C35265.709 E.01963
G1 Z13.2964 C35268.14 B-23.302 E.01964
G1 Z13.2979 C35270.575 E.01967
G1 Z13.2994 C35273.009 B-23.301 E.01967
G1 Z13.3009 C35275.439 E.01965
G1 Z13.3023 C35277.869 B-23.3 E.01968
G1 Z13.3038 C35279.695 E.01475
G1 Z13.3054 C35282.739 B-23.299 E.02463
G1 Z13.3071 C35285.169 B-23.298 E.01964
G1 Z13.3088 C35288.207 E.02460
G1 Z13.3105 C35290.643 B-23.297 E.01970
G1 Z13.3123 C35293.683 B-23.296 E.02461
G1 Z13.3141 C35296.113 E.01963
G1 Z13.3159 C35299.155 B-23.295 E.02459
G1 Z13.3177 C35302.198 B-23.294 E.02462
G1 Z13.3191 C35304.021 E.01474
G1 Z13.3204 C35306.451 B-23.293 E.01966
G1 Z13.3218 C35308.884 E.01974
G1 Z13.3232 C35310.712 B-23.292 E.01479
G1 Z13.3246 C35313.143 E.01969
G1 Z13.326 C35314.965 B-23.291 E.01472
G1 Z13.3274 C35317.397 E.01966
G1 Z13.3288 C35319.833 B-23.29 E.01973
G1 Z13.3306 C35322.265 E.01965
G1 Z13.3324 C35325.302 B-23.289 E.02455
G1 Z13.3341 C35328.344 B-23.288 E.02463
G1 Z13.3359 C35330.779 E.01968
G1 Z13.3377 C35333.817 B-23.287 E.02458
G1 Z13.3394 C35336.248 B-23.286 E.01964
G1 Z13.3412 C35339.292 E.02462
G1 Z13.3429 C35341.725 B-23.285 E.01966
G1 Z13.3444 C35344.154 B-23.284 E.01963
G1 Z13.3459 C35346.586 E.01965
G1 Z13.3474 C35349.022 B-23.283 E.01969
G1 Z13.3489 C35351.454 E.01967
G1 Z13.3504 C35353.884 B-23.282 E.01967
G1 Z13.3518 C35356.315 E.01970
G1 Z13.3533 C35358.752 B-23.281 E.01979
G1 Z13.3547 C35360.576 E.01476
G1 Z13.3564 C35363.614 B-23.28 E.02460
G1 Z13.358 C35366.045 B-23.279 E.01967
G1 Z13.3597 C35368.481 E.01969
G1 Z13.3613 C35370.914 B-23.278 E.01966
G1 Z13.363 C35373.951 E.02458
G1 Z13.3646 C35376.384 B-23.277 E.01968
G1 Z13.3663 C35379.428 B-23.276 E.02467
G1 Z13.368 C35381.858 E.01967
G1 Z13.3694 C35383.681 B-23.275 E.01474
G1 Z13.3707 C35386.113 E.01969
G1 Z13.3721 C35388.549 B-23.274 E.01978
G1 Z13.3734 C35390.373 E.01478
G1 Z13.3748 C35392.803 B-23.273 E.01971
G1 Z13.3762 C35394.626 E.01476
G1 Z13.3776 C35397.061 B-23.272 E.01972
G1 Z13.379 C35399.495 E.01975
G1 Z13.3808 C35401.925 B-23.271 E.01965
G1 Z13.3826 C35404.964 B-23.27 E.02457
G1 Z13.3845 C35408.009 E.02464
G1 Z13.3863 C35411.048 B-23.269 E.02462
G1 Z13.3882 C35413.478 B-23.268 E.01965
G1 Z13.39 C35416.521 E.02460
G1 Z13.3919 C35419.562 B-23.267 E.02460
G1 Z13.3937 C35422.6 B-23.266 E.02459
G1 Z13.3951 C35425.032 E.01974
G1 Z13.3966 C35427.468 B-23.265 E.01980
G1 Z13.3981 C35429.292 E.01477
G1 Z13.3996 C35431.722 B-23.264 E.01967
G1 Z13.401 C35434.153 B-23.263 E.01970
G1 Z13.4024 C35436.589 E.01977
G1 Z13.4039 C35438.414 B-23.262 E.01478
G1 Z13.4053 C35440.844 E.01967
G1 Z13.407 C35443.883 B-23.261 E.02462
G1 Z13.4087 C35446.397 E.02036
G1 Z13.4104 C35449.065 B-23.26 E.02160
G1 Z13.4121 C35451.696 B-23.259 E.02130
G1 Z13.4138 C35454.286 E.02097
G1 Z13.4154 C35456.835 B-23.258 E.02064
G1 Z13.417 C35459.341 B-23.257 E.02029
G1 Z13.4211 C35465.946 B-23.256 E.05335
G1 Z13.4252 C35472.321 B-23.254 E.05149
G1 Z13.4294 C35478.91 B-23.253 E.05322
G1 Z13.4318 C35482.802 B-23.252 E.03145
G1 Z13.4329 C35484.629 B-23.251 E.01482
G1 Z13.4348 C35487.671 E.02462
G1 Z13.4366 C35490.708 B-23.25 E.02460
G1 Z13.4384 C35493.749 B-23.249 E.02466
G1 Z13.4403 C35496.185 E.01972
G1 Z13.4422 C35499.223 B-23.248 E.02457
G1 Z13.444 C35502.261 B-23.247 E.02458
G1 Z13.4455 C35504.698 E.01976
G1 Z13.4469 C35507.13 B-23.246 E.01975
G1 Z13.4484 C35509.56 E.01976
G1 Z13.4499 C35511.383 B-23.245 E.01480
G1 Z13.4513 C35513.818 E.01974
G1 Z13.4527 C35516.252 B-23.244 E.01975
G1 Z13.4542 C35518.682 B-23.243 E.01975
G1 Z13.4556 C35520.505 E.01480
G1 Z13.4573 C35523.548 B-23.242 E.02466
G1 Z13.459 C35525.982 E.01972
G1 Z13.4607 C35529.019 B-23.241 E.02463
G1 Z13.4624 C35531.451 B-23.24 E.01973
G1 Z13.464 C35533.887 E.01974
G1 Z13.4656 C35536.927 B-23.239 E.02467
G1 Z13.4672 C35539.356 B-23.238 E.01974
G1 Z13.4688 C35541.789 E.01976
G1 Z13.4702 C35544.225 B-23.237 E.01983
G1 Z13.4716 C35546.049 E.01484
G1 Z13.473 C35548.479 B-23.236 E.01975
G1 Z13.4743 C35550.302 E.01482
G1 Z13.4757 C35552.737 B-23.235 E.01978
G1 Z13.4771 C35554.563 E.01484
G1 Z13.4785 C35556.994 B-23.234 E.01972
G1 Z13.4799 C35559.424 E.01975
G1 Z13.4816 C35561.857 B-23.233 E.01972
G1 Z13.4834 C35564.901 B-23.232 E.02467
G1 Z13.4852 C35567.331 E.01969
G1 Z13.4869 C35570.37 B-23.231 E.02461
G1 Z13.4888 C35573.414 B-23.23 E.02467
G1 Z13.4906 C35576.453 E.02465
G1 Z13.4925 C35579.491 B-23.229 E.02467
G1 Z13.4943 C35581.926 B-23.228 E.01974
G1 Z13.4957 C35584.36 E.01976
G1 Z13.4971 C35586.79 B-23.227 E.01976
G1 Z13.4986 C35588.613 E.01483
G1 Z13.5 C35591.047 B-23.226 E.01975
G1 Z13.5014 C35593.482 E.01978
G1 Z13.5029 C35595.913 B-23.225 E.01978
G1 Z13.5043 C35597.735 B-23.224 E.01483
G1 Z13.5057 C35600.167 E.01974
G1 Z13.5073 C35602.603 B-23.223 E.01976
G1 Z13.509 C35605.642 E.02466
G1 Z13.5106 C35608.072 B-23.222 E.01974
G1 Z13.5122 C35610.506 B-23.221 E.01976
G1 Z13.5139 C35612.941 E.01975
G1 Z13.5155 C35615.979 B-23.22 E.02467
G1 Z13.5171 C35618.41 E.01978
G1 Z13.5186 C35620.845 B-23.219 E.01980
G1 Z13.5202 C35623.279 B-23.218 E.01978
G1 Z13.5218 C35625.709 E.01974
G1 Z13.5233 C35628.14 B-23.217 E.01975
G1 Z13.5248 C35630.575 E.01978
G1 Z13.5263 C35633.009 B-23.216 E.01978
G1 Z13.5278 C35635.439 B-23.215 E.01976
G1 Z13.5293 C35637.869 E.01979
G1 Z13.5307 C35639.695 B-23.214 E.01489
G1 Z13.5323 C35642.739 E.02471
G1 Z13.534 C35645.169 B-23.213 E.01975
G1 Z13.5357 C35647.599 B-23.212 E.01973
G1 Z13.5374 C35650.643 E.02470
G1 Z13.5392 C35653.683 B-23.211 E.02472
G1 Z13.5409 C35656.113 B-23.21 E.01976
G1 Z13.5427 C35659.155 E.02470
G1 Z13.5445 C35661.59 B-23.209 E.01978
G1 Z13.5459 C35664.021 E.01977
G1 Z13.5473 C35666.451 B-23.208 E.01981
G1 Z13.5487 C35668.275 E.01490
G1 Z13.5501 C35670.712 B-23.207 E.01983
G1 Z13.5515 C35673.143 B-23.206 E.01982
G1 Z13.5529 C35674.965 E.01488
G1 Z13.5543 C35677.397 B-23.205 E.01978
G1 Z13.5557 C35679.833 E.01985
G1 Z13.5575 C35682.265 B-23.204 E.01977
G1 Z13.5593 C35685.302 B-23.203 E.02466
G1 Z13.561 C35687.735 E.01978
G1 Z13.5627 C35690.779 B-23.202 E.02471
G1 Z13.5645 C35693.817 B-23.201 E.02470
G1 Z13.5662 C35696.248 E.01979
G1 Z13.5679 C35699.292 B-23.2 E.02475
G1 Z13.5697 C35701.725 B-23.199 E.01981
G1 Z13.5712 C35704.154 E.01978
G1 Z13.5727 C35706.586 B-23.198 E.01980
G1 Z13.5742 C35709.022 E.01984
G1 Z13.5757 C35711.454 B-23.197 E.01982
G1 Z13.5772 C35713.884 E.01982
G1 Z13.5787 C35716.315 B-23.196 E.01985
G1 Z13.5801 C35718.143 B-23.195 E.01496
G1 Z13.5816 C35720.576 E.01981
G1 Z13.5832 C35723.614 B-23.194 E.02472
G1 Z13.5849 C35726.045 E.01982
G1 Z13.5865 C35728.481 B-23.193 E.01984
G1 Z13.5881 C35730.914 B-23.192 E.01981
G1 X9.3222 Z13.5898 C35733.951 E.02485
G1 Z13.5914 C35736.384 B-23.191 E.01980
G1 Z13.5931 C35738.82 B-23.19 E.01979
G1 Z13.5948 C35741.858 E.02472
G1 Z13.5961 C35743.681 B-23.189 E.01482
G1 Z13.5975 C35746.113 E.01981
G1 Z13.5988 C35747.941 B-23.188 E.01485
G1 Z13.6002 C35750.373 E.01978
G1 Z13.6016 C35752.803 B-23.187 E.01982
G1 Z13.603 C35754.626 E.01482
G1 Z13.6044 C35757.061 B-23.186 E.01981
G1 Z13.6059 C35759.495 B-23.185 E.01984
G1 Z13.6076 C35761.925 E.01974
G1 Z13.6094 C35764.964 B-23.184 E.02470
G1 Z13.6113 C35768.009 B-23.183 E.02477
G1 Z13.6131 C35770.44 E.01974
G1 Z13.6149 C35773.478 B-23.182 E.02467
G1 Z13.6167 C35776.521 B-23.181 E.02473
G1 Z13.6185 C35779.562 E.02474
G1 Z13.6203 C35781.992 B-23.18 E.01973
G1 Z13.6218 C35784.424 B-23.179 E.01975
G1 Z13.6233 C35786.86 E.01979
G1 Z13.6248 C35789.292 B-23.178 E.01977
G1 Z13.6263 C35791.722 E.01977
G1 Z13.6277 C35794.153 B-23.177 E.01979
G1 Z13.6292 C35796.589 B-23.176 E.01986
G1 Z13.6306 C35798.414 E.01483
G1 Z13.6321 C35800.844 B-23.175 E.01975
G1 Z13.6338 C35803.883 E.02474
G1 Z13.6355 C35806.419 B-23.174 E.02064
G1 Z13.6372 C35809.061 B-23.173 E.02149
G1 Z13.6388 C35811.665 E.02118
G1 Z13.6404 C35814.23 B-23.172 E.02086
G1 Z13.642 C35816.754 B-23.171 E.02053
G1 Z13.6436 C35819.236 E.02019
G1 Z13.6478 C35825.848 B-23.169 E.05368
G1 Z13.6519 C35832.276 B-23.168 E.05219
G1 Z13.6561 C35838.922 B-23.166 E.05396
G1 Z13.6586 C35842.802 B-23.165 E.03151
G1 Z13.6597 C35844.629 E.01487
G1 Z13.6615 C35847.671 B-23.164 E.02474
G1 Z13.6633 C35850.708 B-23.163 E.02473
G1 Z13.6651 C35853.14 E.01976
G1 Z13.6669 C35856.185 B-23.162 E.02474
G1 Z13.6688 C35859.223 B-23.161 E.02470
G1 Z13.6706 C35862.261 B-23.16 E.02471
G1 Z13.6721 C35864.698 E.01987
G1 Z13.6736 C35867.13 B-23.159 E.01985
G1 Z13.675 C35868.952 E.01482
G1 Z13.6765 C35871.383 B-23.158 E.01977
G1 Z13.6779 C35873.818 B-23.157 E.01981
G1 Z13.6794 C35876.252 E.01983
G1 Z13.6809 C35878.682 B-23.156 E.01983
G1 Z13.6823 C35880.505 E.01483
G1 Z13.684 C35883.548 B-23.155 E.02476
G1 Z13.6857 C35885.982 B-23.154 E.01979
G1 Z13.6873 C35888.412 E.01974
G1 Z13.689 C35891.451 B-23.153 E.02473
G1 Z13.6906 C35893.887 E.01982
G1 Z13.6922 C35896.319 B-23.152 E.01977
G1 Z13.6938 C35898.749 B-23.151 E.01975
G1 Z13.6954 C35901.789 E.02477
G1 Z13.6968 C35903.616 B-23.15 E.01487
G1 Z13.6982 C35906.049 B-23.149 E.01981
G1 Z13.6996 C35908.479 E.01984
G1 Z13.701 C35910.302 B-23.148 E.01486
G1 Z13.7023 C35912.737 E.01986
G1 Z13.7037 C35914.563 B-23.147 E.01486
G1 Z13.7051 C35916.994 E.01979
G1 Z13.7066 C35919.424 B-23.146 E.01981
G1 Z13.7083 C35921.857 E.01979
G1 Z13.71 C35924.901 B-23.145 E.02478
G1 Z13.7118 C35927.331 B-23.144 E.01976
G1 Z13.7135 C35930.37 E.02471
G1 Z13.7153 C35933.414 B-23.143 E.02478
G1 Z13.7172 C35935.846 B-23.142 E.01977
G1 Z13.719 C35938.883 B-23.141 E.02468
G1 Z13.7208 C35941.926 E.02474
G1 Z13.7223 C35944.36 B-23.14 E.01984
G1 Z13.7237 C35946.79 E.01984
G1 Z13.7251 C35948.613 B-23.139 E.01485
G1 Z13.7266 C35951.047 B-23.138 E.01982
G1 Z13.728 C35953.482 E.01985
G1 Z13.7295 C35955.913 B-23.137 E.01985
G1 Z13.7309 C35957.735 E.01484
G1 Z13.7323 C35960.167 B-23.136 E.01980
G1 Z13.734 C35962.603 E.01981
G1 Z13.7356 C35965.642 B-23.135 E.02476
G1 Z13.7372 C35968.072 B-23.134 E.01981
G1 Z13.7388 C35970.506 E.01982
G1 Z13.7404 C35972.941 B-23.133 E.01982
G1 Z13.742 C35975.372 B-23.132 E.01978
G1 Z13.7436 C35977.802 E.01977
G1 Z13.7451 C35980.845 B-23.131 E.02481
G1 Z13.7467 C35983.279 B-23.13 E.01986
G1 Z13.7483 C35985.709 E.01982
G1 Z13.7499 C35988.14 B-23.129 E.01982
G1 Z13.7514 C35990.575 E.01985
G1 Z13.7529 C35993.009 B-23.128 E.01984
G1 Z13.7544 C35995.439 B-23.127 E.01982
G1 Z13.7559 C35997.869 E.01984
G1 Z13.7573 C35999.695 B-23.126 E.01489
G1 Z13.7589 C36002.739 E.02480
G1 Z13.7606 C36005.169 B-23.125 E.01981
G1 Z13.7623 C36007.599 B-23.124 E.01978
G1 Z13.764 C36010.643 E.02479
G1 Z13.7657 C36013.076 B-23.123 E.01981
G1 Z13.7674 C36016.113 B-23.122 E.02473
G1 Z13.7692 C36018.546 E.01981
G1 Z13.771 C36021.59 B-23.121 E.02477
G1 Z13.7724 C36024.021 B-23.12 E.01984
G1 Z13.7738 C36025.843 E.01487
G1 Z13.7752 C36028.275 B-23.119 E.01982
G1 Z13.7766 C36030.712 E.01989
G1 Z13.778 C36033.143 B-23.118 E.01988
G1 Z13.7794 C36034.965 B-23.117 E.01488
G1 Z13.7809 C36037.397 E.01983
G1 Z13.7823 C36039.833 B-23.116 E.01989
G1 Z13.7841 C36042.265 E.01981
G1 Z13.7858 C36045.302 B-23.115 E.02474
G1 Z13.7875 C36047.735 B-23.114 E.01982
G1 Z13.7892 C36050.779 E.02480
G1 Z13.791 C36053.21 B-23.113 E.01981
G1 Z13.7927 C36056.248 B-23.112 E.02475
G1 Z13.7944 C36058.683 E.01985
G1 Z13.7961 C36061.725 B-23.111 E.02480
G1 Z13.7976 C36064.154 B-23.11 E.01984
G1 Z13.7992 C36066.586 E.01986
G1 Z13.8007 C36069.022 B-23.109 E.01990
G1 Z13.8022 C36071.454 B-23.108 E.01987
G1 Z13.8037 C36073.884 E.01987
G1 Z13.8052 C36076.315 B-23.107 E.01989
G1 Z13.8066 C36078.143 E.01495
G1 Z13.8081 C36080.576 B-23.106 E.01985
G1 Z13.8098 C36083.614 B-23.105 E.02480
G1 Z13.8114 C36086.045 E.01987
G1 Z13.813 C36088.481 B-23.104 E.01989
G1 Z13.8146 C36090.914 B-23.103 E.01985
G1 Z13.8162 C36093.344 E.01982
G1 Z13.8178 C36096.384 B-23.102 E.02480
G1 Z13.8195 C36098.82 E.01990
G1 Z13.8212 C36101.251 B-23.101 E.01983
G1 Z13.8225 C36103.681 B-23.1 E.01986
G1 Z13.8239 C36106.113 E.01993
G1 Z13.8253 C36107.941 B-23.099 E.01499
G1 Z13.8267 C36110.373 E.01990
G1 Z13.8281 C36112.196 B-23.098 E.01493
G1 Z13.8295 C36114.626 E.01984
G1 Z13.8309 C36117.061 B-23.097 E.01991
G1 Z13.8324 C36119.495 B-23.096 E.01994
G1 Z13.8341 C36121.925 E.01984
G1 Z13.8359 C36124.964 B-23.095 E.02478
G1 Z13.8377 C36128.009 B-23.094 E.02487
G1 Z13.8395 C36130.44 E.01985
G1 Z13.8413 C36133.478 B-23.093 E.02477
G1 Z13.8431 C36136.521 B-23.092 E.02484
G1 Z13.8449 C36138.955 B-23.091 E.01987
G1 Z13.8467 C36141.992 E.02476
G1 Z13.8482 C36144.424 B-23.09 E.01988
G1 Z13.8497 C36146.86 B-23.089 E.01992
G1 Z13.8512 C36149.292 E.01990
G1 Z13.8527 C36151.722 B-23.088 E.01990
G1 Z13.8542 C36154.153 E.01992
G1 Z13.8556 C36156.589 B-23.087 E.01999
G1 Z13.8571 C36158.414 B-23.086 E.01499
G1 Z13.8585 C36160.844 E.01987
G1 Z13.8602 C36163.883 B-23.085 E.02484
G1 Z13.8619 C36166.319 E.01994
G1 Z13.8636 C36168.752 B-23.084 E.01989
G1 Z13.8652 C36171.789 B-23.083 E.02483
G1 Z13.8668 C36174.221 E.01993
G1 Z13.8684 C36176.658 B-23.082 E.01995
G1 Z13.87 C36179.089 B-23.081 E.01990
G1 Z13.8715 C36181.519 E.01989
G1 Z13.8728 C36183.342 B-23.08 E.01498
G1 Z13.8742 C36185.779 E.01995
G1 Z13.8755 C36188.211 B-23.079 E.01997
G1 Z13.8769 C36190.033 B-23.078 E.01501
G1 Z13.8783 C36192.464 E.01994
G1 Z13.8797 C36194.29 B-23.077 E.01502
G1 Z13.8811 C36196.725 E.01993
G1 Z13.8825 C36199.156 B-23.076 E.01993
G1 Z13.8843 C36201.586 E.01988
G1 Z13.885 C36202.802 B-23.075 E.01019
G1 Z13.886 C36204.629 E.01506
G1 Z13.8878 C36207.671 B-23.074 E.02486
G1 Z13.8896 C36210.1 B-23.073 E.01987
G1 Z13.8914 C36213.14 E.02481
G1 Z13.8933 C36216.185 B-23.072 E.02487
G1 X9.3725 Z13.8951 C36219.223 B-23.071 E.02497
G1 Z13.8969 C36222.261 B-23.07 E.02487
G1 Z13.8984 C36224.088 E.01492
G1 Z13.8999 C36226.522 B-23.069 E.01988
G1 Z13.9014 C36228.952 E.01985
G1 Z13.9028 C36231.383 B-23.068 E.01987
G1 Z13.9043 C36233.818 B-23.067 E.01992
G1 Z13.9058 C36236.252 E.01993
G1 Z13.9072 C36238.682 B-23.066 E.01992
G1 Z13.9087 C36240.505 E.01489
G1 Z13.9104 C36243.548 B-23.065 E.02489
G1 Z13.912 C36245.982 B-23.064 E.01989
G1 Z13.9137 C36248.412 E.01984
G1 Z13.9153 C36251.451 B-23.063 E.02486
G1 Z13.9169 C36253.887 B-23.062 E.01993
G1 Z13.9185 C36256.319 E.01988
G1 Z13.9201 C36258.749 B-23.061 E.01985
G1 Z13.9216 C36261.18 B-23.06 E.01985
G1 Z13.9231 C36263.616 E.01991
G1 Z13.9245 C36266.049 B-23.059 E.01992
G1 Z13.9259 C36267.871 E.01488
G1 Z13.9273 C36270.302 B-23.058 E.01988
G1 Z13.9286 C36272.737 E.01996
G1 Z13.93 C36274.563 B-23.057 E.01492
G1 Z13.9315 C36276.994 B-23.056 E.01988
G1 Z13.9329 C36279.424 E.01989
G1 Z13.9346 C36281.857 B-23.055 E.01988
G1 Z13.9363 C36284.901 B-23.054 E.02490
G1 Z13.9381 C36287.331 E.01985
G1 Z13.9398 C36290.37 B-23.053 E.02484
G1 Z13.9416 C36293.414 B-23.052 E.02492
G1 Z13.9434 C36295.846 E.01986
G1 Z13.9452 C36298.883 B-23.051 E.02481
G1 Z13.947 C36301.926 B-23.05 E.02488
G1 Z13.9485 C36304.36 E.01996
G1 Z13.9499 C36306.183 B-23.049 E.01490
G1 Z13.9514 C36308.613 B-23.048 E.01986
G1 Z13.9528 C36311.047 E.01991
G1 Z13.9543 C36313.482 B-23.047 E.01994
G1 Z13.9557 C36315.913 E.01994
G1 Z13.9572 C36317.735 B-23.046 E.01489
G1 Z13.9586 C36320.167 B-23.045 E.01987
G1 Z13.9602 C36322.603 E.01990
G1 Z13.9619 C36325.642 B-23.044 E.02488
G1 Z13.9634 C36328.072 B-23.043 E.01990
G1 Z13.965 C36330.506 E.01992
G1 Z13.9666 C36332.941 B-23.042 E.01991
G1 Z13.9682 C36335.372 B-23.041 E.01987
G1 Z13.9697 C36337.802 E.01986
G1 Z13.9713 C36340.236 B-23.04 E.01989
G1 Z13.9729 C36342.671 E.01989
G1 Z13.9745 C36345.709 B-23.039 E.02487
G1 Z13.976 C36348.14 B-23.038 E.01991
G1 Z13.9776 C36350.575 E.01994
G1 Z13.9791 C36353.009 B-23.037 E.01993
G1 Z13.9806 C36355.439 B-23.036 E.01990
G1 Z13.9821 C36357.869 E.01992
G1 Z13.9836 C36359.695 B-23.035 E.01493
G1 Z13.9852 C36362.739 E.02491
G1 Z13.9868 C36365.169 B-23.034 E.01989
G1 Z13.9885 C36367.599 B-23.033 E.01986
G1 Z13.9902 C36370.643 E.02491
G1 Z13.9919 C36373.076 B-23.032 E.01989
G1 Z13.9936 C36376.113 B-23.031 E.02486
G1 Z13.9953 C36378.546 B-23.03 E.01989
G1 Z13.9971 C36381.59 E.02489
G1 Z13.9985 C36384.021 B-23.029 E.01994
G1 Z13.9999 C36385.843 E.01491
G1 Z14.0013 C36388.275 B-23.028 E.01990
G1 Z14.0028 C36390.712 B-23.027 E.01998
G1 Z14.0042 C36392.535 E.01491
G1 Z14.0056 C36394.965 B-23.026 E.01987
G1 Z14.0071 C36397.397 E.01990
G1 Z14.0085 C36399.833 B-23.025 E.01996
G1 Z14.0102 C36402.265 B-23.024 E.01988
G1 Z14.0119 C36405.302 E.02485
G1 Z14.0136 C36407.735 B-23.023 E.01989
G1 Z14.0154 C36410.779 B-23.022 E.02491
G1 Z14.0171 C36413.21 B-23.021 E.01988
G1 Z14.0188 C36416.248 E.02488
G1 Z14.0205 C36418.683 B-23.02 E.01993
G1 Z14.0222 C36421.117 B-23.019 E.01990
G1 Z14.0237 C36424.154 E.02488
G1 Z14.0253 C36426.586 B-23.018 E.01996
G1 Z14.0268 C36429.022 E.01999
G1 Z14.0283 C36431.454 B-23.017 E.01995
G1 Z14.0298 C36433.884 B-23.016 E.01994
G1 Z14.0313 C36436.315 E.01997
G1 Z14.0328 C36438.143 B-23.015 E.01497
G1 Z14.0343 C36440.576 B-23.014 E.01991
G1 Z14.0359 C36443.614 E.02490
G1 Z14.0375 C36446.045 B-23.013 E.01993
G1 Z14.0391 C36448.481 B-23.012 E.01996
G1 Z14.0407 C36450.914 E.01992
G1 Z14.0423 C36453.344 B-23.011 E.01988
G1 Z14.0439 C36455.775 B-23.01 E.01988
G1 Z14.0456 C36458.82 E.02493
G1 Z14.0472 C36461.251 B-23.009 E.01990
G1 Z14.0486 C36463.681 B-23.008 E.01994
G1 Z14.0499 C36465.505 E.01496
G1 Z14.0513 C36467.941 B-23.007 E.01996
G1 Z14.0527 C36470.373 E.01997
G1 Z14.0542 C36472.196 B-23.006 E.01495
G1 Z14.0556 C36474.626 E.01990
G1 Z14.057 C36477.061 B-23.005 E.01997
G1 Z14.0585 C36479.495 B-23.004 E.01999
G1 Z14.0602 C36481.925 E.01990
G1 Z14.062 C36484.964 B-23.003 E.02488
G1 Z14.0638 C36488.009 B-23.002 E.02497
G1 Z14.0656 C36490.44 B-23.001 E.01991
G1 Z14.0673 C36493.478 E.02488
G1 Z14.0691 C36496.521 B-23. E.02496
G1 Z14.0709 C36498.955 B-22.999 E.01994
G1 Z14.0727 C36501.992 E.02487
G1 Z14.0742 C36504.424 B-22.998 E.01996
G1 Z14.0757 C36506.86 B-22.997 E.02000
G1 Z14.0772 C36509.292 E.01997
G1 Z14.0787 C36511.722 B-22.996 E.01997
G1 Z14.0802 C36514.153 B-22.995 E.01999
G1 Z14.0817 C36515.98 E.01500
G1 Z14.0831 C36518.414 B-22.994 E.01994
G1 Z14.0846 C36520.844 E.01992
G1 Z14.0863 C36523.883 B-22.993 E.02493
G1 Z14.088 C36526.319 B-22.992 E.01999
G1 Z14.0896 C36528.752 E.01994
G1 Z14.0912 C36531.181 B-22.991 E.01990
G1 Z14.0928 C36534.221 B-22.99 E.02493
G1 Z14.0944 C36536.658 E.02002
G1 Z14.0959 C36539.089 B-22.989 E.01997
G1 Z14.0975 C36541.519 B-22.988 E.01996
G1 Z14.0988 C36543.342 E.01500
G1 Z14.1001 C36545.779 B-22.987 E.02002
G1 Z14.1015 C36547.603 E.01500
G1 Z14.1029 C36550.033 B-22.986 E.01995
G1 Z14.1043 C36552.464 B-22.985 E.02000
G1 Z14.1057 C36554.29 E.01502
G1 Z14.1071 C36556.725 B-22.984 E.01998
G1 Z14.1085 C36559.156 E.01997
G1 Z14.1103 C36561.586 B-22.983 E.01992
G1 Z14.111 C36562.802 E.01012
G1 Z14.112 C36564.629 B-22.982 E.01507
G1 Z14.1138 C36567.671 B-22.981 E.02495
G1 Z14.1156 C36570.1 E.01992
G1 Z14.1174 C36573.14 B-22.98 E.02491
G1 Z14.1192 C36576.185 B-22.979 E.02497
G1 Z14.121 C36579.223 B-22.978 E.02494
G1 Z14.1228 C36581.653 E.01994
G1 Z14.1243 C36584.088 B-22.977 E.01999
G1 Z14.1258 C36586.522 B-22.976 E.01999
G1 Z14.1273 C36588.952 E.01996
G1 Z14.1288 C36591.383 B-22.975 E.01998
G1 Z14.1302 C36593.818 E.02003
G1 Z14.1317 C36596.252 B-22.974 E.02004
G1 Z14.1332 C36598.682 B-22.973 E.02003
G1 Z14.1347 C36600.505 E.01503
G1 Z14.1363 C36603.548 B-22.972 E.02497
G1 Z14.1379 C36605.982 B-22.971 E.02000
G1 Z14.1396 C36608.412 E.01995
G1 Z14.1412 C36611.451 B-22.97 E.02496
G1 Z14.1428 C36613.887 B-22.969 E.02006
G1 Z14.1444 C36616.319 E.02001
G1 Z14.146 C36618.749 B-22.968 E.01998
G1 Z14.1475 C36621.18 B-22.967 E.01999
G1 Z14.1489 C36623.616 E.02005
G1 Z14.1504 C36626.049 B-22.966 E.02007
G1 Z14.1518 C36627.871 E.01505
G1 Z14.1532 C36630.302 B-22.965 E.02001
G1 Z14.1545 C36632.737 E.02009
G1 Z14.1559 C36634.563 B-22.964 E.01509
G1 Z14.1574 C36636.994 B-22.963 E.02000
G1 Z14.1588 C36639.424 E.02002
G1 Z14.1605 C36641.857 B-22.962 E.02000
G1 Z14.1622 C36644.901 B-22.961 E.02501
G1 Z14.1639 C36647.331 B-22.96 E.01998
G1 Z14.1657 C36650.37 E.02496
G1 Z14.1675 C36652.806 B-22.959 E.02002
G1 Z14.1692 C36655.846 B-22.958 E.02494
G1 Z14.171 C36658.883 E.02494
G1 Z14.1729 C36661.926 B-22.957 E.02502
G1 Z14.1743 C36663.752 B-22.956 E.01510
G1 Z14.1757 C36666.183 E.02000
G1 Z14.1772 C36668.613 B-22.955 E.02001
G1 Z14.1787 C36671.047 B-22.954 E.02006
G1 Z14.1801 C36673.482 E.02010
G1 Z14.1816 C36675.305 B-22.953 E.01508
G1 Z14.183 C36677.735 B-22.952 E.01999
G1 Z14.1845 C36680.167 E.02002
G1 Z14.1861 C36682.603 B-22.951 E.02005
G1 X9.4227 Z14.1877 C36685.035 E.02011
G1 Z14.1893 C36688.072 B-22.95 E.02498
G1 Z14.1908 C36690.506 B-22.949 E.02003
G1 Z14.1924 C36692.941 E.02003
G1 Z14.194 C36695.372 B-22.948 E.01999
G1 Z14.1955 C36697.802 B-22.947 E.01998
G1 Z14.197 C36700.236 E.02001
G1 Z14.1986 C36702.671 B-22.946 E.02000
G1 Z14.2003 C36705.102 B-22.945 E.01995
G1 Z14.2018 C36708.14 E.02499
G1 Z14.2034 C36710.575 B-22.944 E.02005
G1 Z14.2049 C36713.009 B-22.943 E.02004
G1 Z14.2065 C36715.439 E.02001
G1 Z14.2079 C36717.869 B-22.942 E.02002
G1 Z14.2094 C36719.695 B-22.941 E.01499
G1 Z14.211 C36722.739 E.02504
G1 Z14.2126 C36725.169 B-22.94 E.01998
G1 Z14.2143 C36727.599 B-22.939 E.01996
G1 Z14.2159 C36730.643 E.02505
G1 Z14.2176 C36733.076 B-22.938 E.02000
G1 Z14.2193 C36736.113 B-22.937 E.02500
G1 Z14.221 C36738.546 B-22.936 E.01999
G1 Z14.2229 C36741.59 E.02504
G1 Z14.2243 C36743.413 B-22.935 E.01497
G1 Z14.2257 C36745.843 B-22.934 E.01997
G1 Z14.2271 C36748.275 E.02001
G1 Z14.2285 C36750.712 B-22.933 E.02008
G1 Z14.23 C36752.535 E.01497
G1 Z14.2314 C36754.965 B-22.932 E.01996
G1 Z14.2329 C36757.397 B-22.931 E.01999
G1 Z14.2343 C36759.833 E.02004
G1 Z14.236 C36762.265 B-22.93 E.01997
G1 Z14.2377 C36765.302 B-22.929 E.02497
G1 Z14.2394 C36767.735 E.01999
G1 Z14.2411 C36770.779 B-22.928 E.02505
G1 Z14.2428 C36773.21 B-22.927 E.01998
G1 Z14.2445 C36775.64 E.01995
G1 Z14.2461 C36778.683 B-22.926 E.02501
G1 Z14.2478 C36781.117 B-22.925 E.02000
G1 Z14.2494 C36783.547 B-22.924 E.01995
G1 Z14.251 C36785.977 E.01995
G1 Z14.2525 C36789.022 B-22.923 E.02507
G1 Z14.254 C36791.454 E.02006
G1 Z14.2556 C36793.884 B-22.922 E.02004
G1 Z14.2571 C36795.707 B-22.921 E.01498
G1 Z14.2585 C36798.143 E.02000
G1 Z14.26 C36800.576 B-22.92 E.01999
G1 Z14.2617 C36803.614 B-22.919 E.02501
G1 Z14.2633 C36806.045 E.02002
G1 Z14.2648 C36808.481 B-22.918 E.02004
G1 Z14.2664 C36810.914 B-22.917 E.02001
G1 Z14.268 C36813.344 E.01997
G1 Z14.2696 C36815.775 B-22.916 E.01997
G1 Z14.2712 C36818.82 B-22.915 E.02506
G1 Z14.2729 C36821.251 B-22.914 E.02000
G1 Z14.2742 C36823.681 E.02005
G1 Z14.2756 C36825.505 B-22.913 E.01501
G1 Z14.277 C36827.941 E.02006
G1 Z14.2784 C36830.373 B-22.912 E.02006
G1 Z14.2798 C36832.196 B-22.911 E.01500
G1 Z14.2813 C36834.626 E.01999
G1 Z14.2827 C36837.061 B-22.91 E.02005
G1 Z14.2842 C36839.495 E.02007
G1 Z14.2859 C36841.925 B-22.909 E.01997
G1 Z14.2877 C36844.964 B-22.908 E.02499
G1 Z14.2894 C36847.4 B-22.907 E.02001
G1 Z14.2912 C36850.44 E.02498
G1 Z14.2929 C36853.478 B-22.906 E.02500
G1 Z14.2947 C36855.912 B-22.905 E.02000
G1 Z14.2965 C36858.955 B-22.904 E.02502
G1 Z14.2983 C36861.992 E.02501
G1 Z14.2998 C36864.424 B-22.903 E.02006
G1 Z14.3013 C36866.86 B-22.902 E.02010
G1 Z14.3028 C36869.292 E.02007
G1 Z14.3043 C36871.722 B-22.901 E.02006
G1 Z14.3058 C36873.545 B-22.9 E.01500
G1 Z14.3073 C36875.98 E.02001
G1 Z14.3088 C36878.414 B-22.899 E.02001
G1 Z14.3102 C36880.844 B-22.898 E.01999
G1 Z14.3119 C36883.275 E.01998
G1 Z14.3136 C36886.319 B-22.897 E.02504
G1 Z14.3152 C36888.752 B-22.896 E.02002
G1 Z14.3168 C36891.181 E.01997
G1 Z14.3184 C36893.613 B-22.895 E.01999
G1 Z14.32 C36896.658 B-22.894 E.02508
G1 Z14.3215 C36899.089 E.02006
G1 Z14.323 C36901.519 B-22.893 E.02006
G1 Z14.3243 C36903.342 B-22.892 E.01504
G1 Z14.3257 C36905.779 E.02011
G1 Z14.3271 C36907.603 B-22.891 E.01504
G1 Z14.3285 C36910.033 E.02002
G1 Z14.3299 C36912.464 B-22.89 E.02007
G1 Z14.3313 C36914.29 E.01505
G1 Z14.3327 C36916.725 B-22.889 E.02005
G1 Z14.3342 C36919.156 B-22.888 E.02004
G1 Z14.3359 C36921.586 E.01999
G1 Z14.3366 C36922.802 B-22.887 E.01009
G1 Z14.3376 C36924.629 E.01510
G1 Z14.3394 C36927.671 B-22.886 E.02506
G1 Z14.3412 C36930.1 B-22.885 E.01999
G1 Z14.3429 C36933.14 E.02501
G1 Z14.3447 C36936.185 B-22.884 E.02509
G1 Z14.3465 C36938.615 B-22.883 E.02000
G1 Z14.3483 C36941.653 B-22.882 E.02499
G1 Z14.3498 C36944.088 E.02007
G1 Z14.3513 C36946.522 B-22.881 E.02007
G1 Z14.3528 C36948.952 B-22.88 E.02004
G1 Z14.3543 C36951.383 E.02006
G1 Z14.3558 C36953.818 B-22.879 E.02010
G1 Z14.3573 C36956.252 B-22.878 E.02011
G1 Z14.3588 C36958.075 E.01504
G1 Z14.3603 C36960.505 B-22.877 E.02000
G1 Z14.3619 C36963.548 B-22.876 E.02507
G1 Z14.3635 C36965.982 E.02007
G1 Z14.3651 C36968.412 B-22.875 E.02002
G1 Z14.3667 C36970.842 B-22.874 E.02001
G1 Z14.3683 C36973.887 E.02510
G1 Z14.3699 C36976.319 B-22.873 E.02009
G1 Z14.3714 C36978.749 B-22.872 E.02006
G1 Z14.373 C36981.18 E.02007
G1 Z14.3744 C36983.616 B-22.871 E.02014
G1 Z14.3759 C36985.441 B-22.87 E.01508
G1 Z14.3773 C36987.871 E.02003
G1 Z14.3787 C36990.302 B-22.869 E.02008
G1 Z14.3801 C36992.128 E.01509
G1 Z14.3815 C36994.563 B-22.868 E.02007
G1 Z14.3829 C36996.994 B-22.867 E.02006
G1 Z14.3844 C36999.424 E.02007
G1 Z14.3861 C37001.857 B-22.866 E.02006
G1 Z14.3877 C37004.901 B-22.865 E.02510
G1 Z14.3895 C37007.331 B-22.864 E.02004
G1 Z14.3912 C37010.37 E.02506
G1 Z14.3929 C37012.806 B-22.863 E.02008
G1 Z14.3947 C37015.846 B-22.862 E.02504
G1 Z14.3965 C37018.883 B-22.861 E.02505
G1 Z14.3983 C37021.317 E.02007
G1 Z14.3998 C37023.752 B-22.86 E.02009
G1 Z14.4012 C37026.183 B-22.859 E.02007
G1 Z14.4027 C37028.613 E.02008
G1 Z14.4042 C37031.047 B-22.858 E.02013
G1 Z14.4056 C37033.482 B-22.857 E.02016
G1 Z14.4071 C37035.305 E.01509
G1 Z14.4086 C37037.735 B-22.856 E.02004
G1 Z14.41 C37040.167 E.02007
G1 Z14.4117 C37043.212 B-22.855 E.02514
G1 Z14.4133 C37045.642 B-22.854 E.02009
G1 Z14.415 C37048.072 B-22.853 E.02007
G1 Z14.4166 C37050.506 E.02008
G1 Z14.4182 C37053.549 B-22.852 E.02512
G1 Z14.4198 C37055.979 B-22.851 E.02010
G1 Z14.4214 C37058.41 E.02009
G1 Z14.423 C37060.845 B-22.85 E.02011
G1 Z14.4245 C37063.279 B-22.849 E.02010
G1 Z14.4261 C37065.709 E.02006
G1 Z14.4276 C37068.14 B-22.848 E.02007
G1 Z14.4291 C37070.575 B-22.847 E.02011
G1 Z14.4306 C37073.009 E.02011
G1 Z14.4321 C37075.439 B-22.846 E.02009
G1 Z14.4335 C37077.869 B-22.845 E.02012
G1 Z14.4349 C37079.695 E.01515
G1 Z14.4365 C37082.739 B-22.844 E.02513
G1 Z14.4381 C37085.169 B-22.843 E.02011
G1 Z14.4397 C37087.599 E.02009
G1 Z14.4414 C37090.034 B-22.842 E.02011
G1 Z14.4431 C37093.076 B-22.841 E.02510
G1 Z14.4448 C37095.506 B-22.84 E.02008
G1 Z14.4465 C37098.546 E.02509
G1 Z14.4482 C37100.982 B-22.839 E.02013
G1 Z14.4496 C37103.413 B-22.838 E.02010
G1 Z14.4511 C37105.843 E.02012
G1 Z14.4525 C37108.275 B-22.837 E.02016
G1 Z14.4539 C37110.103 E.01519
G1 Z14.4554 C37112.535 B-22.836 E.02011
G1 Z14.4569 C37114.965 B-22.835 E.02010
G1 Z14.4583 C37117.397 E.02013
G1 Z14.4598 C37119.833 B-22.834 E.02018
G1 Z14.4615 C37122.265 B-22.833 E.02012
G1 Z14.4632 C37125.302 B-22.832 E.02510
G1 Z14.4648 C37127.735 E.02014
G1 Z14.4665 C37130.171 B-22.831 E.02014
G1 X9.4727 Z14.4682 C37133.21 B-22.83 E.02523
G1 Z14.4698 C37135.64 E.02006
G1 Z14.4715 C37138.683 B-22.829 E.02516
G1 Z14.4732 C37141.117 B-22.828 E.02012
G1 Z14.4748 C37143.547 B-22.827 E.02007
G1 Z14.4763 C37145.977 E.02006
G1 Z14.4779 C37148.413 B-22.826 E.02010
G1 Z14.4794 C37150.847 B-22.825 E.02008
G1 Z14.481 C37153.277 E.02005
G1 Z14.4825 C37155.707 B-22.824 E.02005
G1 Z14.484 C37158.143 B-22.823 E.02010
G1 Z14.4854 C37160.576 E.02009
G1 Z14.4871 C37163.006 B-22.822 E.02005
G1 Z14.4887 C37166.045 B-22.821 E.02512
G1 Z14.4902 C37168.481 E.02015
G1 Z14.4918 C37170.914 B-22.82 E.02012
G1 Z14.4933 C37173.344 B-22.819 E.02008
G1 Z14.4949 C37175.775 E.02007
G1 Z14.4966 C37178.211 B-22.818 E.02010
G1 Z14.4982 C37181.251 B-22.817 E.02513
G1 Z14.4996 C37183.073 B-22.816 E.01505
G1 Z14.5009 C37185.505 E.02010
G1 Z14.5024 C37187.941 B-22.815 E.02017
G1 Z14.5038 C37189.766 E.01507
G1 Z14.5052 C37192.196 B-22.814 E.02007
G1 Z14.5067 C37194.626 B-22.813 E.02008
G1 Z14.5081 C37197.061 E.02014
G1 Z14.5096 C37199.495 B-22.812 E.02016
G1 Z14.5113 C37201.925 B-22.811 E.02007
G1 Z14.513 C37204.964 E.02512
G1 Z14.5148 C37207.4 B-22.81 E.02011
G1 Z14.5165 C37210.44 B-22.809 E.02511
G1 Z14.5183 C37213.478 B-22.808 E.02514
G1 Z14.52 C37215.912 E.02011
G1 Z14.5218 C37218.955 B-22.807 E.02516
G1 Z14.5236 C37221.385 B-22.806 E.02006
G1 Z14.5251 C37223.815 B-22.805 E.02006
G1 Z14.5266 C37226.251 E.02011
G1 Z14.5281 C37228.684 B-22.804 E.02008
G1 Z14.5297 C37231.115 B-22.803 E.02007
G1 Z14.5312 C37233.545 E.02006
G1 Z14.5327 C37235.98 B-22.802 E.02010
G1 Z14.5342 C37238.414 B-22.801 E.02010
G1 Z14.5356 C37240.844 E.02008
G1 Z14.5373 C37243.275 B-22.8 E.02007
G1 Z14.5389 C37246.319 B-22.799 E.02516
G1 Z14.5406 C37248.752 B-22.798 E.02011
G1 Z14.5422 C37251.181 E.02006
G1 Z14.5438 C37253.613 B-22.797 E.02008
G1 Z14.5453 C37256.049 B-22.796 E.02011
G1 Z14.5468 C37258.481 E.02008
G1 Z14.5483 C37260.911 B-22.795 E.02007
G1 Z14.5497 C37263.342 B-22.794 E.02011
G1 Z14.551 C37265.17 E.01510
G1 Z14.5524 C37267.603 B-22.793 E.02011
G1 Z14.5538 C37270.033 E.02012
G1 Z14.5552 C37271.856 B-22.792 E.01506
G1 Z14.5566 C37274.29 B-22.791 E.02011
G1 Z14.5581 C37276.725 E.02013
G1 Z14.5595 C37279.156 B-22.79 E.02012
G1 Z14.5612 C37281.586 B-22.789 E.02007
G1 Z14.5619 C37282.802 E.01009
G1 Z14.563 C37284.629 E.01515
G1 Z14.5647 C37287.671 B-22.788 E.02518
G1 Z14.5665 C37290.1 B-22.787 E.02008
G1 Z14.5682 C37293.14 B-22.786 E.02514
G1 Z14.57 C37295.576 E.02012
G1 Z14.5718 C37298.615 B-22.785 E.02510
G1 Z14.5736 C37301.653 B-22.784 E.02512
G1 Z14.5751 C37304.088 B-22.783 E.02016
G1 Z14.5766 C37306.522 E.02016
G1 Z14.5781 C37308.952 B-22.782 E.02013
G1 Z14.5796 C37311.383 B-22.781 E.02015
G1 Z14.5811 C37313.818 E.02019
G1 Z14.5826 C37316.252 B-22.78 E.02019
G1 Z14.5841 C37318.075 B-22.779 E.01508
G1 Z14.5856 C37320.505 E.02008
G1 Z14.5872 C37323.548 B-22.778 E.02518
G1 Z14.5888 C37325.982 B-22.777 E.02015
G1 Z14.5904 C37328.412 B-22.776 E.02010
G1 Z14.592 C37330.842 E.02009
G1 Z14.5936 C37333.278 B-22.775 E.02013
G1 Z14.5951 C37336.319 B-22.774 E.02518
G1 Z14.5967 C37338.749 E.02016
G1 Z14.5982 C37341.18 B-22.773 E.02017
G1 Z14.5997 C37343.007 B-22.772 E.01513
G1 Z14.6011 C37345.441 E.02013
G1 Z14.6025 C37347.871 B-22.771 E.02012
G1 Z14.6039 C37350.302 B-22.77 E.02016
G1 Z14.6053 C37352.128 E.01513
G1 Z14.6068 C37354.563 B-22.769 E.02015
G1 Z14.6082 C37356.994 B-22.768 E.02014
G1 Z14.6097 C37359.424 E.02014
G1 Z14.6113 C37361.857 B-22.767 E.02013
G1 Z14.613 C37364.901 B-22.766 E.02521
G1 Z14.6147 C37367.331 E.02012
G1 Z14.6165 C37370.37 B-22.765 E.02517
G1 Z14.6182 C37372.806 B-22.764 E.02016
G1 Z14.62 C37375.846 B-22.763 E.02516
G1 Z14.6217 C37378.275 E.02009
G1 Z14.6235 C37381.317 B-22.762 E.02515
G1 Z14.625 C37383.752 B-22.761 E.02017
G1 Z14.6264 C37386.183 B-22.76 E.02015
G1 Z14.6279 C37388.613 E.02016
G1 Z14.6294 C37391.047 B-22.759 E.02021
G1 Z14.6309 C37393.482 B-22.758 E.02024
G1 Z14.6324 C37395.305 E.01512
G1 Z14.6338 C37397.735 B-22.757 E.02011
G1 Z14.6353 C37400.167 B-22.756 E.02014
G1 Z14.637 C37403.212 E.02524
G1 Z14.6386 C37405.642 B-22.755 E.02016
G1 Z14.6402 C37408.072 B-22.754 E.02013
G1 Z14.6418 C37410.506 E.02015
G1 Z14.6435 C37413.549 B-22.753 E.02522
G1 Z14.6451 C37415.979 B-22.752 E.02016
G1 Z14.6466 C37418.41 B-22.751 E.02015
G1 Z14.6482 C37420.845 E.02018
G1 Z14.6498 C37423.279 B-22.75 E.02016
G1 Z14.6513 C37425.709 B-22.749 E.02013
G1 Z14.6528 C37428.14 E.02014
G1 Z14.6543 C37430.575 B-22.748 E.02017
G1 Z14.6558 C37433.009 B-22.747 E.02017
G1 Z14.6573 C37435.439 E.02015
G1 Z14.6587 C37437.869 B-22.746 E.02018
G1 Z14.6602 C37439.695 B-22.745 E.01517
G1 Z14.6617 C37442.739 E.02523
G1 Z14.6633 C37445.169 B-22.744 E.02018
G1 Z14.6649 C37447.599 B-22.743 E.02015
G1 Z14.6666 C37450.034 E.02018
G1 Z14.6683 C37453.076 B-22.742 E.02521
G1 Z14.6699 C37455.506 B-22.741 E.02015
G1 Z14.6716 C37458.546 B-22.74 E.02520
G1 Z14.6734 C37460.982 B-22.739 E.02020
G1 Z14.6748 C37463.413 E.02018
G1 Z14.6762 C37465.843 B-22.738 E.02019
G1 Z14.6777 C37468.275 E.02024
G1 Z14.6791 C37470.103 B-22.737 E.01521
G1 Z14.6806 C37472.535 B-22.736 E.02017
G1 Z14.6821 C37474.965 B-22.735 E.02017
G1 Z14.6835 C37477.397 E.02020
G1 Z14.685 C37479.833 B-22.734 E.02024
G1 Z14.6867 C37482.265 B-22.733 E.02018
G1 Z14.6883 C37485.302 E.02520
G1 Z14.69 C37487.735 B-22.732 E.02021
G1 Z14.6917 C37490.171 B-22.731 E.02021
G1 Z14.6933 C37493.21 B-22.73 E.02520
G1 Z14.695 C37495.64 E.02018
G1 Z14.6966 C37498.074 B-22.729 E.02019
G1 Z14.6983 C37501.117 B-22.728 E.02524
G1 Z14.6999 C37503.547 B-22.727 E.02020
G1 Z14.7014 C37505.977 E.02018
G1 Z14.703 C37508.413 B-22.726 E.02023
G1 Z14.7046 C37510.847 B-22.725 E.02021
G1 Z14.7061 C37513.277 E.02017
G1 Z14.7076 C37515.707 B-22.724 E.02017
G1 Z14.7091 C37518.143 B-22.723 E.02023
G1 Z14.7106 C37520.576 E.02021
G1 Z14.7123 C37523.006 B-22.722 E.02017
G1 Z14.7138 C37526.045 B-22.721 E.02523
G1 Z14.7154 C37528.481 E.02028
G1 Z14.7169 C37530.914 B-22.72 E.02026
G1 Z14.7185 C37533.344 B-22.719 E.02022
G1 Z14.7201 C37535.775 B-22.718 E.02022
G1 Z14.7217 C37538.211 E.02024
G1 Z14.7233 C37541.251 B-22.717 E.02526
G1 Z14.7247 C37543.073 B-22.716 E.01524
G1 Z14.7261 C37545.505 E.02025
G1 Z14.7275 C37547.941 B-22.715 E.02032
G1 Z14.7289 C37549.766 B-22.714 E.01526
G1 Z14.7304 C37552.196 E.02021
G1 Z14.7318 C37554.626 B-22.713 E.02023
G1 Z14.7333 C37557.061 B-22.712 E.02029
G1 Z14.7347 C37559.495 E.02030
G1 Z14.7364 C37561.925 B-22.711 E.02022
G1 Z14.7382 C37564.964 B-22.71 E.02524
G1 X9.523 Z14.7399 C37567.4 B-22.709 E.02037
G1 Z14.7416 C37570.44 E.02525
G1 Z14.7434 C37572.87 B-22.708 E.02016
G1 Z14.7451 C37575.912 B-22.707 E.02525
G1 Z14.7469 C37578.955 B-22.706 E.02530
G1 Z14.7486 C37581.385 B-22.705 E.02017
G1 Z14.7501 C37583.815 E.02017
G1 Z14.7517 C37586.251 B-22.704 E.02021
G1 Z14.7532 C37588.684 B-22.703 E.02019
G1 Z14.7548 C37591.115 E.02017
G1 Z14.7563 C37593.545 B-22.702 E.02016
G1 Z14.7578 C37595.98 B-22.701 E.02021
G1 Z14.7593 C37598.414 E.02020
G1 Z14.7608 C37600.844 B-22.7 E.02017
G1 Z14.7623 C37603.275 B-22.699 E.02018
G1 Z14.7639 C37605.71 E.02021
G1 Z14.7654 C37608.144 B-22.698 E.02020
G1 Z14.7669 C37610.574 B-22.697 E.02017
G1 Z14.7684 C37613.005 E.02018
G1 Z14.7698 C37615.44 B-22.696 E.02023
G1 Z14.7713 C37617.874 B-22.695 E.02024
G1 Z14.7727 C37619.696 E.01512
G1 Z14.7741 C37622.126 B-22.694 E.02017
G1 Z14.7755 C37624.56 B-22.693 E.02022
G1 Z14.777 C37626.995 E.02024
G1 Z14.7785 C37629.426 B-22.692 E.02022
G1 Z14.78 C37631.856 B-22.691 E.02022
G1 Z14.7815 C37634.29 E.02025
G1 Z14.7831 C37636.725 B-22.69 E.02025
G1 Z14.7846 C37639.156 B-22.689 E.02021
G1 Z14.7863 C37641.586 B-22.688 E.02016
G1 Z14.787 C37642.802 E.01012
G1 Z14.789 C37645.847 B-22.687 E.02527
G1 Z14.7907 C37648.885 B-22.686 E.02525
G1 Z14.7925 C37651.316 E.02017
G1 Z14.7943 C37654.359 B-22.685 E.02527
G1 Z14.796 C37657.4 B-22.684 E.02528
G1 Z14.7978 C37659.83 B-22.683 E.02017
G1 Z14.7994 C37662.87 B-22.682 E.02527
G1 Z14.801 C37665.306 E.02028
G1 Z14.8025 C37667.738 B-22.681 E.02025
G1 Z14.804 C37670.167 B-22.68 E.02023
G1 Z14.8055 C37672.6 E.02027
G1 Z14.807 C37675.036 B-22.679 E.02030
G1 Z14.8085 C37676.86 B-22.678 E.01514
G1 Z14.81 C37679.289 E.02016
G1 Z14.8116 C37681.721 B-22.677 E.02018
G1 Z14.8132 C37684.766 B-22.676 E.02531
G1 Z14.8148 C37687.197 B-22.675 E.02021
G1 Z14.8163 C37689.627 E.02019
G1 Z14.8179 C37692.059 B-22.674 E.02020
G1 Z14.8195 C37694.495 B-22.673 E.02023
G1 Z14.821 C37696.927 E.02019
G1 Z14.8225 C37699.356 B-22.672 E.02017
G1 Z14.824 C37701.789 B-22.671 E.02021
G1 Z14.8255 C37704.225 E.02024
G1 Z14.8269 C37706.656 B-22.67 E.02022
G1 Z14.8284 C37709.086 B-22.669 E.02024
G1 Z14.8298 C37710.91 E.01516
G1 Z14.8312 C37713.346 B-22.668 E.02024
G1 Z14.8327 C37715.779 B-22.667 E.02023
G1 Z14.8342 C37718.208 E.02021
G1 Z14.8357 C37720.64 B-22.666 E.02023
G1 Z14.8374 C37723.076 B-22.665 E.02023
G1 Z14.8391 C37726.116 B-22.664 E.02528
G1 Z14.8408 C37728.546 E.02019
G1 Z14.8425 C37731.587 B-22.663 E.02528
G1 Z14.8443 C37734.023 B-22.662 E.02023
G1 Z14.846 C37737.06 B-22.661 E.02523
G1 Z14.8478 C37740.099 B-22.66 E.02528
G1 Z14.8494 C37742.535 E.02027
G1 Z14.8509 C37744.968 B-22.659 E.02026
G1 Z14.8523 C37747.398 B-22.658 E.02025
G1 Z14.8538 C37749.829 E.02027
G1 Z14.8553 C37751.656 B-22.657 E.01519
G1 Z14.8568 C37754.09 B-22.656 E.02022
G1 Z14.8583 C37756.52 E.02019
G1 Z14.8598 C37758.95 B-22.655 E.02020
G1 Z14.8613 C37761.386 B-22.654 E.02024
G1 Z14.863 C37764.427 B-22.653 E.02530
G1 Z14.8646 C37766.857 E.02022
G1 Z14.8663 C37769.288 B-22.652 E.02021
G1 Z14.8679 C37771.725 B-22.651 E.02025
G1 Z14.8695 C37774.765 B-22.65 E.02529
G1 Z14.8711 C37777.194 E.02022
G1 Z14.8726 C37779.627 B-22.649 E.02024
G1 Z14.8742 C37782.063 B-22.648 E.02026
G1 Z14.8758 C37784.494 B-22.647 E.02021
G1 Z14.8773 C37786.924 E.02020
G1 Z14.8788 C37789.357 B-22.646 E.02023
G1 Z14.8803 C37791.793 B-22.645 E.02026
G1 Z14.8818 C37794.224 E.02023
G1 Z14.8832 C37796.654 B-22.644 E.02024
G1 Z14.8847 C37799.086 B-22.643 E.02029
G1 Z14.8862 C37801.522 E.02034
G1 Z14.8877 C37803.954 B-22.642 E.02028
G1 Z14.8893 C37806.383 B-22.641 E.02024
G1 Z14.891 C37808.816 E.02025
G1 Z14.8926 C37811.252 B-22.64 E.02026
G1 Z14.8943 C37814.291 B-22.639 E.02528
G1 Z14.896 C37816.721 B-22.638 E.02021
G1 Z14.8977 C37819.764 B-22.637 E.02532
G1 Z14.8992 C37822.198 E.02028
G1 Z14.9007 C37824.628 B-22.636 E.02027
G1 Z14.9021 C37827.059 B-22.635 E.02030
G1 Z14.9036 C37828.884 E.01522
G1 Z14.9051 C37831.32 B-22.634 E.02028
G1 Z14.9065 C37833.75 B-22.633 E.02024
G1 Z14.908 C37836.18 E.02025
G1 Z14.9095 C37838.614 B-22.632 E.02029
G1 Z14.9111 C37841.05 B-22.631 E.02030
G1 Z14.9127 C37843.48 B-22.63 E.02022
G1 Z14.9144 C37846.518 E.02530
G1 Z14.916 C37848.953 B-22.629 E.02029
G1 Z14.9177 C37851.387 B-22.628 E.02026
G1 Z14.9193 C37854.425 B-22.627 E.02530
G1 Z14.921 C37856.856 E.02026
G1 Z14.9226 C37859.292 B-22.626 E.02028
G1 Z14.9242 C37862.332 B-22.625 E.02533
G1 Z14.9258 C37864.762 B-22.624 E.02028
G1 Z14.9274 C37867.194 E.02028
G1 Z14.929 C37869.63 B-22.623 E.02030
G1 Z14.9305 C37872.062 B-22.622 E.02026
G1 Z14.9321 C37874.492 E.02024
G1 Z14.9336 C37876.924 B-22.621 E.02026
G1 Z14.9351 C37879.36 B-22.62 E.02030
G1 Z14.9366 C37881.792 B-22.619 E.02027
G1 Z14.9381 C37884.221 E.02026
G1 Z14.9395 C37886.654 B-22.618 E.02031
G1 Z14.9409 C37889.09 B-22.617 E.02037
G1 Z14.9424 C37890.914 E.01526
G1 Z14.9438 C37893.344 B-22.616 E.02027
G1 Z14.9452 C37895.775 B-22.615 E.02029
G1 Z14.9467 C37898.211 E.02035
G1 Z14.9482 C37900.644 B-22.614 E.02033
G1 Z14.9497 C37903.073 B-22.613 E.02030
G1 Z14.9513 C37905.505 E.02033
G1 Z14.9528 C37907.941 B-22.612 E.02035
G1 Z14.9544 C37910.373 B-22.611 E.02031
G1 Z14.956 C37912.803 B-22.61 E.02028
G1 Z14.9576 C37915.234 E.02028
G1 Z14.9592 C37918.279 B-22.609 E.02541
G1 Z14.9608 C37920.711 B-22.608 E.02032
G1 Z14.9625 C37923.14 B-22.607 E.02026
G1 Z14.9642 C37926.182 E.02535
G1 Z14.966 C37928.685 B-22.606 E.02088
G1 Z14.9677 C37931.448 B-22.605 E.02302
G1 Z14.9694 C37934.214 B-22.604 E.02305
G1 Z14.9712 C37936.98 B-22.603 E.02305
G1 Z14.9729 C37939.744 E.02303
G1 Z14.9745 C37942.368 B-22.602 E.02188
G1 Z14.9761 C37944.851 B-22.601 E.02072
G1 Z14.9776 C37947.325 B-22.6 E.02065
G1 Z14.9792 C37949.787 E.02055
G1 Z14.9807 C37952.235 B-22.599 E.02043
G1 Z14.9822 C37954.667 B-22.598 E.02030
G1 Z14.9837 C37957.08 E.02015
G1 Z14.9852 C37959.473 B-22.597 E.01999
G1 Z14.9868 C37961.909 B-22.596 E.02034
G1 Z14.9882 C37964.383 E.02066
G1 Z14.9887 C37967.282 B-22.595 E.02416
G1 Z14.9892 C37967.444 E.00281
G1 Z14.9887 C37969.415 E.01654
G1 C37971.801 E.01995
G1 Z14.9958 C37976.472 B-22.591 E.03882
G1 Z15. C37983.303 B-22.589 E.05670
G1 X9.5733 Z15.0015 C37985.619 B-22.588 E.01949
G1 Z15.0029 C37987.969 B-22.587 E.01961
G1 Z15.0044 C37990.357 E.01992
G1 Z15.0059 C37992.769 B-22.586 E.02012
G1 Z15.0074 C37995.216 B-22.585 E.02041
G1 Z15.009 C37997.689 B-22.584 E.02063
G1 Z15.0106 C38000.288 B-22.583 E.02168
G1 Z15.0121 C38002.802 B-22.582 E.02097
G1 Z15.014 C38005.847 B-22.581 E.02540
G1 Z15.0158 C38008.885 B-22.58 E.02538
G1 Z15.0175 C38011.316 B-22.579 E.02028
G1 Z15.0193 C38014.359 B-22.578 E.02540
G1 Z15.0211 C38017.4 B-22.577 E.02542
G1 Z15.0229 C38019.83 B-22.576 E.02028
G1 Z15.0245 C38022.87 B-22.575 E.02542
G1 Z15.0261 C38025.306 E.02040
G1 Z15.0276 C38027.738 B-22.574 E.02037
G1 Z15.0292 C38030.167 B-22.573 E.02034
G1 Z15.0307 C38031.991 B-22.572 E.01521
G1 Z15.0322 C38034.427 B-22.571 E.02031
G1 Z15.0337 C38036.86 B-22.57 E.02029
G1 Z15.0353 C38039.289 B-22.569 E.02026
G1 Z15.0368 C38041.721 E.02028
G1 Z15.0384 C38044.766 B-22.568 E.02544
G1 Z15.0401 C38047.197 B-22.567 E.02031
G1 Z15.0416 C38049.627 B-22.566 E.02029
G1 Z15.0432 C38052.059 B-22.565 E.02030
G1 Z15.0448 C38054.495 B-22.564 E.02033
G1 Z15.0463 C38056.927 B-22.563 E.02029
G1 Z15.0479 C38059.356 B-22.562 E.02027
G1 Z15.0494 C38061.789 E.02031
G1 Z15.0509 C38064.225 B-22.561 E.02034
G1 Z15.0523 C38066.656 B-22.56 E.02032
G1 Z15.0538 C38069.086 B-22.559 E.02034
G1 Z15.0552 C38070.91 B-22.558 E.01523
G1 Z15.0567 C38073.346 E.02034
G1 Z15.0581 C38075.779 B-22.557 E.02033
G1 Z15.0596 C38078.208 B-22.556 E.02031
G1 Z15.0612 C38080.64 B-22.555 E.02032
G1 Z15.0629 C38083.076 B-22.554 E.02033
G1 Z15.0646 C38086.116 B-22.553 E.02541
G1 Z15.0663 C38088.546 B-22.552 E.02029
G1 Z15.068 C38091.587 B-22.551 E.02542
G1 Z15.0698 C38094.023 B-22.55 E.02034
G1 Z15.0715 C38097.06 B-22.549 E.02537
G1 Z15.0733 C38099.491 B-22.548 E.02029
G1 Z15.0749 C38102.535 E.02544
G1 Z15.0765 C38104.968 B-22.547 E.02037
G1 Z15.078 C38107.398 B-22.546 E.02036
G1 Z15.0795 C38109.221 B-22.545 E.01523
G1 Z15.081 C38111.656 B-22.544 E.02033
G1 Z15.0825 C38114.09 B-22.543 E.02032
G1 Z15.084 C38116.52 B-22.542 E.02029
G1 Z15.0855 C38118.95 E.02030
G1 Z15.0871 C38121.386 B-22.541 E.02034
G1 Z15.0887 C38124.427 B-22.54 E.02543
G1 Z15.0904 C38126.857 B-22.539 E.02032
G1 Z15.092 C38129.288 B-22.538 E.02031
G1 Z15.0937 C38131.725 B-22.537 E.02035
G1 Z15.0953 C38134.765 B-22.536 E.02542
G1 Z15.0969 C38137.194 B-22.535 E.02032
G1 Z15.0985 C38139.627 B-22.534 E.02034
G1 Z15.1001 C38142.063 E.02036
G1 Z15.1017 C38144.494 B-22.533 E.02031
G1 Z15.1032 C38146.924 B-22.532 E.02030
G1 Z15.1047 C38149.357 B-22.531 E.02033
G1 Z15.1062 C38151.793 B-22.53 E.02036
G1 Z15.1077 C38154.224 B-22.529 E.02033
G1 Z15.1092 C38156.654 E.02034
G1 Z15.1106 C38159.086 B-22.528 E.02039
G1 Z15.1121 C38161.522 B-22.527 E.02044
G1 Z15.1137 C38163.954 B-22.526 E.02039
G1 Z15.1153 C38166.383 B-22.525 E.02034
G1 Z15.117 C38168.816 B-22.524 E.02035
G1 Z15.1186 C38171.252 B-22.523 E.02036
G1 Z15.1203 C38174.291 B-22.522 E.02542
G1 Z15.122 C38176.721 B-22.521 E.02032
G1 Z15.1237 C38179.764 E.02546
G1 Z15.1253 C38182.198 B-22.52 E.02039
G1 Z15.1268 C38184.628 B-22.519 E.02038
G1 Z15.1282 C38186.451 B-22.518 E.01527
G1 Z15.1297 C38188.884 B-22.517 E.02035
G1 Z15.1312 C38191.32 B-22.516 E.02038
G1 Z15.1327 C38193.75 E.02034
G1 Z15.1342 C38196.18 B-22.515 E.02035
G1 Z15.1357 C38198.614 B-22.514 E.02039
G1 Z15.1373 C38201.05 B-22.513 E.02040
G1 Z15.139 C38203.48 B-22.512 E.02033
G1 Z15.1406 C38206.518 B-22.511 E.02543
G1 Z15.1423 C38208.953 B-22.51 E.02039
G1 Z15.144 C38211.387 B-22.509 E.02037
G1 Z15.1456 C38214.425 B-22.508 E.02544
G1 Z15.1473 C38216.856 E.02037
G1 Z15.1489 C38219.292 B-22.507 E.02039
G1 Z15.1506 C38222.332 B-22.506 E.02547
G1 Z15.1522 C38224.762 B-22.505 E.02039
G1 Z15.1538 C38227.194 B-22.504 E.02039
G1 Z15.1554 C38229.63 B-22.503 E.02041
G1 Z15.157 C38232.062 B-22.502 E.02037
G1 Z15.1585 C38234.492 B-22.501 E.02035
G1 Z15.1601 C38236.924 E.02037
G1 Z15.1616 C38239.36 B-22.5 E.02040
G1 Z15.1631 C38241.792 B-22.499 E.02038
G1 Z15.1646 C38244.221 B-22.498 E.02036
G1 Z15.166 C38246.654 B-22.497 E.02041
G1 Z15.1675 C38249.09 B-22.496 E.02047
G1 Z15.1689 C38250.914 E.01534
G1 Z15.1704 C38253.344 B-22.495 E.02037
G1 Z15.1718 C38255.775 B-22.494 E.02040
G1 Z15.1733 C38258.211 B-22.493 E.02045
G1 Z15.1749 C38260.644 B-22.492 E.02044
G1 Z15.1764 C38263.073 E.02041
G1 Z15.1779 C38265.505 B-22.491 E.02043
G1 Z15.1795 C38267.941 B-22.49 E.02046
G1 Z15.1811 C38270.373 B-22.489 E.02042
G1 Z15.1827 C38272.803 B-22.488 E.02039
G1 Z15.1843 C38275.234 B-22.487 E.02038
G1 Z15.1859 C38278.279 B-22.486 E.02554
G1 Z15.1876 C38280.711 B-22.485 E.02043
G1 Z15.1893 C38283.14 B-22.484 E.02037
G1 Z15.191 C38286.182 E.02549
G1 Z15.1928 C38288.617 B-22.483 E.02042
G1 Z15.1945 C38291.655 B-22.482 E.02545
G1 Z15.1963 C38294.086 B-22.481 E.02039
G1 Z15.198 C38297.13 B-22.48 E.02550
G1 Z15.1997 C38300.17 B-22.479 E.02552
G1 Z15.2014 C38302.6 B-22.478 E.02043
G1 Z15.203 C38305.032 B-22.477 E.02044
G1 Z15.2045 C38307.468 B-22.476 E.02047
G1 Z15.2061 C38309.9 B-22.475 E.02043
G1 Z15.2077 C38312.329 B-22.474 E.02040
G1 Z15.2092 C38314.762 E.02044
G1 Z15.2107 C38317.198 B-22.473 E.02047
G1 Z15.2123 C38319.629 B-22.472 E.02043
G1 Z15.2138 C38322.059 B-22.471 E.02042
G1 Z15.2154 C38324.492 B-22.47 E.02044
G1 Z15.2169 C38326.928 B-22.469 E.02047
G1 Z15.2185 C38329.359 B-22.468 E.02043
G1 X9.6234 Z15.22 C38331.789 E.02053
G1 Z15.2215 C38334.221 B-22.467 E.02041
G1 Z15.2229 C38336.658 B-22.466 E.02047
G1 Z15.2244 C38339.089 B-22.465 E.02045
G1 Z15.2258 C38340.911 B-22.464 E.01528
G1 Z15.2272 C38343.342 E.02039
G1 Z15.2287 C38345.779 B-22.463 E.02046
G1 Z15.2302 C38348.211 B-22.462 E.02043
G1 Z15.2317 C38350.641 B-22.461 E.02042
G1 Z15.2332 C38353.072 B-22.46 E.02043
G1 Z15.2348 C38355.508 B-22.459 E.02047
G1 Z15.2364 C38357.941 E.02044
G1 Z15.238 C38360.371 B-22.458 E.02039
G1 Z15.2396 C38362.802 B-22.457 E.02039
G1 Z15.2415 C38365.847 B-22.456 E.02554
G1 Z15.2432 C38368.885 B-22.455 E.02551
G1 Z15.245 C38371.316 B-22.454 E.02039
G1 Z15.2467 C38374.359 B-22.453 E.02554
G1 Z15.2485 C38377.4 B-22.452 E.02556
G1 Z15.2503 C38379.83 B-22.451 E.02038
G1 Z15.252 C38382.87 B-22.45 E.02555
G1 Z15.2535 C38385.306 B-22.449 E.02051
G1 Z15.255 C38387.738 B-22.448 E.02048
G1 Z15.2566 C38390.167 E.02045
G1 Z15.2581 C38391.991 B-22.447 E.01529
G1 Z15.2596 C38394.427 B-22.446 E.02042
G1 Z15.2611 C38396.86 B-22.445 E.02040
G1 Z15.2626 C38399.289 B-22.444 E.02037
G1 Z15.2642 C38401.721 B-22.443 E.02039
G1 Z15.2658 C38404.766 B-22.442 E.02557
G1 Z15.2674 C38407.197 E.02042
G1 Z15.269 C38409.627 B-22.441 E.02040
G1 Z15.2706 C38412.059 B-22.44 E.02041
G1 Z15.2722 C38414.495 B-22.439 E.02044
G1 Z15.2737 C38416.927 B-22.438 E.02040
G1 Z15.2752 C38419.356 B-22.437 E.02038
G1 Z15.2767 C38421.789 B-22.436 E.02042
G1 Z15.2782 C38424.225 E.02045
G1 Z15.2797 C38426.656 B-22.435 E.02043
G1 Z15.2811 C38429.086 B-22.434 E.02045
G1 Z15.2826 C38430.91 B-22.433 E.01531
G1 Z15.284 C38433.346 E.02045
G1 Z15.2855 C38435.779 B-22.432 E.02044
G1 Z15.2869 C38438.208 B-22.431 E.02042
G1 Z15.2885 C38440.64 B-22.43 E.02043
G1 Z15.2902 C38443.076 B-22.429 E.02044
G1 Z15.2919 C38446.116 B-22.428 E.02554
G1 Z15.2936 C38448.546 B-22.427 E.02040
G1 Z15.2953 C38451.587 B-22.426 E.02555
G1 Z15.2971 C38454.023 B-22.425 E.02045
G1 Z15.2988 C38457.06 B-22.424 E.02550
G1 Z15.3006 C38459.491 B-22.423 E.02039
G1 Z15.3022 C38462.535 E.02557
G1 Z15.3037 C38464.968 B-22.422 E.02048
G1 Z15.3052 C38467.398 B-22.421 E.02047
G1 Z15.3067 C38469.221 B-22.42 E.01531
G1 Z15.3082 C38471.656 B-22.419 E.02044
G1 Z15.3098 C38474.09 B-22.418 E.02043
G1 Z15.3113 C38476.52 E.02040
G1 Z15.3128 C38478.95 B-22.417 E.02041
G1 Z15.3143 C38481.386 B-22.416 E.02045
G1 Z15.316 C38484.427 B-22.415 E.02556
G1 Z15.3176 C38486.857 B-22.414 E.02043
G1 Z15.3193 C38489.288 B-22.413 E.02042
G1 Z15.3209 C38491.725 B-22.412 E.02046
G1 Z15.3225 C38494.765 B-22.411 E.02555
G1 Z15.3241 C38497.194 E.02043
G1 Z15.3257 C38499.627 B-22.41 E.02045
G1 Z15.3273 C38502.063 B-22.409 E.02047
G1 Z15.3289 C38504.494 B-22.408 E.02042
G1 Z15.3304 C38506.924 B-22.407 E.02041
G1 Z15.3319 C38509.357 B-22.406 E.02044
G1 Z15.3334 C38511.793 B-22.405 E.02047
G1 Z15.3349 C38514.224 E.02044
G1 Z15.3364 C38516.654 B-22.404 E.02045
G1 Z15.3378 C38519.086 B-22.403 E.02050
G1 Z15.3393 C38521.522 B-22.402 E.02055
G1 Z15.3409 C38523.954 B-22.401 E.02050
G1 Z15.3425 C38526.383 B-22.4 E.02045
G1 Z15.3441 C38528.816 E.02046
G1 Z15.3458 C38531.252 B-22.399 E.02047
G1 Z15.3475 C38534.291 B-22.398 E.02555
G1 Z15.3492 C38536.721 B-22.397 E.02043
G1 Z15.3509 C38539.764 B-22.396 E.02560
G1 Z15.3525 C38542.198 B-22.395 E.02050
G1 Z15.3539 C38544.628 B-22.394 E.02049
G1 Z15.3554 C38546.451 E.01536
G1 Z15.3569 C38548.884 B-22.393 E.02046
G1 Z15.3583 C38551.32 B-22.392 E.02049
G1 Z15.3598 C38553.75 B-22.391 E.02045
G1 Z15.3613 C38556.18 B-22.39 E.02046
G1 Z15.3628 C38558.614 B-22.389 E.02051
G1 Z15.3644 C38561.05 E.02051
G1 Z15.3661 C38563.48 B-22.388 E.02044
G1 Z15.3677 C38566.518 B-22.387 E.02557
G1 Z15.3694 C38568.953 B-22.386 E.02051
G1 Z15.3711 C38571.387 B-22.385 E.02048
G1 Z15.3727 C38574.425 B-22.384 E.02557
G1 Z15.3744 C38576.856 B-22.383 E.02048
G1 Z15.376 C38579.292 B-22.382 E.02050
G1 Z15.3777 C38582.332 B-22.381 E.02561
G1 Z15.3793 C38584.762 B-22.38 E.02050
G1 Z15.3809 C38587.194 E.02050
G1 Z15.3824 C38589.63 B-22.379 E.02052
G1 Z15.384 C38592.062 B-22.378 E.02048
G1 Z15.3856 C38594.492 B-22.377 E.02046
G1 Z15.3871 C38596.924 B-22.376 E.02048
G1 Z15.3887 C38599.36 B-22.375 E.02052
G1 Z15.3902 C38601.792 E.02049
G1 Z15.3916 C38604.221 B-22.374 E.02047
G1 Z15.3931 C38606.654 B-22.373 E.02053
G1 Z15.3945 C38609.09 B-22.372 E.02058
G1 Z15.396 C38610.914 B-22.371 E.01542
G1 Z15.3974 C38613.344 E.02048
G1 Z15.3989 C38615.775 B-22.37 E.02051
G1 Z15.4004 C38618.211 B-22.369 E.02057
G1 Z15.4019 C38620.644 B-22.368 E.02055
G1 Z15.4034 C38623.073 B-22.367 E.02052
G1 Z15.4049 C38625.505 E.02054
G1 Z15.4065 C38627.941 B-22.366 E.02057
G1 Z15.4081 C38630.373 B-22.365 E.02053
G1 Z15.4097 C38632.803 B-22.364 E.02050
G1 Z15.4113 C38635.234 B-22.363 E.02050
G1 Z15.4129 C38638.279 B-22.362 E.02568
G1 Z15.4146 C38640.711 B-22.361 E.02054
G1 Z15.4163 C38643.14 B-22.36 E.02048
G1 Z15.418 C38646.182 B-22.359 E.02563
G1 Z15.4197 C38648.617 B-22.358 E.02054
G1 Z15.4215 C38651.655 B-22.357 E.02559
G1 Z15.4232 C38654.086 E.02050
G1 Z15.425 C38657.13 B-22.356 E.02564
G1 Z15.4267 C38660.17 B-22.355 E.02565
G1 Z15.4284 C38662.6 B-22.354 E.02055
G1 Z15.4299 C38665.032 B-22.353 E.02055
G1 Z15.4315 C38667.468 B-22.352 E.02058
G1 Z15.4331 C38669.9 B-22.351 E.02054
G1 Z15.4346 C38672.329 B-22.35 E.02052
G1 Z15.4362 C38674.762 E.02055
G1 Z15.4377 C38677.198 B-22.349 E.02058
G1 Z15.4392 C38679.629 B-22.348 E.02054
G1 Z15.4407 C38682.059 B-22.347 E.02053
G1 X9.6737 Z15.4423 C38684.492 B-22.346 E.02066
G1 Z15.4439 C38686.928 B-22.345 E.02053
G1 Z15.4454 C38689.359 B-22.344 E.02049
G1 Z15.4469 C38691.789 E.02049
G1 Z15.4484 C38694.221 B-22.343 E.02051
G1 Z15.4498 C38696.658 B-22.342 E.02057
G1 Z15.4513 C38699.089 B-22.341 E.02055
G1 Z15.4527 C38700.911 E.01536
G1 Z15.4541 C38703.342 B-22.34 E.02050
G1 Z15.4556 C38705.779 B-22.339 E.02057
G1 Z15.4571 C38708.211 B-22.338 E.02054
G1 Z15.4586 C38710.641 B-22.337 E.02053
G1 Z15.4601 C38713.072 E.02054
G1 Z15.4617 C38715.508 B-22.336 E.02058
G1 Z15.4632 C38717.941 B-22.335 E.02055
G1 Z15.4649 C38720.371 B-22.334 E.02049
G1 Z15.4665 C38722.802 B-22.333 E.02049
G1 Z15.4683 C38725.847 B-22.332 E.02567
G1 Z15.4701 C38728.885 B-22.331 E.02565
G1 Z15.4718 C38731.316 B-22.33 E.02049
G1 Z15.4736 C38734.359 B-22.329 E.02567
G1 Z15.4754 C38737.4 B-22.328 E.02569
G1 Z15.4771 C38739.83 B-22.327 E.02049
G1 Z15.4788 C38742.87 B-22.326 E.02568
G1 Z15.4803 C38745.306 E.02062
G1 Z15.4819 C38747.738 B-22.325 E.02058
G1 Z15.4834 C38750.167 B-22.324 E.02056
G1 Z15.4849 C38751.991 B-22.323 E.01538
G1 Z15.4864 C38754.427 B-22.322 E.02053
G1 Z15.4879 C38756.86 B-22.321 E.02051
G1 Z15.4895 C38759.289 E.02047
G1 Z15.491 C38761.721 B-22.32 E.02050
G1 Z15.4926 C38764.766 B-22.319 E.02571
G1 Z15.4942 C38767.197 B-22.318 E.02053
G1 Z15.4958 C38769.627 B-22.317 E.02051
G1 Z15.4974 C38772.059 B-22.316 E.02051
G1 Z15.4989 C38774.495 B-22.315 E.02054
G1 Z15.5005 C38776.927 E.02051
G1 Z15.502 C38779.356 B-22.314 E.02049
G1 Z15.5035 C38781.789 B-22.313 E.02052
G1 Z15.505 C38784.225 B-22.312 E.02056
G1 Z15.5065 C38786.656 B-22.311 E.02054
G1 Z15.5079 C38789.086 E.02056
G1 Z15.5093 C38790.91 B-22.31 E.01539
G1 Z15.5108 C38793.346 B-22.309 E.02056
G1 Z15.5122 C38795.779 B-22.308 E.02055
G1 Z15.5137 C38798.208 B-22.307 E.02053
G1 Z15.5153 C38800.64 E.02054
G1 Z15.5169 C38803.076 B-22.306 E.02055
G1 Z15.5186 C38806.116 B-22.305 E.02567
G1 Z15.5203 C38808.546 B-22.304 E.02051
G1 Z15.5221 C38811.587 B-22.303 E.02569
G1 Z15.5238 C38814.023 B-22.302 E.02055
G1 Z15.5256 C38817.06 B-22.301 E.02564
G1 Z15.5273 C38819.491 B-22.3 E.02050
G1 Z15.529 C38822.535 B-22.299 E.02571
G1 Z15.5305 C38824.968 B-22.298 E.02059
G1 Z15.532 C38827.398 E.02058
G1 Z15.5335 C38829.221 B-22.297 E.01540
G1 Z15.535 C38831.656 B-22.296 E.02054
G1 Z15.5365 C38834.09 B-22.295 E.02054
G1 Z15.538 C38836.52 B-22.294 E.02051
G1 Z15.5395 C38838.95 E.02051
G1 Z15.541 C38841.386 B-22.293 E.02056
G1 Z15.5427 C38844.427 B-22.292 E.02570
G1 Z15.5443 C38846.857 B-22.291 E.02054
G1 Z15.546 C38849.288 B-22.29 E.02053
G1 Z15.5476 C38851.725 B-22.289 E.02057
G1 Z15.5492 C38854.765 B-22.288 E.02569
G1 Z15.5508 C38857.194 B-22.287 E.02054
G1 Z15.5524 C38859.627 E.02056
G1 Z15.554 C38862.063 B-22.286 E.02058
G1 Z15.5555 C38864.494 B-22.285 E.02053
G1 Z15.5571 C38866.924 B-22.284 E.02052
G1 Z15.5586 C38869.357 B-22.283 E.02055
G1 Z15.5601 C38871.793 B-22.282 E.02058
G1 Z15.5616 C38874.224 E.02055
G1 Z15.5631 C38876.654 B-22.281 E.02056
G1 Z15.5645 C38879.086 B-22.28 E.02060
G1 Z15.566 C38881.522 B-22.279 E.02065
G1 Z15.5676 C38883.954 B-22.278 E.02061
G1 Z15.5692 C38886.383 B-22.277 E.02056
G1 Z15.5708 C38888.816 E.02057
G1 Z15.5724 C38891.252 B-22.276 E.02058
G1 Z15.5741 C38894.291 B-22.275 E.02569
G1 Z15.5758 C38896.721 B-22.274 E.02054
G1 Z15.5775 C38899.764 B-22.273 E.02573
G1 Z15.5791 C38902.198 B-22.272 E.02061
G1 Z15.5806 C38904.628 B-22.271 E.02060
G1 Z15.582 C38906.451 E.01544
G1 Z15.5835 C38908.884 B-22.27 E.02057
G1 Z15.585 C38911.32 B-22.269 E.02060
G1 Z15.5864 C38913.75 B-22.268 E.02056
G1 Z15.5879 C38916.18 B-22.267 E.02057
G1 Z15.5894 C38918.614 E.02061
G1 Z15.591 C38921.05 B-22.266 E.02062
G1 Z15.5927 C38923.48 B-22.265 E.02055
G1 Z15.5943 C38926.518 B-22.264 E.02570
G1 Z15.596 C38928.953 B-22.263 E.02061
G1 Z15.5976 C38931.387 B-22.262 E.02059
G1 Z15.5993 C38934.425 B-22.261 E.02571
G1 Z15.6009 C38936.856 B-22.26 E.02059
G1 Z15.6026 C38939.292 B-22.259 E.02061
G1 Z15.6042 C38942.332 E.02575
G1 Z15.6058 C38944.762 B-22.258 E.02061
G1 Z15.6074 C38947.194 B-22.257 E.02061
G1 Z15.609 C38949.63 B-22.256 E.02063
G1 Z15.6106 C38952.062 B-22.255 E.02059
G1 Z15.6121 C38954.492 B-22.254 E.02057
G1 Z15.6137 C38956.924 E.02059
G1 Z15.6152 C38959.36 B-22.253 E.02062
G1 Z15.6167 C38961.792 B-22.252 E.02060
G1 Z15.6182 C38964.221 B-22.251 E.02058
G1 Z15.6196 C38966.654 B-22.25 E.02064
G1 Z15.6211 C38969.09 E.02069
G1 Z15.6225 C38970.914 B-22.249 E.01551
G1 Z15.6239 C38973.344 B-22.248 E.02059
G1 Z15.6254 C38975.775 B-22.247 E.02062
G1 Z15.6269 C38978.211 B-22.246 E.02067
G1 Z15.6284 C38980.644 E.02066
G1 Z15.6299 C38983.073 B-22.245 E.02063
G1 Z15.6314 C38985.505 B-22.244 E.02065
G1 Z15.633 C38987.941 B-22.243 E.02068
G1 Z15.6346 C38990.373 B-22.242 E.02064
G1 Z15.6362 C38992.803 B-22.241 E.02061
G1 Z15.6378 C38995.234 E.02060
G1 Z15.6394 C38998.279 B-22.24 E.02582
G1 Z15.6411 C39000.711 B-22.239 E.02065
G1 Z15.6428 C39003.14 B-22.238 E.02059
G1 Z15.6445 C39006.182 B-22.237 E.02576
G1 Z15.6462 C39008.617 B-22.236 E.02064
G1 Z15.648 C39011.655 B-22.235 E.02573
G1 Z15.6497 C39014.086 B-22.234 E.02061
G1 Z15.6514 C39017.13 B-22.233 E.02578
G1 Z15.6532 C39020.17 B-22.232 E.02579
G1 Z15.6548 C39022.6 B-22.231 E.02065
G1 Z15.6564 C39025.032 E.02066
G1 Z15.6579 C39027.468 B-22.23 E.02069
G1 Z15.6595 C39029.9 B-22.229 E.02065
G1 Z15.6611 C39032.329 B-22.228 E.02063
G1 Z15.6626 C39034.762 B-22.227 E.02066
G1 Z15.6641 C39037.198 B-22.226 E.02069
G1 Z15.6656 C39039.629 B-22.225 E.02065
G1 X9.724 Z15.6672 C39042.059 E.02075
G1 Z15.6687 C39044.492 B-22.224 E.02062
G1 Z15.6703 C39046.928 B-22.223 E.02064
G1 Z15.6718 C39049.359 B-22.222 E.02060
G1 Z15.6733 C39051.789 B-22.221 E.02059
G1 Z15.6748 C39054.221 E.02062
G1 Z15.6762 C39056.658 B-22.22 E.02068
G1 Z15.6777 C39059.089 B-22.219 E.02066
G1 Z15.6791 C39060.911 B-22.218 E.01544
G1 Z15.6805 C39063.342 E.02061
G1 Z15.682 C39065.779 B-22.217 E.02067
G1 Z15.6835 C39068.211 B-22.216 E.02065
G1 Z15.685 C39070.641 B-22.215 E.02064
G1 Z15.6865 C39073.072 B-22.214 E.02065
G1 Z15.688 C39075.508 E.02069
G1 Z15.6896 C39077.941 B-22.213 E.02065
G1 Z15.6912 C39080.371 B-22.212 E.02060
G1 Z15.6928 C39082.802 B-22.211 E.02060
G1 Z15.6947 C39085.847 B-22.21 E.02580
G1 Z15.6964 C39088.885 B-22.209 E.02578
G1 Z15.6982 C39091.316 B-22.208 E.02060
G1 Z15.6999 C39094.359 B-22.207 E.02580
G1 Z15.7017 C39097.4 B-22.206 E.02582
G1 Z15.7035 C39099.83 B-22.205 E.02060
G1 Z15.7052 C39102.87 B-22.204 E.02582
G1 Z15.7067 C39105.306 E.02072
G1 Z15.7082 C39107.738 B-22.203 E.02069
G1 Z15.7097 C39110.167 B-22.202 E.02066
G1 Z15.7112 C39111.991 B-22.201 E.01546
G1 Z15.7128 C39114.427 B-22.2 E.02064
G1 Z15.7143 C39116.86 B-22.199 E.02061
G1 Z15.7158 C39119.289 E.02058
G1 Z15.7174 C39121.721 B-22.198 E.02060
G1 Z15.719 C39124.766 B-22.197 E.02584
G1 Z15.7206 C39127.197 B-22.196 E.02064
G1 Z15.7221 C39129.627 B-22.195 E.02061
G1 Z15.7237 C39132.059 B-22.194 E.02062
G1 Z15.7253 C39134.495 E.02065
G1 Z15.7268 C39136.927 B-22.193 E.02062
G1 Z15.7283 C39139.356 B-22.192 E.02059
G1 Z15.7298 C39141.789 B-22.191 E.02063
G1 Z15.7313 C39144.225 B-22.19 E.02067
G1 Z15.7328 C39146.656 B-22.189 E.02064
G1 Z15.7342 C39149.086 E.02066
G1 Z15.7356 C39150.91 B-22.188 E.01547
G1 Z15.7371 C39153.346 B-22.187 E.02066
G1 Z15.7385 C39155.779 B-22.186 E.02065
G1 Z15.74 C39158.208 E.02063
G1 Z15.7416 C39160.64 B-22.185 E.02065
G1 Z15.7432 C39163.076 B-22.184 E.02066
G1 Z15.7449 C39166.116 B-22.183 E.02581
G1 Z15.7466 C39168.546 B-22.182 E.02061
G1 Z15.7483 C39171.587 B-22.181 E.02582
G1 Z15.7501 C39174.023 B-22.18 E.02066
G1 Z15.7518 C39177.06 B-22.179 E.02577
G1 Z15.7536 C39179.491 B-22.178 E.02061
G1 Z15.7552 C39182.535 B-22.177 E.02584
G1 Z15.7567 C39184.968 E.02070
G1 Z15.7582 C39187.398 B-22.176 E.02068
G1 Z15.7597 C39189.221 B-22.175 E.01548
G1 Z15.7612 C39191.656 B-22.174 E.02065
G1 Z15.7627 C39194.09 B-22.173 E.02065
G1 Z15.7642 C39196.52 E.02062
G1 Z15.7657 C39198.95 B-22.172 E.02062
G1 Z15.7673 C39201.386 B-22.171 E.02067
G1 Z15.7689 C39204.427 B-22.17 E.02583
G1 Z15.7706 C39206.857 B-22.169 E.02065
G1 Z15.7722 C39209.288 B-22.168 E.02063
G1 Z15.7738 C39211.725 E.02067
G1 Z15.7755 C39214.765 B-22.167 E.02582
G1 Z15.7771 C39217.194 B-22.166 E.02065
G1 Z15.7786 C39219.627 B-22.165 E.02067
G1 Z15.7802 C39222.063 B-22.164 E.02068
G1 Z15.7818 C39224.494 B-22.163 E.02064
G1 Z15.7833 C39226.924 B-22.162 E.02063
G1 Z15.7848 C39229.357 E.02066
G1 Z15.7863 C39231.793 B-22.161 E.02069
G1 Z15.7878 C39234.224 B-22.16 E.02066
G1 Z15.7893 C39236.654 B-22.159 E.02066
G1 Z15.7907 C39239.086 E.02071
G1 Z15.7922 C39241.522 B-22.158 E.02076
G1 Z15.7938 C39243.954 B-22.157 E.02071
G1 Z15.7954 C39246.383 B-22.156 E.02066
G1 Z15.797 C39248.816 B-22.155 E.02068
G1 Z15.7986 C39251.252 B-22.154 E.02068
G1 Z15.8003 C39254.291 B-22.153 E.02582
G1 Z15.802 C39256.721 B-22.152 E.02065
G1 Z15.8037 C39259.764 E.02586
G1 Z15.8053 C39262.198 B-22.151 E.02072
G1 Z15.8067 C39264.628 B-22.15 E.02071
G1 Z15.8082 C39266.451 B-22.149 E.01552
G1 Z15.8096 C39268.884 B-22.148 E.02067
G1 Z15.8111 C39271.32 E.02071
G1 Z15.8126 C39273.75 B-22.147 E.02067
G1 Z15.8141 C39276.18 B-22.146 E.02068
G1 Z15.8156 C39278.614 B-22.145 E.02072
G1 Z15.8172 C39281.05 B-22.144 E.02073
G1 Z15.8188 C39283.48 B-22.143 E.02065
G1 Z15.8205 C39286.518 E.02583
G1 Z15.8221 C39288.953 B-22.142 E.02072
G1 Z15.8238 C39291.387 B-22.141 E.02069
G1 Z15.8254 C39294.425 B-22.14 E.02584
G1 Z15.8271 C39296.856 B-22.139 E.02070
G1 Z15.8287 C39299.292 B-22.138 E.02072
G1 Z15.8304 C39302.332 B-22.137 E.02588
G1 Z15.832 C39304.762 B-22.136 E.02072
G1 Z15.8335 C39307.194 E.02072
G1 Z15.8351 C39309.63 B-22.135 E.02074
G1 Z15.8367 C39312.062 B-22.134 E.02070
G1 Z15.8383 C39314.492 B-22.133 E.02068
G1 Z15.8398 C39316.924 B-22.132 E.02069
G1 Z15.8413 C39319.36 E.02073
G1 Z15.8428 C39321.792 B-22.131 E.02070
G1 Z15.8443 C39324.221 B-22.13 E.02069
G1 Z15.8457 C39326.654 B-22.129 E.02074
G1 Z15.8472 C39329.09 B-22.128 E.02080
G1 Z15.8486 C39330.914 E.01559
G1 Z15.8501 C39333.344 B-22.127 E.02070
G1 Z15.8515 C39335.775 B-22.126 E.02072
G1 Z15.853 C39338.211 B-22.125 E.02078
G1 Z15.8545 C39340.644 B-22.124 E.02076
G1 Z15.856 C39343.073 E.02073
G1 Z15.8575 C39345.505 B-22.123 E.02076
G1 Z15.8591 C39347.941 B-22.122 E.02079
G1 Z15.8607 C39350.373 B-22.121 E.02074
G1 Z15.8623 C39352.803 B-22.12 E.02071
G1 Z15.8639 C39355.234 E.02071
G1 Z15.8655 C39358.279 B-22.119 E.02595
G1 Z15.8671 C39360.711 B-22.118 E.02076
G1 Z15.8688 C39363.14 B-22.117 E.02070
G1 Z15.8706 C39366.182 B-22.116 E.02589
G1 Z15.8723 C39368.617 B-22.115 E.02075
G1 Z15.874 C39371.655 B-22.114 E.02586
G1 Z15.8758 C39374.086 B-22.113 E.02072
G1 Z15.8775 C39377.13 B-22.112 E.02591
G1 Z15.8792 C39380.17 B-22.111 E.02592
G1 Z15.8809 C39382.6 B-22.11 E.02076
G1 Z15.8824 C39385.032 E.02077
G1 Z15.884 C39387.468 B-22.109 E.02079
G1 Z15.8856 C39389.9 B-22.108 E.02076
G1 Z15.8871 C39392.329 B-22.107 E.02073
G1 Z15.8886 C39394.762 B-22.106 E.02076
G1 Z15.8902 C39397.198 E.02079
G1 Z15.8917 C39399.629 B-22.105 E.02075
G1 X9.774 Z15.8932 C39402.059 B-22.104 E.02085
G1 Z15.8948 C39404.492 B-22.103 E.02072
G1 Z15.8963 C39406.928 B-22.102 E.02075
G1 Z15.8978 C39409.359 B-22.101 E.02070
G1 Z15.8993 C39411.789 E.02070
G1 Z15.9008 C39414.221 B-22.1 E.02073
G1 Z15.9023 C39416.658 B-22.099 E.02079
G1 Z15.9037 C39419.089 B-22.098 E.02076
G1 Z15.9051 C39420.911 E.01552
G1 Z15.9065 C39423.342 B-22.097 E.02071
G1 Z15.908 C39425.779 B-22.096 E.02078
G1 Z15.9095 C39428.211 B-22.095 E.02075
G1 Z15.911 C39430.641 B-22.094 E.02074
G1 Z15.9125 C39433.072 E.02075
G1 Z15.914 C39435.508 B-22.093 E.02079
G1 Z15.9156 C39437.941 B-22.092 E.02076
G1 Z15.9172 C39440.371 B-22.091 E.02071
G1 Z15.9188 C39442.802 B-22.09 E.02071
G1 Z15.9207 C39445.847 B-22.089 E.02594
G1 Z15.9224 C39448.885 B-22.088 E.02591
G1 Z15.9242 C39451.316 B-22.087 E.02071
G1 Z15.9259 C39454.359 E.02594
G1 Z15.9277 C39457.4 B-22.086 E.02595
G1 Z15.9295 C39459.83 B-22.085 E.02070
G1 Z15.9311 C39462.87 B-22.084 E.02595
G1 Z15.9327 C39465.306 B-22.083 E.02083
G1 Z15.9342 C39467.738 B-22.082 E.02079
G1 Z15.9357 C39470.167 B-22.081 E.02077
G1 Z15.9372 C39471.991 E.01554
G1 Z15.9387 C39474.427 B-22.08 E.02074
G1 Z15.9402 C39476.86 B-22.079 E.02072
G1 Z15.9418 C39479.289 B-22.078 E.02069
G1 Z15.9433 C39481.721 B-22.077 E.02071
G1 Z15.9449 C39484.766 B-22.076 E.02597
G1 Z15.9465 C39487.197 E.02074
G1 Z15.9481 C39489.627 B-22.075 E.02072
G1 Z15.9497 C39492.059 B-22.074 E.02073
G1 Z15.9512 C39494.495 B-22.073 E.02076
G1 Z15.9528 C39496.927 B-22.072 E.02072
G1 Z15.9543 C39499.356 B-22.071 E.02070
G1 Z15.9558 C39501.789 E.02074
G1 Z15.9572 C39504.225 B-22.07 E.02077
G1 Z15.9587 C39506.656 B-22.069 E.02075
G1 Z15.9601 C39509.086 B-22.068 E.02077
G1 Z15.9616 C39510.91 E.01555
G1 Z15.963 C39513.346 B-22.067 E.02077
G1 Z15.9645 C39515.779 B-22.066 E.02076
G1 Z15.9659 C39518.208 B-22.065 E.02074
G1 Z15.9675 C39520.64 B-22.064 E.02075
G1 Z15.9692 C39523.076 E.02076
G1 Z15.9708 C39526.116 B-22.063 E.02594
G1 Z15.9725 C39528.546 B-22.062 E.02072
G1 Z15.9743 C39531.587 B-22.061 E.02595
G1 Z15.976 C39534.023 B-22.06 E.02077
G1 Z15.9778 C39537.06 B-22.059 E.02590
G1 Z15.9795 C39539.491 B-22.058 E.02071
G1 Z15.9811 C39542.535 B-22.057 E.02597
G1 Z15.9826 C39544.968 B-22.056 E.02080
G1 Z15.9841 C39547.398 E.02079
G1 Z15.9856 C39549.221 B-22.055 E.01555
G1 Z15.9871 C39551.656 B-22.054 E.02076
G1 Z15.9886 C39554.09 B-22.053 E.02075
G1 Z15.9901 C39556.52 B-22.052 E.02072
G1 Z15.9916 C39558.95 E.02073
G1 Z15.9932 C39561.386 B-22.051 E.02077
G1 Z15.9948 C39564.427 B-22.05 E.02596
G1 Z15.9965 C39566.857 B-22.049 E.02075
G1 Z15.9981 C39569.288 B-22.048 E.02074
G1 Z15.9997 C39571.725 B-22.047 E.02078
G1 Z16.0013 C39574.765 E.02595
G1 Z16.0029 C39577.194 B-22.046 E.02075
G1 Z16.0045 C39579.627 B-22.045 E.02077
G1 Z16.0061 C39582.063 B-22.044 E.02079
G1 Z16.0076 C39584.494 B-22.043 E.02074
G1 Z16.0092 C39586.924 B-22.042 E.02073
G1 Z16.0107 C39589.357 E.02076
G1 Z16.0122 C39591.793 B-22.041 E.02079
G1 Z16.0137 C39594.224 B-22.04 E.02076
G1 Z16.0151 C39596.654 B-22.039 E.02077
G1 Z16.0166 C39599.086 E.02081
G1 Z16.018 C39601.522 B-22.038 E.02086
G1 Z16.0196 C39603.954 B-22.037 E.02082
G1 Z16.0212 C39606.383 B-22.036 E.02077
G1 Z16.0228 C39608.816 B-22.035 E.02078
G1 Z16.0245 C39611.252 B-22.034 E.02079
G1 Z16.0262 C39614.291 B-22.033 E.02595
G1 Z16.0278 C39616.721 E.02075
G1 Z16.0295 C39619.764 B-22.032 E.02599
G1 Z16.0311 C39622.198 B-22.031 E.02082
G1 Z16.0326 C39624.628 B-22.03 E.02081
G1 Z16.034 C39626.451 B-22.029 E.01560
G1 Z16.0355 C39628.884 E.02078
G1 Z16.037 C39631.32 B-22.028 E.02081
G1 Z16.0385 C39633.75 B-22.027 E.02077
G1 Z16.0399 C39636.18 B-22.026 E.02078
G1 Z16.0414 C39638.614 B-22.025 E.02082
G1 Z16.043 C39641.05 B-22.024 E.02083
G1 Z16.0447 C39643.48 E.02076
G1 Z16.0463 C39646.518 B-22.023 E.02596
G1 Z16.048 C39648.953 B-22.022 E.02082
G1 Z16.0496 C39651.387 B-22.021 E.02080
G1 Z16.0513 C39654.425 B-22.02 E.02597
G1 Z16.0529 C39656.856 B-22.019 E.02080
G1 Z16.0545 C39659.292 B-22.018 E.02082
G1 Z16.0562 C39662.332 E.02601
G1 Z16.0578 C39664.762 B-22.017 E.02082
G1 Z16.0594 C39667.194 B-22.016 E.02082
G1 Z16.061 C39669.63 B-22.015 E.02084
G1 Z16.0625 C39672.062 B-22.014 E.02080
G1 Z16.0641 C39674.492 B-22.013 E.02078
G1 Z16.0656 C39676.924 E.02080
G1 Z16.0671 C39679.36 B-22.012 E.02083
G1 Z16.0686 C39681.792 B-22.011 E.02081
G1 Z16.0701 C39684.221 B-22.01 E.02079
G1 Z16.0716 C39686.654 B-22.009 E.02084
G1 Z16.073 C39689.09 E.02090
G1 Z16.0744 C39690.914 B-22.008 E.01566
G1 Z16.0758 C39693.344 B-22.007 E.02080
G1 Z16.0773 C39695.775 B-22.006 E.02082
G1 Z16.0788 C39698.211 E.02088
G1 Z16.0803 C39700.644 B-22.005 E.02087
G1 Z16.0818 C39703.073 B-22.004 E.02084
G1 Z16.0833 C39705.505 B-22.003 E.02086
G1 Z16.0849 C39707.941 B-22.002 E.02089
G1 Z16.0865 C39710.373 E.02084
G1 Z16.088 C39712.803 B-22.001 E.02081
G1 Z16.0896 C39715.234 B-22. E.02081
G1 Z16.0913 C39718.279 B-21.999 E.02608
G1 Z16.0929 C39720.711 B-21.998 E.02086
G1 Z16.0946 C39723.14 B-21.997 E.02080
G1 Z16.0963 C39726.182 B-21.996 E.02602
G1 Z16.0981 C39728.617 B-21.995 E.02085
G1 Z16.0998 C39731.655 E.02599
G1 Z16.1015 C39734.086 B-21.994 E.02082
G1 Z16.1032 C39737.13 B-21.993 E.02604
G1 Z16.105 C39740.17 B-21.992 E.02605
G1 Z16.1066 C39742.6 B-21.991 E.02086
G1 Z16.1082 C39745.032 B-21.99 E.02087
G1 Z16.1097 C39747.468 B-21.989 E.02090
G1 Z16.1113 C39749.9 B-21.988 E.02086
G1 Z16.1129 C39752.329 E.02083
G1 Z16.1144 C39754.762 B-21.987 E.02086
G1 Z16.1159 C39757.198 B-21.986 E.02089
G1 Z16.1174 C39759.629 B-21.985 E.02085
G1 Z16.1189 C39762.059 B-21.984 E.02085
G1 Z16.1205 C39764.492 E.02087
G1 X9.8241 Z16.122 C39766.928 B-21.983 E.02100
G1 Z16.1236 C39769.359 B-21.982 E.02081
G1 Z16.1251 C39771.789 B-21.981 E.02081
G1 Z16.1265 C39774.221 B-21.98 E.02083
G1 Z16.128 C39776.658 E.02089
G1 Z16.1294 C39779.089 B-21.979 E.02087
G1 Z16.1308 C39780.911 B-21.978 E.01560
G1 Z16.1323 C39783.342 B-21.977 E.02082
G1 Z16.1337 C39785.779 E.02089
G1 Z16.1352 C39788.211 B-21.976 E.02086
G1 Z16.1367 C39790.641 B-21.975 E.02085
G1 Z16.1382 C39793.072 B-21.974 E.02086
G1 Z16.1398 C39795.508 E.02090
G1 Z16.1413 C39797.941 B-21.973 E.02086
G1 Z16.143 C39800.371 B-21.972 E.02081
G1 Z16.1445 C39802.802 B-21.971 E.02081
G1 Z16.1464 C39805.847 B-21.97 E.02607
G1 Z16.1481 C39808.885 B-21.969 E.02604
G1 Z16.1499 C39811.316 B-21.968 E.02081
G1 Z16.1516 C39814.359 B-21.967 E.02607
G1 Z16.1534 C39817.4 B-21.966 E.02609
G1 Z16.1552 C39819.83 B-21.965 E.02081
G1 Z16.1568 C39822.87 E.02608
G1 Z16.1584 C39825.306 B-21.964 E.02093
G1 Z16.1599 C39827.738 B-21.963 E.02090
G1 Z16.1614 C39830.167 B-21.962 E.02087
G1 Z16.1629 C39831.991 B-21.961 E.01561
G1 Z16.1644 C39834.427 E.02085
G1 Z16.1659 C39836.86 B-21.96 E.02082
G1 Z16.1675 C39839.289 B-21.959 E.02079
G1 Z16.169 C39841.721 B-21.958 E.02081
G1 Z16.1706 C39844.766 B-21.957 E.02610
G1 Z16.1722 C39847.197 B-21.956 E.02085
G1 Z16.1738 C39849.627 E.02082
G1 Z16.1754 C39852.059 B-21.955 E.02083
G1 Z16.1769 C39854.495 B-21.954 E.02086
G1 Z16.1785 C39856.927 B-21.953 E.02083
G1 Z16.18 C39859.356 B-21.952 E.02080
G1 Z16.1815 C39861.789 E.02084
G1 Z16.1829 C39864.225 B-21.951 E.02088
G1 Z16.1844 C39866.656 B-21.95 E.02085
G1 Z16.1858 C39869.086 B-21.949 E.02087
G1 Z16.1872 C39870.91 E.01563
G1 Z16.1887 C39873.346 B-21.948 E.02087
G1 Z16.1901 C39875.779 B-21.947 E.02086
G1 Z16.1916 C39878.208 B-21.946 E.02084
G1 Z16.1932 C39880.64 B-21.945 E.02086
G1 Z16.1948 C39883.076 E.02087
G1 Z16.1965 C39886.116 B-21.944 E.02607
G1 Z16.1982 C39888.546 B-21.943 E.02082
G1 Z16.1999 C39891.587 B-21.942 E.02608
G1 Z16.2017 C39894.023 B-21.941 E.02087
G1 Z16.2034 C39897.06 B-21.94 E.02603
G1 Z16.2052 C39899.491 B-21.939 E.02082
G1 Z16.2068 C39902.535 B-21.938 E.02610
G1 Z16.2083 C39904.968 E.02091
G1 Z16.2098 C39907.398 B-21.937 E.02089
G1 Z16.2113 C39909.221 B-21.936 E.01563
G1 Z16.2128 C39911.656 B-21.935 E.02086
G1 Z16.2143 C39914.09 B-21.934 E.02085
G1 Z16.2158 C39916.52 E.02082
G1 Z16.2173 C39918.95 B-21.933 E.02083
G1 Z16.2189 C39921.386 B-21.932 E.02087
G1 Z16.2205 C39924.427 B-21.931 E.02609
G1 Z16.2221 C39926.857 B-21.93 E.02085
G1 Z16.2238 C39929.288 B-21.929 E.02084
G1 Z16.2254 C39931.725 E.02088
G1 Z16.227 C39934.765 B-21.928 E.02608
G1 Z16.2286 C39937.194 B-21.927 E.02085
G1 Z16.2302 C39939.627 B-21.926 E.02087
G1 Z16.2317 C39942.063 B-21.925 E.02089
G1 Z16.2333 C39944.494 B-21.924 E.02084
G1 Z16.2348 C39946.924 E.02084
G1 Z16.2364 C39949.357 B-21.923 E.02086
G1 Z16.2379 C39951.793 B-21.922 E.02089
G1 Z16.2393 C39954.224 B-21.921 E.02086
G1 Z16.2408 C39956.654 E.02087
G1 Z16.2422 C39959.086 B-21.92 E.02092
G1 Z16.2437 C39961.522 B-21.919 E.02097
G1 Z16.2453 C39963.954 B-21.918 E.02092
G1 Z16.2469 C39966.383 B-21.917 E.02087
G1 Z16.2485 C39968.816 E.02088
G1 Z16.2501 C39971.252 B-21.916 E.02089
G1 Z16.2518 C39974.291 B-21.915 E.02608
G1 Z16.2535 C39976.721 B-21.914 E.02085
G1 Z16.2552 C39979.764 B-21.913 E.02612
G1 Z16.2568 C39982.198 B-21.912 E.02092
G1 Z16.2582 C39984.628 B-21.911 E.02091
G1 Z16.2597 C39986.451 E.01567
G1 Z16.2611 C39988.884 B-21.91 E.02088
G1 Z16.2626 C39991.32 B-21.909 E.02091
G1 Z16.2641 C39993.75 B-21.908 E.02087
G1 Z16.2656 C39996.18 E.02088
G1 Z16.2671 C39998.614 B-21.907 E.02092
G1 Z16.2686 C40001.05 B-21.906 E.02093
G1 Z16.2703 C40003.48 B-21.905 E.02086
G1 Z16.272 C40006.518 B-21.904 E.02609
G1 Z16.2736 C40008.953 B-21.903 E.02093
G1 Z16.2753 C40011.387 E.02090
G1 Z16.2769 C40014.425 B-21.902 E.02610
G1 Z16.2785 C40016.856 B-21.901 E.02090
G1 Z16.2802 C40019.292 B-21.9 E.02092
G1 Z16.2818 C40022.332 B-21.899 E.02614
G1 Z16.2834 C40024.762 B-21.898 E.02092
G1 Z16.285 C40027.194 B-21.897 E.02092
G1 Z16.2866 C40029.63 E.02094
G1 Z16.2881 C40032.062 B-21.896 E.02090
G1 Z16.2897 C40034.492 B-21.895 E.02088
G1 Z16.2912 C40036.924 B-21.894 E.02090
G1 Z16.2928 C40039.36 B-21.893 E.02093
G1 Z16.2943 C40041.792 E.02091
G1 Z16.2957 C40044.221 B-21.892 E.02089
G1 Z16.2972 C40046.654 B-21.891 E.02094
G1 Z16.2986 C40049.09 B-21.89 E.02100
G1 Z16.3 C40050.914 E.01573
G1 Z16.3015 C40053.344 B-21.889 E.02090
G1 Z16.3029 C40055.775 B-21.888 E.02092
G1 Z16.3044 C40058.211 B-21.887 E.02098
G1 Z16.3059 C40060.644 E.02097
G1 Z16.3074 C40063.073 B-21.886 E.02094
G1 Z16.3089 C40065.505 B-21.885 E.02096
G1 Z16.3105 C40067.941 B-21.884 E.02099
G1 Z16.3121 C40070.373 B-21.883 E.02094
G1 Z16.3137 C40072.803 B-21.882 E.02091
G1 Z16.3153 C40075.234 E.02091
G1 Z16.3169 C40078.279 B-21.881 E.02620
G1 Z16.3185 C40080.711 B-21.88 E.02096
G1 Z16.3202 C40083.14 B-21.879 E.02090
G1 Z16.3219 C40086.182 B-21.878 E.02615
G1 Z16.3237 C40088.617 B-21.877 E.02095
G1 Z16.3254 C40091.655 B-21.876 E.02611
G1 Z16.3271 C40094.086 E.02092
G1 Z16.3288 C40097.13 B-21.875 E.02616
G1 Z16.3306 C40100.17 B-21.874 E.02617
G1 Z16.3322 C40102.6 B-21.873 E.02096
G1 Z16.3338 C40105.032 B-21.872 E.02097
G1 Z16.3353 C40107.468 B-21.871 E.02099
G1 Z16.3369 C40109.9 B-21.87 E.02096
G1 Z16.3384 C40112.329 E.02093
G1 Z16.34 C40114.762 B-21.869 E.02096
G1 Z16.3415 C40117.198 B-21.868 E.02099
G1 Z16.343 C40119.629 B-21.867 E.02095
G1 Z16.3445 C40122.059 B-21.866 E.02094
G1 Z16.3461 C40124.492 E.02097
G1 Z16.3476 C40126.928 B-21.865 E.02099
G1 Z16.3492 C40129.359 B-21.864 E.02095
G1 Z16.3506 C40131.789 B-21.863 E.02095
G1 Z16.3521 C40134.221 B-21.862 E.02098
G1 X9.8741 Z16.3536 C40136.658 E.02115
G1 Z16.355 C40139.089 B-21.861 E.02097
G1 Z16.3564 C40140.911 B-21.86 E.01568
G1 Z16.3579 C40143.342 B-21.859 E.02092
G1 Z16.3593 C40145.779 E.02099
G1 Z16.3608 C40148.211 B-21.858 E.02096
G1 Z16.3623 C40150.641 B-21.857 E.02095
G1 Z16.3638 C40153.072 B-21.856 E.02096
G1 Z16.3653 C40155.508 E.02100
G1 Z16.3669 C40157.941 B-21.855 E.02097
G1 Z16.3685 C40160.371 B-21.854 E.02092
G1 Z16.3701 C40162.802 B-21.853 E.02092
G1 Z16.372 C40165.847 B-21.852 E.02620
G1 Z16.3737 C40168.885 B-21.851 E.02618
G1 Z16.3755 C40171.316 B-21.85 E.02092
G1 Z16.3772 C40174.359 B-21.849 E.02620
G1 Z16.379 C40177.4 E.02622
G1 Z16.3808 C40179.83 B-21.848 E.02091
G1 Z16.3824 C40182.87 B-21.847 E.02621
G1 Z16.3839 C40185.306 B-21.846 E.02104
G1 Z16.3855 C40187.738 B-21.845 E.02100
G1 Z16.387 C40190.167 B-21.844 E.02098
G1 Z16.3885 C40191.991 E.01569
G1 Z16.39 C40194.427 B-21.843 E.02095
G1 Z16.3915 C40196.86 B-21.842 E.02093
G1 Z16.393 C40199.289 B-21.841 E.02090
G1 Z16.3946 C40201.721 B-21.84 E.02092
G1 Z16.3962 C40204.766 E.02624
G1 Z16.3978 C40207.197 B-21.839 E.02095
G1 Z16.3994 C40209.627 B-21.838 E.02093
G1 Z16.4009 C40212.059 B-21.837 E.02094
G1 Z16.4025 C40214.495 B-21.836 E.02097
G1 Z16.404 C40216.927 B-21.835 E.02093
G1 Z16.4055 C40219.356 E.02091
G1 Z16.407 C40221.789 B-21.834 E.02094
G1 Z16.4085 C40224.225 B-21.833 E.02098
G1 Z16.41 C40226.656 B-21.832 E.02096
G1 Z16.4114 C40229.086 E.02097
G1 Z16.4128 C40230.91 B-21.831 E.01571
G1 Z16.4142 C40233.346 B-21.83 E.02098
G1 Z16.4157 C40235.779 B-21.829 E.02097
G1 Z16.4172 C40238.208 E.02095
G1 Z16.4188 C40240.64 B-21.828 E.02096
G1 Z16.4204 C40243.076 B-21.827 E.02097
G1 Z16.4221 C40246.116 B-21.826 E.02620
G1 Z16.4238 C40248.546 B-21.825 E.02093
G1 Z16.4255 C40251.587 B-21.824 E.02621
G1 Z16.4273 C40254.023 B-21.823 E.02097
G1 Z16.429 C40257.06 B-21.822 E.02616
G1 Z16.4308 C40259.491 E.02092
G1 Z16.4324 C40262.535 B-21.821 E.02623
G1 Z16.4339 C40264.968 B-21.82 E.02101
G1 Z16.4354 C40267.398 B-21.819 E.02099
G1 Z16.4369 C40269.221 B-21.818 E.01570
G1 Z16.4384 C40271.656 E.02096
G1 Z16.4399 C40274.09 B-21.817 E.02096
G1 Z16.4414 C40276.52 B-21.816 E.02093
G1 Z16.4429 C40278.95 B-21.815 E.02093
G1 Z16.4444 C40281.386 E.02098
G1 Z16.4461 C40284.427 B-21.814 E.02622
G1 Z16.4477 C40286.857 B-21.813 E.02095
G1 Z16.4493 C40289.288 B-21.812 E.02094
G1 Z16.451 C40291.725 B-21.811 E.02098
G1 Z16.4526 C40294.765 B-21.81 E.02621
G1 Z16.4542 C40297.194 B-21.809 E.02095
G1 Z16.4558 C40299.627 E.02097
G1 Z16.4573 C40302.063 B-21.808 E.02099
G1 Z16.4589 C40304.494 B-21.807 E.02095
G1 Z16.4604 C40306.924 B-21.806 E.02094
G1 Z16.4619 C40309.357 B-21.805 E.02096
G1 Z16.4634 C40311.793 E.02100
G1 Z16.4649 C40314.224 B-21.804 E.02096
G1 Z16.4664 C40316.654 B-21.803 E.02097
G1 Z16.4678 C40319.086 B-21.802 E.02102
G1 Z16.4693 C40321.522 E.02107
G1 Z16.4709 C40323.954 B-21.801 E.02102
G1 Z16.4724 C40326.383 B-21.8 E.02097
G1 Z16.4741 C40328.816 B-21.799 E.02098
G1 Z16.4757 C40331.252 B-21.798 E.02099
G1 Z16.4774 C40334.291 B-21.797 E.02621
G1 Z16.4791 C40336.721 E.02095
G1 Z16.4808 C40339.764 B-21.796 E.02625
G1 Z16.4824 C40342.198 B-21.795 E.02102
G1 Z16.4838 C40344.628 B-21.794 E.02101
G1 Z16.4853 C40346.451 B-21.793 E.01574
G1 Z16.4867 C40348.884 E.02098
G1 Z16.4882 C40351.32 B-21.792 E.02101
G1 Z16.4897 C40353.75 B-21.791 E.02097
G1 Z16.4912 C40356.18 B-21.79 E.02098
G1 Z16.4926 C40358.614 E.02102
G1 Z16.4942 C40361.05 B-21.789 E.02103
G1 Z16.4959 C40363.48 B-21.788 E.02096
G1 Z16.4975 C40366.518 B-21.787 E.02622
G1 Z16.4992 C40368.953 B-21.786 E.02102
G1 Z16.5008 C40371.387 B-21.785 E.02100
G1 Z16.5025 C40374.425 B-21.784 E.02622
G1 Z16.5041 C40376.856 E.02100
G1 Z16.5057 C40379.292 B-21.783 E.02102
G1 Z16.5074 C40382.332 B-21.782 E.02626
G1 Z16.509 C40384.762 B-21.781 E.02102
G1 Z16.5106 C40387.194 B-21.78 E.02102
G1 Z16.5122 C40389.63 B-21.779 E.02104
G1 Z16.5137 C40392.062 E.02100
G1 Z16.5153 C40394.492 B-21.778 E.02098
G1 Z16.5168 C40396.924 B-21.777 E.02099
G1 Z16.5183 C40399.36 B-21.776 E.02103
G1 Z16.5198 C40401.792 E.02100
G1 Z16.5213 C40404.221 B-21.775 E.02099
G1 Z16.5227 C40406.654 B-21.774 E.02104
G1 Z16.5242 C40409.09 B-21.773 E.02110
G1 Z16.5256 C40410.914 E.01580
G1 Z16.527 C40413.344 B-21.772 E.02100
G1 Z16.5285 C40415.775 B-21.771 E.02102
G1 Z16.53 C40418.211 B-21.77 E.02108
G1 Z16.5315 C40420.644 E.02106
G1 Z16.533 C40423.073 B-21.769 E.02103
G1 Z16.5345 C40425.505 B-21.768 E.02106
G1 Z16.5361 C40427.941 B-21.767 E.02108
G1 Z16.5376 C40430.373 B-21.766 E.02104
G1 Z16.5392 C40432.803 B-21.765 E.02101
G1 Z16.5408 C40435.234 E.02101
G1 Z16.5424 C40438.279 B-21.764 E.02633
G1 Z16.5441 C40440.711 B-21.763 E.02105
G1 Z16.5458 C40443.14 B-21.762 E.02099
G1 Z16.5475 C40446.182 B-21.761 E.02627
G1 Z16.5492 C40448.617 B-21.76 E.02105
G1 Z16.551 C40451.655 B-21.759 E.02624
G1 Z16.5527 C40454.086 E.02101
G1 Z16.5544 C40457.13 B-21.758 E.02629
G1 Z16.5562 C40460.17 B-21.757 E.02630
G1 Z16.5578 C40462.6 B-21.756 E.02105
G1 Z16.5594 C40465.032 B-21.755 E.02106
G1 Z16.5609 C40467.468 B-21.754 E.02109
G1 Z16.5625 C40469.9 B-21.753 E.02105
G1 Z16.564 C40472.329 E.02102
G1 Z16.5656 C40474.762 B-21.752 E.02106
G1 Z16.5671 C40477.198 B-21.751 E.02109
G1 Z16.5686 C40479.629 B-21.75 E.02105
G1 Z16.5701 C40482.059 E.02104
G1 Z16.5717 C40484.492 B-21.749 E.02106
G1 Z16.5732 C40486.928 B-21.748 E.02109
G1 Z16.5747 C40489.359 B-21.747 E.02105
G1 Z16.5762 C40491.789 B-21.746 E.02105
G1 Z16.5777 C40494.221 E.02107
G1 Z16.5792 C40496.658 B-21.745 E.02114
G1 Z16.5806 C40499.089 B-21.744 E.02111
G1 Z16.582 C40500.911 B-21.743 E.01586
G1 Z16.5834 C40503.342 E.02107
G1 Z16.5849 C40505.779 B-21.742 E.02114
G1 Z16.5864 C40508.211 B-21.741 E.02111
G1 X9.9241 Z16.5879 C40510.641 B-21.74 E.02120
G1 Z16.5894 C40513.072 E.02107
G1 Z16.5909 C40515.508 B-21.739 E.02111
G1 Z16.5925 C40517.941 B-21.738 E.02107
G1 Z16.5941 C40520.371 B-21.737 E.02102
G1 Z16.5957 C40522.802 B-21.736 E.02102
G1 Z16.5975 C40525.847 B-21.735 E.02633
G1 Z16.5993 C40528.885 E.02631
G1 Z16.601 C40531.316 B-21.734 E.02102
G1 Z16.6028 C40534.359 B-21.733 E.02633
G1 Z16.6046 C40537.4 B-21.732 E.02635
G1 Z16.6063 C40539.83 B-21.731 E.02102
G1 Z16.608 C40542.87 B-21.73 E.02634
G1 Z16.6095 C40545.306 B-21.729 E.02114
G1 Z16.6111 C40547.738 E.02111
G1 Z16.6126 C40550.167 B-21.728 E.02108
G1 Z16.6141 C40551.991 B-21.727 E.01577
G1 Z16.6156 C40554.427 B-21.726 E.02106
G1 Z16.6171 C40556.86 B-21.725 E.02103
G1 Z16.6186 C40559.289 E.02100
G1 Z16.6202 C40561.721 B-21.724 E.02102
G1 Z16.6218 C40564.766 B-21.723 E.02637
G1 Z16.6234 C40567.197 B-21.722 E.02105
G1 Z16.625 C40569.627 B-21.721 E.02103
G1 Z16.6265 C40572.059 E.02104
G1 Z16.6281 C40574.495 B-21.72 E.02107
G1 Z16.6296 C40576.927 B-21.719 E.02103
G1 Z16.6312 C40579.356 B-21.718 E.02101
G1 Z16.6326 C40581.789 B-21.717 E.02105
G1 Z16.6341 C40584.225 E.02108
G1 Z16.6356 C40586.656 B-21.716 E.02106
G1 Z16.637 C40589.086 B-21.715 E.02108
G1 Z16.6384 C40590.91 B-21.714 E.01578
G1 Z16.6399 C40593.346 E.02108
G1 Z16.6413 C40595.779 B-21.713 E.02107
G1 Z16.6428 C40598.208 B-21.712 E.02105
G1 Z16.6444 C40600.64 B-21.711 E.02106
G1 Z16.646 C40603.076 E.02107
G1 Z16.6477 C40606.116 B-21.71 E.02633
G1 Z16.6494 C40608.546 B-21.709 E.02103
G1 Z16.6511 C40611.587 B-21.708 E.02634
G1 Z16.6529 C40614.023 B-21.707 E.02108
G1 Z16.6546 C40617.06 B-21.706 E.02629
G1 Z16.6564 C40619.491 B-21.705 E.02102
G1 Z16.658 C40622.535 B-21.704 E.02636
G1 Z16.6595 C40624.968 E.02111
G1 Z16.661 C40627.398 B-21.703 E.02110
G1 Z16.6625 C40629.221 B-21.702 E.01578
G1 Z16.664 C40631.656 B-21.701 E.02106
G1 Z16.6655 C40634.09 E.02106
G1 Z16.667 C40636.52 B-21.7 E.02103
G1 Z16.6685 C40638.95 B-21.699 E.02103
G1 Z16.6701 C40641.386 B-21.698 E.02108
G1 Z16.6717 C40644.427 B-21.697 E.02635
G1 Z16.6734 C40646.857 E.02106
G1 Z16.675 C40649.288 B-21.696 E.02104
G1 Z16.6766 C40651.725 B-21.695 E.02108
G1 Z16.6782 C40654.765 B-21.694 E.02634
G1 Z16.6798 C40657.194 B-21.693 E.02106
G1 Z16.6814 C40659.627 B-21.692 E.02108
G1 Z16.683 C40662.063 E.02109
G1 Z16.6845 C40664.494 B-21.691 E.02105
G1 Z16.6861 C40666.924 B-21.69 E.02104
G1 Z16.6876 C40669.357 B-21.689 E.02106
G1 Z16.6891 C40671.793 B-21.688 E.02110
G1 Z16.6906 C40674.224 E.02106
G1 Z16.692 C40676.654 B-21.687 E.02107
G1 Z16.6934 C40679.086 B-21.686 E.02112
G1 Z16.6949 C40681.522 E.02117
G1 Z16.6965 C40683.954 B-21.685 E.02112
G1 Z16.6981 C40686.383 B-21.684 E.02107
G1 Z16.6997 C40688.816 B-21.683 E.02108
G1 Z16.7014 C40691.252 B-21.682 E.02109
G1 Z16.703 C40694.291 B-21.681 E.02633
G1 Z16.7047 C40696.721 B-21.68 E.02105
G1 Z16.7064 C40699.764 E.02638
G1 Z16.708 C40702.198 B-21.679 E.02112
G1 Z16.7095 C40704.628 B-21.678 E.02111
G1 Z16.7109 C40706.451 B-21.677 E.01581
G1 Z16.7124 C40708.884 E.02108
G1 Z16.7139 C40711.32 B-21.676 E.02111
G1 Z16.7153 C40713.75 B-21.675 E.02107
G1 Z16.7168 C40716.18 B-21.674 E.02108
G1 Z16.7183 C40718.614 E.02112
G1 Z16.7199 C40721.05 B-21.673 E.02113
G1 Z16.7216 C40723.48 B-21.672 E.02106
G1 Z16.7232 C40726.518 B-21.671 E.02635
G1 Z16.7249 C40728.953 B-21.67 E.02112
G1 Z16.7265 C40731.387 B-21.669 E.02109
G1 Z16.7282 C40734.425 B-21.668 E.02635
G1 Z16.7298 C40736.856 E.02110
G1 Z16.7314 C40739.292 B-21.667 E.02112
G1 Z16.7331 C40742.332 B-21.666 E.02639
G1 Z16.7347 C40744.762 B-21.665 E.02112
G1 Z16.7363 C40747.194 B-21.664 E.02112
G1 Z16.7378 C40749.63 E.02114
G1 Z16.7394 C40752.062 B-21.663 E.02110
G1 Z16.741 C40754.492 B-21.662 E.02107
G1 Z16.7425 C40756.924 B-21.661 E.02109
G1 Z16.744 C40759.36 B-21.66 E.02113
G1 Z16.7455 C40761.792 E.02110
G1 Z16.747 C40764.221 B-21.659 E.02108
G1 Z16.7485 C40766.654 B-21.658 E.02114
G1 Z16.7499 C40769.09 B-21.657 E.02119
G1 Z16.7513 C40770.914 E.01587
G1 Z16.7527 C40773.344 B-21.656 E.02109
G1 Z16.7542 C40775.775 B-21.655 E.02112
G1 Z16.7557 C40778.211 B-21.654 E.02118
G1 Z16.7572 C40780.644 E.02116
G1 Z16.7587 C40783.073 B-21.653 E.02113
G1 Z16.7602 C40785.505 B-21.652 E.02115
G1 Z16.7618 C40787.941 B-21.651 E.02118
G1 Z16.7634 C40790.373 B-21.65 E.02114
G1 Z16.7649 C40792.803 E.02111
G1 Z16.7665 C40795.234 B-21.649 E.02110
G1 Z16.7682 C40798.279 B-21.648 E.02645
G1 Z16.7698 C40800.711 B-21.647 E.02115
G1 Z16.7715 C40803.14 B-21.646 E.02109
G1 Z16.7732 C40806.182 B-21.645 E.02640
G1 Z16.775 C40808.617 E.02114
G1 Z16.7767 C40811.655 B-21.644 E.02636
G1 Z16.7784 C40814.086 B-21.643 E.02111
G1 Z16.7802 C40817.13 B-21.642 E.02641
G1 Z16.7819 C40820.17 B-21.641 E.02642
G1 Z16.7835 C40822.6 B-21.64 E.02115
G1 Z16.7851 C40825.032 B-21.639 E.02116
G1 Z16.7867 C40827.468 E.02118
G1 Z16.7882 C40829.9 B-21.638 E.02115
G1 Z16.7898 C40832.329 B-21.637 E.02112
G1 Z16.7913 C40834.762 B-21.636 E.02115
G1 Z16.7928 C40837.198 B-21.635 E.02118
G1 Z16.7943 C40839.629 E.02114
G1 Z16.7959 C40842.059 B-21.634 E.02113
G1 Z16.7974 C40844.492 B-21.633 E.02115
G1 Z16.799 C40846.928 B-21.632 E.02118
G1 Z16.8005 C40849.359 E.02114
G1 Z16.802 C40851.789 B-21.631 E.02114
G1 Z16.8034 C40854.221 B-21.63 E.02117
G1 Z16.8049 C40856.658 B-21.629 E.02123
G1 Z16.8063 C40859.089 E.02121
G1 Z16.8078 C40860.911 B-21.628 E.01593
G1 Z16.8092 C40863.342 B-21.627 E.02116
G1 Z16.8106 C40865.779 B-21.626 E.02123
G1 Z16.8121 C40868.211 E.02120
G1 Z16.8136 C40870.641 B-21.625 E.02119
G1 Z16.8151 C40873.072 B-21.624 E.02120
G1 Z16.8167 C40875.508 B-21.623 E.02125
G1 Z16.8182 C40877.941 B-21.622 E.02121
G1 Z16.8199 C40880.371 E.02116
G1 Z16.8214 C40882.802 B-21.621 E.02117
G1 Z16.8233 C40885.847 B-21.62 E.02645
G1 X9.9742 Z16.8251 C40888.885 B-21.619 E.02656
G1 Z16.8268 C40891.316 B-21.618 E.02113
G1 Z16.8286 C40894.359 B-21.617 E.02646
G1 Z16.8303 C40897.4 B-21.616 E.02648
G1 Z16.8321 C40899.83 B-21.615 E.02112
G1 Z16.8338 C40902.87 E.02647
G1 Z16.8353 C40905.306 B-21.614 E.02125
G1 Z16.8368 C40907.738 B-21.613 E.02121
G1 Z16.8384 C40910.167 B-21.612 E.02118
G1 Z16.8399 C40911.991 E.01585
G1 Z16.8414 C40914.427 B-21.611 E.02116
G1 Z16.8429 C40916.86 B-21.61 E.02114
G1 Z16.8444 C40919.289 B-21.609 E.02110
G1 Z16.846 C40921.721 B-21.608 E.02113
G1 Z16.8476 C40924.766 E.02650
G1 Z16.8492 C40927.197 B-21.607 E.02116
G1 Z16.8508 C40929.627 B-21.606 E.02113
G1 Z16.8523 C40932.059 B-21.605 E.02114
G1 Z16.8539 C40934.495 B-21.604 E.02117
G1 Z16.8555 C40936.927 E.02114
G1 Z16.857 C40939.356 B-21.603 E.02111
G1 Z16.8585 C40941.789 B-21.602 E.02115
G1 Z16.8599 C40944.225 B-21.601 E.02119
G1 Z16.8614 C40946.656 E.02116
G1 Z16.8628 C40949.086 B-21.6 E.02118
G1 Z16.8643 C40950.91 B-21.599 E.01586
G1 Z16.8657 C40953.346 B-21.598 E.02118
G1 Z16.8672 C40955.779 E.02117
G1 Z16.8687 C40958.208 B-21.597 E.02115
G1 Z16.8702 C40960.64 B-21.596 E.02117
G1 Z16.8719 C40963.076 B-21.595 E.02117
G1 Z16.8736 C40966.116 B-21.594 E.02646
G1 Z16.8753 C40968.546 B-21.593 E.02113
G1 Z16.877 C40971.587 E.02647
G1 Z16.8787 C40974.023 B-21.592 E.02118
G1 Z16.8805 C40977.06 B-21.591 E.02642
G1 Z16.8823 C40979.491 B-21.59 E.02113
G1 Z16.8839 C40982.535 B-21.589 E.02649
G1 Z16.8854 C40984.968 B-21.588 E.02121
G1 Z16.8869 C40987.398 E.02120
G1 Z16.8884 C40989.221 B-21.587 E.01585
G1 Z16.8899 C40991.656 B-21.586 E.02117
G1 Z16.8914 C40994.09 B-21.585 E.02116
G1 Z16.8929 C40996.52 E.02113
G1 Z16.8944 C40998.95 B-21.584 E.02113
G1 Z16.896 C41001.386 B-21.583 E.02118
G1 Z16.8976 C41004.427 B-21.582 E.02648
G1 Z16.8992 C41006.857 B-21.581 E.02116
G1 Z16.9009 C41009.288 B-21.58 E.02114
G1 Z16.9025 C41011.725 E.02118
G1 Z16.9041 C41014.765 B-21.579 E.02647
G1 Z16.9057 C41017.194 B-21.578 E.02116
G1 Z16.9073 C41019.627 B-21.577 E.02118
G1 Z16.9089 C41022.063 B-21.576 E.02119
G1 Z16.9104 C41024.494 E.02115
G1 Z16.912 C41026.924 B-21.575 E.02114
G1 Z16.9135 C41029.357 B-21.574 E.02116
G1 Z16.915 C41031.793 B-21.573 E.02120
G1 Z16.9165 C41034.224 E.02116
G1 Z16.9179 C41036.654 B-21.572 E.02117
G1 Z16.9194 C41039.086 B-21.571 E.02122
G1 Z16.9209 C41041.522 B-21.57 E.02127
G1 Z16.9224 C41043.954 E.02122
G1 Z16.924 C41046.383 B-21.569 E.02117
G1 Z16.9257 C41048.816 B-21.568 E.02118
G1 Z16.9273 C41051.252 B-21.567 E.02119
G1 Z16.929 C41054.291 B-21.566 E.02646
G1 Z16.9307 C41056.721 B-21.565 E.02115
G1 Z16.9324 C41059.764 E.02650
G1 Z16.934 C41062.198 B-21.564 E.02122
G1 Z16.9354 C41064.628 B-21.563 E.02121
G1 Z16.9369 C41066.451 B-21.562 E.01588
G1 Z16.9383 C41068.884 E.02118
G1 Z16.9398 C41071.32 B-21.561 E.02121
G1 Z16.9413 C41073.75 B-21.56 E.02117
G1 Z16.9428 C41076.18 B-21.559 E.02118
G1 Z16.9443 C41078.614 B-21.558 E.02122
G1 Z16.9459 C41081.05 E.02123
G1 Z16.9475 C41083.48 B-21.557 E.02115
G1 Z16.9492 C41086.518 B-21.556 E.02647
G1 Z16.9508 C41088.953 B-21.555 E.02122
G1 Z16.9525 C41091.387 B-21.554 E.02119
G1 Z16.9541 C41094.425 B-21.553 E.02647
G1 Z16.9558 C41096.856 E.02119
G1 Z16.9574 C41099.292 B-21.552 E.02122
G1 Z16.9591 C41102.332 B-21.551 E.02651
G1 Z16.9607 C41104.762 B-21.55 E.02121
G1 Z16.9623 C41107.194 B-21.549 E.02121
G1 Z16.9638 C41109.63 E.02123
G1 Z16.9654 C41112.062 B-21.548 E.02119
G1 Z16.967 C41114.492 B-21.547 E.02117
G1 Z16.9685 C41116.924 B-21.546 E.02119
G1 Z16.97 C41119.36 B-21.545 E.02123
G1 Z16.9715 C41121.792 E.02120
G1 Z16.973 C41124.221 B-21.544 E.02118
G1 Z16.9745 C41126.654 B-21.543 E.02123
G1 Z16.9759 C41129.09 E.02129
G1 Z16.9773 C41130.914 B-21.542 E.01593
G1 Z16.9788 C41133.344 B-21.541 E.02119
G1 Z16.9802 C41135.775 B-21.54 E.02121
G1 Z16.9817 C41138.211 E.02127
G1 Z16.9832 C41140.644 B-21.539 E.02125
G1 Z16.9847 C41143.073 B-21.538 E.02122
G1 Z16.9863 C41145.505 B-21.537 E.02125
G1 Z16.9878 C41147.941 B-21.536 E.02127
G1 Z16.9894 C41150.373 E.02123
G1 Z16.991 C41152.803 B-21.535 E.02120
G1 Z16.9926 C41155.234 B-21.534 E.02120
G1 Z16.9942 C41158.279 B-21.533 E.02658
G1 Z16.9959 C41160.711 B-21.532 E.02124
G1 Z16.9976 C41163.14 E.02118
G1 Z16.9993 C41166.182 B-21.531 E.02652
G1 Z17.001 C41168.617 B-21.53 E.02124
G1 Z17.0028 C41171.655 B-21.529 E.02648
G1 Z17.0045 C41174.086 B-21.528 E.02120
G1 Z17.0062 C41177.13 B-21.527 E.02653
G1 Z17.008 C41180.17 B-21.526 E.02654
G1 Z17.0096 C41182.6 B-21.525 E.02124
G1 Z17.0112 C41185.032 E.02125
G1 Z17.0127 C41187.468 B-21.524 E.02128
G1 Z17.0143 C41189.9 B-21.523 E.02124
G1 Z17.0158 C41192.329 B-21.522 E.02121
G1 Z17.0174 C41194.762 E.02124
G1 Z17.0189 C41197.198 B-21.521 E.02127
G1 Z17.0204 C41199.629 B-21.52 E.02123
G1 Z17.022 C41202.059 B-21.519 E.02122
G1 Z17.0235 C41204.492 B-21.518 E.02125
G1 Z17.0251 C41206.928 E.02127
G1 Z17.0266 C41209.359 B-21.517 E.02123
G1 Z17.0281 C41211.789 B-21.516 E.02123
G1 Z17.0296 C41214.221 B-21.515 E.02126
G1 Z17.031 C41216.658 E.02132
G1 Z17.0325 C41219.089 B-21.514 E.02130
G1 Z17.0339 C41220.911 B-21.513 E.01598
G1 Z17.0353 C41223.342 B-21.512 E.02125
G1 Z17.0368 C41225.779 E.02132
G1 Z17.0383 C41228.211 B-21.511 E.02129
G1 Z17.0398 C41230.641 B-21.51 E.02128
G1 Z17.0413 C41233.072 B-21.509 E.02129
G1 Z17.0428 C41235.508 E.02134
G1 Z17.0444 C41237.941 B-21.508 E.02130
G1 Z17.046 C41240.371 B-21.507 E.02125
G1 Z17.0476 C41242.802 B-21.506 E.02126
G1 Z17.0495 C41245.847 B-21.505 E.02657
G1 Z17.0512 C41248.885 B-21.504 E.02654
G1 Z17.053 C41251.316 E.02126
G1 Z17.0547 C41254.359 B-21.503 E.02657
G1 Z17.0565 C41257.4 B-21.502 E.02659
G1 Z17.0583 C41259.83 B-21.501 E.02126
G1 Z17.06 C41262.87 B-21.5 E.02659
G1 Z17.0615 C41265.306 B-21.499 E.02139
G1 Z17.063 C41267.738 E.02136
G1 Z17.0645 C41270.167 B-21.498 E.02133
G1 X10.0245 Z17.0661 C41271.991 B-21.497 E.01612
G1 Z17.0676 C41274.427 B-21.496 E.02127
G1 Z17.0691 C41276.86 B-21.495 E.02124
G1 Z17.0706 C41279.289 E.02121
G1 Z17.0722 C41281.721 B-21.494 E.02123
G1 Z17.0738 C41284.766 B-21.493 E.02663
G1 Z17.0754 C41287.197 B-21.492 E.02126
G1 Z17.077 C41289.627 B-21.491 E.02124
G1 Z17.0786 C41292.059 E.02125
G1 Z17.0801 C41294.495 B-21.49 E.02128
G1 Z17.0817 C41296.927 B-21.489 E.02124
G1 Z17.0832 C41299.356 B-21.488 E.02122
G1 Z17.0847 C41301.789 E.02126
G1 Z17.0862 C41304.225 B-21.487 E.02129
G1 Z17.0877 C41306.656 B-21.486 E.02127
G1 Z17.0891 C41309.086 B-21.485 E.02128
G1 Z17.0905 C41310.91 E.01593
G1 Z17.092 C41313.346 B-21.484 E.02129
G1 Z17.0934 C41315.779 B-21.483 E.02128
G1 Z17.0949 C41318.208 B-21.482 E.02125
G1 Z17.0965 C41320.64 E.02127
G1 Z17.0982 C41323.076 B-21.481 E.02128
G1 Z17.0998 C41326.116 B-21.48 E.02659
G1 Z17.1016 C41328.546 B-21.479 E.02123
G1 Z17.1033 C41331.587 B-21.478 E.02660
G1 Z17.105 C41334.023 B-21.477 E.02128
G1 Z17.1068 C41337.06 B-21.476 E.02655
G1 Z17.1086 C41339.491 E.02123
G1 Z17.1102 C41342.535 B-21.475 E.02662
G1 Z17.1117 C41344.968 B-21.474 E.02131
G1 Z17.1132 C41347.398 B-21.473 E.02130
G1 Z17.1147 C41349.221 E.01593
G1 Z17.1162 C41351.656 B-21.472 E.02127
G1 Z17.1177 C41354.09 B-21.471 E.02126
G1 Z17.1192 C41356.52 B-21.47 E.02123
G1 Z17.1207 C41358.95 B-21.469 E.02124
G1 Z17.1223 C41361.386 E.02128
G1 Z17.124 C41364.427 B-21.468 E.02661
G1 Z17.1256 C41366.857 B-21.467 E.02126
G1 Z17.1272 C41369.288 B-21.466 E.02124
G1 Z17.1289 C41371.725 B-21.465 E.02129
G1 Z17.1305 C41374.765 E.02659
G1 Z17.1321 C41377.194 B-21.464 E.02126
G1 Z17.1337 C41379.627 B-21.463 E.02128
G1 Z17.1353 C41382.063 B-21.462 E.02129
G1 Z17.1368 C41384.494 B-21.461 E.02125
G1 Z17.1384 C41386.924 E.02124
G1 Z17.1399 C41389.357 B-21.46 E.02126
G1 Z17.1414 C41391.793 B-21.459 E.02130
G1 Z17.1429 C41394.224 B-21.458 E.02126
G1 Z17.1443 C41396.654 E.02127
G1 Z17.1458 C41399.086 B-21.457 E.02132
G1 Z17.1473 C41401.522 B-21.456 E.02137
G1 Z17.1489 C41403.954 B-21.455 E.02131
G1 Z17.1505 C41406.383 E.02127
G1 Z17.1521 C41408.816 B-21.454 E.02128
G1 Z17.1537 C41411.252 B-21.453 E.02129
G1 Z17.1554 C41414.291 B-21.452 E.02659
G1 Z17.1571 C41416.721 B-21.451 E.02125
G1 Z17.1588 C41419.764 B-21.45 E.02663
G1 Z17.1604 C41422.198 E.02132
G1 Z17.1619 C41424.628 B-21.449 E.02131
G1 Z17.1633 C41426.451 B-21.448 E.01595
G1 Z17.1648 C41428.884 B-21.447 E.02127
G1 Z17.1663 C41431.32 E.02131
G1 Z17.1678 C41433.75 B-21.446 E.02127
G1 Z17.1693 C41436.18 B-21.445 E.02127
G1 Z17.1708 C41438.614 B-21.444 E.02132
G1 Z17.1724 C41441.05 E.02132
G1 Z17.174 C41443.48 B-21.443 E.02125
G1 Z17.1757 C41446.518 B-21.442 E.02660
G1 Z17.1773 C41448.953 B-21.441 E.02132
G1 Z17.179 C41451.387 B-21.44 E.02129
G1 Z17.1807 C41454.425 B-21.439 E.02660
G1 Z17.1823 C41456.856 E.02129
G1 Z17.1839 C41459.292 B-21.438 E.02131
G1 Z17.1856 C41462.332 B-21.437 E.02664
G1 Z17.1872 C41464.762 B-21.436 E.02131
G1 Z17.1888 C41467.194 B-21.435 E.02131
G1 Z17.1904 C41469.63 E.02133
G1 Z17.192 C41472.062 B-21.434 E.02129
G1 Z17.1935 C41474.492 B-21.433 E.02127
G1 Z17.1951 C41476.924 B-21.432 E.02128
G1 Z17.1966 C41479.36 B-21.431 E.02132
G1 Z17.1981 C41481.792 E.02129
G1 Z17.1996 C41484.221 B-21.43 E.02127
G1 Z17.201 C41486.654 B-21.429 E.02133
G1 Z17.2025 C41489.09 E.02138
G1 Z17.2039 C41490.914 B-21.428 E.01600
G1 Z17.2053 C41493.344 B-21.427 E.02128
G1 Z17.2068 C41495.775 B-21.426 E.02131
G1 Z17.2083 C41498.211 E.02136
G1 Z17.2098 C41500.644 B-21.425 E.02135
G1 Z17.2113 C41503.073 B-21.424 E.02132
G1 Z17.2129 C41505.505 B-21.423 E.02134
G1 Z17.2144 C41507.941 E.02137
G1 Z17.216 C41510.373 B-21.422 E.02132
G1 Z17.2176 C41512.803 B-21.421 E.02129
G1 Z17.2192 C41515.234 B-21.42 E.02129
G1 Z17.2208 C41518.279 B-21.419 E.02670
G1 Z17.2225 C41520.711 B-21.418 E.02133
G1 Z17.2242 C41523.14 E.02127
G1 Z17.2259 C41526.182 B-21.417 E.02664
G1 Z17.2277 C41528.617 B-21.416 E.02133
G1 Z17.2294 C41531.655 B-21.415 E.02660
G1 Z17.2311 C41534.086 B-21.414 E.02129
G1 Z17.2329 C41537.13 B-21.413 E.02665
G1 Z17.2346 C41540.17 B-21.412 E.02666
G1 Z17.2363 C41542.6 E.02133
G1 Z17.2378 C41545.032 B-21.411 E.02134
G1 Z17.2394 C41547.468 B-21.41 E.02137
G1 Z17.241 C41549.9 B-21.409 E.02133
G1 Z17.2425 C41552.329 B-21.408 E.02130
G1 Z17.2441 C41554.762 E.02133
G1 Z17.2456 C41557.198 B-21.407 E.02136
G1 Z17.2471 C41559.629 B-21.406 E.02132
G1 Z17.2486 C41562.059 B-21.405 E.02131
G1 Z17.2502 C41564.492 E.02134
G1 Z17.2518 C41566.928 B-21.404 E.02136
G1 Z17.2533 C41569.359 B-21.403 E.02132
G1 Z17.2548 C41571.789 B-21.402 E.02132
G1 Z17.2563 C41574.221 E.02135
G1 Z17.2577 C41576.658 B-21.401 E.02141
G1 Z17.2592 C41579.089 B-21.4 E.02138
G1 Z17.2606 C41580.911 B-21.399 E.01604
G1 Z17.262 C41583.342 E.02134
G1 Z17.2635 C41585.779 B-21.398 E.02141
G1 Z17.265 C41588.211 B-21.397 E.02138
G1 Z17.2665 C41590.641 B-21.396 E.02137
G1 Z17.268 C41593.072 E.02138
G1 Z17.2696 C41595.508 B-21.395 E.02142
G1 Z17.2711 C41597.941 B-21.394 E.02139
G1 Z17.2728 C41600.371 B-21.393 E.02134
G1 Z17.2743 C41602.802 E.02134
G1 Z17.2762 C41605.847 B-21.392 E.02669
G1 Z17.278 C41608.885 B-21.391 E.02666
G1 Z17.2797 C41611.316 B-21.39 E.02135
G1 Z17.2815 C41614.359 B-21.389 E.02669
G1 Z17.2833 C41617.4 B-21.388 E.02671
G1 Z17.2851 C41619.83 B-21.387 E.02135
G1 Z17.2868 C41622.87 B-21.386 E.02670
G1 Z17.2883 C41625.306 E.02147
G1 Z17.2898 C41627.738 B-21.385 E.02144
G1 Z17.2914 C41630.167 B-21.384 E.02142
G1 Z17.2929 C41631.991 B-21.383 E.01610
G1 Z17.2944 C41634.427 E.02140
G1 Z17.296 C41636.86 B-21.382 E.02137
G1 Z17.2975 C41639.289 B-21.381 E.02134
G1 Z17.2991 C41641.721 B-21.38 E.02137
G1 Z17.3007 C41644.766 B-21.379 E.02674
G1 Z17.3023 C41647.197 E.02140
G1 Z17.3039 C41649.627 B-21.378 E.02138
G1 Z17.3055 C41652.059 B-21.377 E.02139
G1 Z17.307 C41654.495 B-21.376 E.02142
G1 X10.0745 Z17.3086 C41656.927 E.02149
G1 Z17.3101 C41659.356 B-21.375 E.02132
G1 Z17.3116 C41661.789 B-21.374 E.02136
G1 Z17.3131 C41664.225 B-21.373 E.02140
G1 Z17.3146 C41666.656 E.02137
G1 Z17.316 C41669.086 B-21.372 E.02139
G1 Z17.3175 C41670.91 B-21.371 E.01601
G1 Z17.3189 C41673.346 B-21.37 E.02139
G1 Z17.3204 C41675.779 E.02138
G1 Z17.3219 C41678.208 B-21.369 E.02136
G1 Z17.3235 C41680.64 B-21.368 E.02137
G1 Z17.3251 C41683.076 B-21.367 E.02138
G1 Z17.3268 C41686.116 B-21.366 E.02672
G1 Z17.3285 C41688.546 E.02134
G1 Z17.3303 C41691.587 B-21.365 E.02673
G1 Z17.332 C41694.023 B-21.364 E.02139
G1 Z17.3338 C41697.06 B-21.363 E.02668
G1 Z17.3356 C41699.491 B-21.362 E.02133
G1 Z17.3372 C41702.535 B-21.361 E.02675
G1 Z17.3387 C41704.968 E.02142
G1 Z17.3402 C41707.398 B-21.36 E.02140
G1 Z17.3417 C41709.221 B-21.359 E.01600
G1 Z17.3432 C41711.656 B-21.358 E.02137
G1 Z17.3448 C41714.09 E.02136
G1 Z17.3463 C41716.52 B-21.357 E.02133
G1 Z17.3478 C41718.95 B-21.356 E.02134
G1 Z17.3494 C41721.386 B-21.355 E.02138
G1 Z17.351 C41724.427 B-21.354 E.02674
G1 Z17.3527 C41726.857 E.02136
G1 Z17.3543 C41729.288 B-21.353 E.02135
G1 Z17.356 C41731.725 B-21.352 E.02139
G1 Z17.3576 C41734.765 B-21.351 E.02672
G1 Z17.3592 C41737.194 B-21.35 E.02136
G1 Z17.3608 C41739.627 E.02138
G1 Z17.3624 C41742.063 B-21.349 E.02140
G1 Z17.364 C41744.494 B-21.348 E.02135
G1 Z17.3655 C41746.924 B-21.347 E.02134
G1 Z17.367 C41749.357 B-21.346 E.02137
G1 Z17.3685 C41751.793 E.02140
G1 Z17.37 C41754.224 B-21.345 E.02136
G1 Z17.3715 C41756.654 B-21.344 E.02137
G1 Z17.3729 C41759.086 E.02142
G1 Z17.3744 C41761.522 B-21.343 E.02147
G1 Z17.376 C41763.954 B-21.342 E.02141
G1 Z17.3776 C41766.383 B-21.341 E.02137
G1 Z17.3793 C41768.816 B-21.34 E.02138
G1 Z17.3809 C41771.252 E.02139
G1 Z17.3826 C41774.291 B-21.339 E.02671
G1 Z17.3843 C41776.721 B-21.338 E.02135
G1 Z17.386 C41779.764 B-21.337 E.02676
G1 Z17.3876 C41782.198 B-21.336 E.02142
G1 Z17.3891 C41784.628 B-21.335 E.02140
G1 Z17.3906 C41786.451 E.01602
G1 Z17.392 C41788.884 B-21.334 E.02137
G1 Z17.3935 C41791.32 B-21.333 E.02141
G1 Z17.395 C41793.75 E.02136
G1 Z17.3965 C41796.18 B-21.332 E.02137
G1 Z17.398 C41798.614 B-21.331 E.02142
G1 Z17.3996 C41801.05 B-21.33 E.02142
G1 Z17.4013 C41803.48 B-21.329 E.02135
G1 Z17.403 C41806.518 E.02672
G1 Z17.4046 C41808.953 B-21.328 E.02141
G1 Z17.4063 C41811.387 B-21.327 E.02138
G1 Z17.408 C41814.425 B-21.326 E.02672
G1 Z17.4096 C41816.856 B-21.325 E.02139
G1 Z17.4113 C41819.292 E.02141
G1 Z17.4129 C41822.332 B-21.324 E.02676
G1 Z17.4145 C41824.762 B-21.323 E.02140
G1 Z17.4161 C41827.194 B-21.322 E.02140
G1 Z17.4177 C41829.63 B-21.321 E.02143
G1 Z17.4193 C41832.062 E.02138
G1 Z17.4209 C41834.492 B-21.32 E.02136
G1 Z17.4224 C41836.924 B-21.319 E.02138
G1 Z17.424 C41839.36 B-21.318 E.02142
G1 Z17.4255 C41841.792 B-21.317 E.02139
G1 Z17.427 C41844.221 E.02137
G1 Z17.4284 C41846.654 B-21.316 E.02142
G1 Z17.4299 C41849.09 B-21.315 E.02148
G1 Z17.4313 C41850.914 E.01606
G1 Z17.4328 C41853.344 B-21.314 E.02138
G1 Z17.4342 C41855.775 B-21.313 E.02140
G1 Z17.4357 C41858.211 B-21.312 E.02146
G1 Z17.4372 C41860.644 E.02144
G1 Z17.4388 C41863.073 B-21.311 E.02141
G1 Z17.4403 C41865.505 B-21.31 E.02143
G1 Z17.4419 C41867.941 B-21.309 E.02146
G1 Z17.4434 C41870.373 E.02142
G1 Z17.4451 C41872.803 B-21.308 E.02139
G1 Z17.4467 C41875.234 B-21.307 E.02138
G1 Z17.4483 C41878.279 B-21.306 E.02682
G1 Z17.45 C41880.711 B-21.305 E.02143
G1 Z17.4517 C41883.14 B-21.304 E.02137
G1 Z17.4534 C41886.182 E.02676
G1 Z17.4552 C41888.617 B-21.303 E.02142
G1 Z17.4569 C41891.655 B-21.302 E.02673
G1 Z17.4587 C41894.086 B-21.301 E.02139
G1 Z17.4604 C41897.13 B-21.3 E.02677
G1 Z17.4621 C41900.17 B-21.299 E.02678
G1 Z17.4638 C41902.6 B-21.298 E.02142
G1 Z17.4654 C41905.032 E.02143
G1 Z17.4669 C41907.468 B-21.297 E.02146
G1 Z17.4685 C41909.9 B-21.296 E.02142
G1 Z17.4701 C41912.329 B-21.295 E.02139
G1 Z17.4716 C41914.762 E.02142
G1 Z17.4732 C41917.198 B-21.294 E.02145
G1 Z17.4747 C41919.629 B-21.293 E.02141
G1 Z17.4762 C41922.059 B-21.292 E.02140
G1 Z17.4778 C41924.492 E.02143
G1 Z17.4793 C41926.928 B-21.291 E.02145
G1 Z17.4809 C41929.359 B-21.29 E.02141
G1 Z17.4824 C41931.789 B-21.289 E.02141
G1 Z17.4839 C41934.221 E.02144
G1 Z17.4853 C41936.658 B-21.288 E.02150
G1 Z17.4868 C41939.089 B-21.287 E.02147
G1 Z17.4882 C41940.911 B-21.286 E.01610
G1 Z17.4897 C41943.342 E.02143
G1 Z17.4911 C41945.779 B-21.285 E.02150
G1 Z17.4926 C41948.211 B-21.284 E.02147
G1 Z17.4942 C41950.641 B-21.283 E.02146
G1 Z17.4957 C41953.072 E.02147
G1 Z17.4972 C41955.508 B-21.282 E.02151
G1 Z17.4988 C41957.941 B-21.281 E.02148
G1 Z17.5004 C41960.371 B-21.28 E.02143
G1 Z17.502 C41962.802 E.02143
G1 Z17.5039 C41965.847 B-21.279 E.02680
G1 Z17.5057 C41968.885 B-21.278 E.02678
G1 Z17.5075 C41971.316 B-21.277 E.02143
G1 Z17.5092 C41974.359 B-21.276 E.02681
G1 Z17.511 C41977.4 B-21.275 E.02682
G1 Z17.5128 C41979.83 B-21.274 E.02144
G1 Z17.5145 C41982.87 B-21.273 E.02682
G1 Z17.5161 C41985.306 E.02156
G1 Z17.5176 C41987.738 B-21.272 E.02153
G1 Z17.5192 C41990.167 B-21.271 E.02150
G1 Z17.5207 C41991.991 B-21.27 E.01615
G1 Z17.5222 C41994.427 E.02148
G1 Z17.5238 C41996.86 B-21.269 E.02146
G1 Z17.5253 C41999.289 B-21.268 E.02143
G1 Z17.5269 C42001.721 B-21.267 E.02145
G1 Z17.5285 C42004.766 E.02686
G1 Z17.5301 C42007.197 B-21.266 E.02149
G1 Z17.5317 C42009.627 B-21.265 E.02146
G1 Z17.5333 C42012.059 B-21.264 E.02148
G1 Z17.5349 C42014.495 B-21.263 E.02151
G1 Z17.5365 C42016.927 E.02147
G1 Z17.538 C42019.356 B-21.262 E.02145
G1 Z17.5395 C42021.789 B-21.261 E.02149
G1 Z17.541 C42024.225 B-21.26 E.02153
G1 Z17.5425 C42026.656 E.02150
G1 Z17.544 C42029.086 B-21.259 E.02152
G1 Z17.5454 C42030.91 B-21.258 E.01619
G1 Z17.5468 C42033.346 E.02153
G1 Z17.5483 C42035.779 B-21.257 E.02152
G1 Z17.5498 C42038.208 B-21.256 E.02150
G1 Z17.5514 C42040.64 B-21.255 E.02151
G1 Z17.5531 C42043.076 B-21.254 E.02153
G1 X10.1247 Z17.5548 C42046.116 E.02697
G1 Z17.5565 C42048.546 B-21.253 E.02144
G1 Z17.5583 C42051.587 B-21.252 E.02686
G1 Z17.56 C42054.023 B-21.251 E.02149
G1 Z17.5618 C42057.06 B-21.25 E.02681
G1 Z17.5636 C42059.491 B-21.249 E.02144
G1 Z17.5653 C42062.535 B-21.248 E.02688
G1 Z17.5668 C42064.968 E.02152
G1 Z17.5683 C42067.398 B-21.247 E.02150
G1 Z17.5698 C42069.221 B-21.246 E.01608
G1 Z17.5713 C42071.656 B-21.245 E.02147
G1 Z17.5728 C42074.09 E.02147
G1 Z17.5744 C42076.52 B-21.244 E.02144
G1 Z17.5759 C42078.95 B-21.243 E.02144
G1 Z17.5775 C42081.386 B-21.242 E.02149
G1 Z17.5791 C42084.427 E.02687
G1 Z17.5808 C42086.857 B-21.241 E.02146
G1 Z17.5825 C42089.288 B-21.24 E.02145
G1 Z17.5841 C42091.725 B-21.239 E.02149
G1 Z17.5858 C42094.765 B-21.238 E.02685
G1 Z17.5874 C42097.194 E.02146
G1 Z17.589 C42099.627 B-21.237 E.02148
G1 Z17.5906 C42102.063 B-21.236 E.02150
G1 Z17.5921 C42104.494 B-21.235 E.02145
G1 Z17.5937 C42106.924 B-21.234 E.02144
G1 Z17.5952 C42109.357 E.02147
G1 Z17.5968 C42111.793 B-21.233 E.02150
G1 Z17.5983 C42114.224 B-21.232 E.02146
G1 Z17.5997 C42116.654 B-21.231 E.02147
G1 Z17.6012 C42119.086 E.02152
G1 Z17.6027 C42121.522 B-21.23 E.02157
G1 Z17.6043 C42123.954 B-21.229 E.02152
G1 Z17.6059 C42126.383 B-21.228 E.02147
G1 Z17.6076 C42128.816 E.02148
G1 Z17.6092 C42131.252 B-21.227 E.02149
G1 Z17.6109 C42134.291 B-21.226 E.02684
G1 Z17.6126 C42136.721 B-21.225 E.02145
G1 Z17.6144 C42139.764 B-21.224 E.02689
G1 Z17.616 C42142.198 B-21.223 E.02151
G1 Z17.6174 C42144.628 E.02150
G1 Z17.6189 C42146.451 B-21.222 E.01609
G1 Z17.6204 C42148.884 B-21.221 E.02147
G1 Z17.6219 C42151.32 E.02151
G1 Z17.6234 C42153.75 B-21.22 E.02146
G1 Z17.6249 C42156.18 B-21.219 E.02147
G1 Z17.6264 C42158.614 B-21.218 E.02151
G1 Z17.628 C42161.05 E.02152
G1 Z17.6297 C42163.48 B-21.217 E.02145
G1 Z17.6314 C42166.518 B-21.216 E.02685
G1 Z17.633 C42168.953 B-21.215 E.02151
G1 Z17.6347 C42171.387 B-21.214 E.02148
G1 Z17.6364 C42174.425 B-21.213 E.02685
G1 Z17.6381 C42176.856 E.02148
G1 Z17.6397 C42179.292 B-21.212 E.02151
G1 Z17.6414 C42182.332 B-21.211 E.02689
G1 Z17.643 C42184.762 B-21.21 E.02150
G1 Z17.6446 C42187.194 B-21.209 E.02150
G1 Z17.6462 C42189.63 E.02152
G1 Z17.6478 C42192.062 B-21.208 E.02148
G1 Z17.6494 C42194.492 B-21.207 E.02146
G1 Z17.6509 C42196.924 B-21.206 E.02147
G1 Z17.6525 C42199.36 E.02151
G1 Z17.654 C42201.792 B-21.205 E.02148
G1 Z17.6555 C42204.221 B-21.204 E.02147
G1 Z17.657 C42206.654 B-21.203 E.02152
G1 Z17.6584 C42209.09 E.02157
G1 Z17.6599 C42210.914 B-21.202 E.01613
G1 Z17.6613 C42213.344 B-21.201 E.02147
G1 Z17.6628 C42215.775 E.02150
G1 Z17.6643 C42218.211 B-21.2 E.02155
G1 Z17.6658 C42220.644 B-21.199 E.02154
G1 Z17.6674 C42223.073 B-21.198 E.02150
G1 Z17.6689 C42225.505 E.02153
G1 Z17.6705 C42227.941 B-21.197 E.02156
G1 Z17.6721 C42230.373 B-21.196 E.02151
G1 Z17.6737 C42232.803 B-21.195 E.02148
G1 Z17.6753 C42235.234 B-21.194 E.02148
G1 Z17.677 C42238.279 E.02694
G1 Z17.6786 C42240.711 B-21.193 E.02152
G1 Z17.6804 C42243.14 B-21.192 E.02146
G1 Z17.6821 C42246.182 B-21.191 E.02688
G1 Z17.6839 C42248.617 B-21.19 E.02151
G1 Z17.6856 C42251.655 B-21.189 E.02685
G1 Z17.6874 C42254.086 E.02148
G1 Z17.6891 C42257.13 B-21.188 E.02690
G1 Z17.6909 C42260.17 B-21.187 E.02691
G1 Z17.6925 C42262.6 B-21.186 E.02151
G1 Z17.6941 C42265.032 B-21.185 E.02152
G1 Z17.6957 C42267.468 B-21.184 E.02155
G1 Z17.6973 C42269.9 E.02151
G1 Z17.6989 C42272.329 B-21.183 E.02148
G1 Z17.7004 C42274.762 B-21.182 E.02152
G1 Z17.702 C42277.198 B-21.181 E.02155
G1 Z17.7035 C42279.629 E.02150
G1 Z17.705 C42282.059 B-21.18 E.02150
G1 Z17.7066 C42284.492 B-21.179 E.02152
G1 Z17.7082 C42286.928 B-21.178 E.02154
G1 Z17.7097 C42289.359 E.02150
G1 Z17.7113 C42291.789 B-21.177 E.02150
G1 Z17.7127 C42294.221 B-21.176 E.02153
G1 Z17.7142 C42296.658 B-21.175 E.02159
G1 Z17.7157 C42299.089 E.02156
G1 Z17.7171 C42300.911 B-21.174 E.01616
G1 Z17.7186 C42303.342 B-21.173 E.02152
G1 Z17.7201 C42305.779 E.02159
G1 Z17.7216 C42308.211 B-21.172 E.02156
G1 Z17.7231 C42310.641 B-21.171 E.02155
G1 Z17.7246 C42313.072 B-21.17 E.02156
G1 Z17.7262 C42315.508 E.02160
G1 Z17.7277 C42317.941 B-21.169 E.02157
G1 Z17.7294 C42320.371 B-21.168 E.02152
G1 Z17.731 C42322.802 B-21.167 E.02152
G1 Z17.7329 C42325.847 B-21.166 E.02692
G1 Z17.7347 C42328.885 B-21.165 E.02690
G1 Z17.7365 C42331.316 B-21.164 E.02152
G1 Z17.7383 C42334.359 E.02692
G1 Z17.7401 C42337.4 B-21.163 E.02694
G1 Z17.7419 C42339.83 B-21.162 E.02152
G1 Z17.7436 C42342.87 B-21.161 E.02694
G1 Z17.7451 C42345.306 B-21.16 E.02165
G1 Z17.7467 C42347.738 B-21.159 E.02162
G1 Z17.7483 C42350.167 E.02159
G1 Z17.7498 C42351.991 B-21.158 E.01620
G1 Z17.7514 C42354.427 B-21.157 E.02157
G1 Z17.7529 C42356.86 B-21.156 E.02155
G1 Z17.7544 C42359.289 E.02151
G1 Z17.756 C42361.721 B-21.155 E.02154
G1 Z17.7577 C42364.766 B-21.154 E.02697
G1 Z17.7593 C42367.197 B-21.153 E.02157
G1 Z17.7609 C42369.627 E.02155
G1 Z17.7625 C42372.059 B-21.152 E.02156
G1 Z17.7641 C42374.495 B-21.151 E.02159
G1 Z17.7657 C42376.927 B-21.15 E.02156
G1 Z17.7673 C42379.356 B-21.149 E.02153
G1 Z17.7688 C42381.789 E.02157
G1 Z17.7703 C42384.225 B-21.148 E.02161
G1 Z17.7718 C42386.656 B-21.147 E.02159
G1 Z17.7732 C42389.086 E.02161
G1 Z17.7747 C42390.91 B-21.146 E.01624
G1 Z17.7762 C42393.346 B-21.145 E.02161
G1 Z17.7777 C42395.779 B-21.144 E.02160
G1 Z17.7792 C42398.208 E.02158
G1 Z17.7808 C42400.64 B-21.143 E.02160
G1 Z17.7825 C42403.076 B-21.142 E.02161
G1 Z17.7842 C42406.116 B-21.141 E.02695
G1 Z17.7859 C42408.546 B-21.14 E.02157
G1 Z17.7877 C42411.587 E.02696
G1 Z17.7895 C42414.023 B-21.139 E.02162
G1 Z17.7913 C42417.06 B-21.138 E.02692
G1 Z17.7931 C42419.491 B-21.137 E.02157
G1 Z17.7947 C42422.535 B-21.136 E.02699
G1 Z17.7962 C42424.968 B-21.135 E.02166
G1 Z17.7978 C42427.398 E.02164
G1 Z17.7993 C42429.221 B-21.134 E.01626
G1 Z17.8008 C42431.656 B-21.133 E.02161
G1 Z17.8024 C42434.09 B-21.132 E.02161
G1 X10.1748 Z17.8039 C42436.52 E.02169
G1 Z17.8054 C42438.95 B-21.131 E.02155
G1 Z17.807 C42441.386 B-21.13 E.02159
G1 Z17.8087 C42444.427 B-21.129 E.02700
G1 Z17.8104 C42446.857 B-21.128 E.02157
G1 Z17.8121 C42449.288 E.02155
G1 Z17.8137 C42451.725 B-21.127 E.02160
G1 Z17.8154 C42454.765 B-21.126 E.02698
G1 Z17.817 C42457.194 B-21.125 E.02156
G1 Z17.8186 C42459.627 B-21.124 E.02158
G1 Z17.8202 C42462.063 E.02160
G1 Z17.8218 C42464.494 B-21.123 E.02155
G1 Z17.8234 C42466.924 B-21.122 E.02154
G1 Z17.8249 C42469.357 B-21.121 E.02157
G1 Z17.8265 C42471.793 E.02160
G1 Z17.828 C42474.224 B-21.12 E.02157
G1 Z17.8295 C42476.654 B-21.119 E.02157
G1 Z17.8309 C42479.086 B-21.118 E.02162
G1 Z17.8324 C42481.522 E.02167
G1 Z17.8341 C42483.954 B-21.117 E.02162
G1 Z17.8357 C42486.383 B-21.116 E.02157
G1 Z17.8373 C42488.816 B-21.115 E.02158
G1 Z17.839 C42491.252 E.02159
G1 Z17.8407 C42494.291 B-21.114 E.02697
G1 Z17.8424 C42496.721 B-21.113 E.02155
G1 Z17.8442 C42499.764 B-21.112 E.02701
G1 Z17.8458 C42502.198 B-21.111 E.02162
G1 Z17.8473 C42504.628 B-21.11 E.02160
G1 Z17.8488 C42506.451 E.01616
G1 Z17.8503 C42508.884 B-21.109 E.02157
G1 Z17.8518 C42511.32 B-21.108 E.02161
G1 Z17.8533 C42513.75 E.02156
G1 Z17.8548 C42516.18 B-21.107 E.02157
G1 Z17.8563 C42518.614 B-21.106 E.02161
G1 Z17.858 C42521.05 B-21.105 E.02162
G1 Z17.8597 C42523.48 B-21.104 E.02155
G1 Z17.8613 C42526.518 E.02697
G1 Z17.863 C42528.953 B-21.103 E.02161
G1 Z17.8647 C42531.387 B-21.102 E.02158
G1 Z17.8664 C42534.425 B-21.101 E.02698
G1 Z17.8681 C42536.856 B-21.1 E.02158
G1 Z17.8697 C42539.292 E.02161
G1 Z17.8714 C42542.332 B-21.099 E.02701
G1 Z17.8731 C42544.762 B-21.098 E.02160
G1 Z17.8747 C42547.194 B-21.097 E.02160
G1 Z17.8763 C42549.63 B-21.096 E.02162
G1 Z17.8779 C42552.062 E.02158
G1 Z17.8795 C42554.492 B-21.095 E.02156
G1 Z17.8811 C42556.924 B-21.094 E.02157
G1 Z17.8826 C42559.36 B-21.093 E.02161
G1 Z17.8842 C42561.792 E.02158
G1 Z17.8857 C42564.221 B-21.092 E.02156
G1 Z17.8871 C42566.654 B-21.091 E.02161
G1 Z17.8886 C42569.09 B-21.09 E.02167
G1 Z17.8901 C42570.914 E.01619
G1 Z17.8915 C42573.344 B-21.089 E.02157
G1 Z17.893 C42575.775 B-21.088 E.02159
G1 Z17.8945 C42578.211 E.02165
G1 Z17.8961 C42580.644 B-21.087 E.02163
G1 Z17.8976 C42583.073 B-21.086 E.02160
G1 Z17.8992 C42585.505 B-21.085 E.02162
G1 Z17.9008 C42587.941 E.02165
G1 Z17.9024 C42590.373 B-21.084 E.02161
G1 Z17.904 C42592.803 B-21.083 E.02158
G1 Z17.9056 C42595.234 B-21.082 E.02157
G1 Z17.9073 C42598.279 B-21.081 E.02707
G1 Z17.909 C42600.711 E.02162
G1 Z17.9107 C42603.14 B-21.08 E.02155
G1 Z17.9125 C42606.182 B-21.079 E.02701
G1 Z17.9142 C42608.617 B-21.078 E.02161
G1 Z17.916 C42611.655 B-21.077 E.02697
G1 Z17.9178 C42614.086 B-21.076 E.02157
G1 Z17.9195 C42617.13 B-21.075 E.02702
G1 Z17.9213 C42620.17 E.02703
G1 Z17.923 C42622.6 B-21.074 E.02161
G1 Z17.9246 C42625.032 B-21.073 E.02162
G1 Z17.9262 C42627.468 B-21.072 E.02164
G1 Z17.9278 C42629.9 B-21.071 E.02160
G1 Z17.9294 C42632.329 E.02157
G1 Z17.9309 C42634.762 B-21.07 E.02161
G1 Z17.9325 C42637.198 B-21.069 E.02164
G1 Z17.934 C42639.629 B-21.068 E.02160
G1 Z17.9356 C42642.059 E.02159
G1 Z17.9372 C42644.492 B-21.067 E.02161
G1 Z17.9387 C42646.928 B-21.066 E.02164
G1 Z17.9403 C42649.359 B-21.065 E.02159
G1 Z17.9418 C42651.789 E.02159
G1 Z17.9433 C42654.221 B-21.064 E.02162
G1 Z17.9448 C42656.658 B-21.063 E.02168
G1 Z17.9463 C42659.089 B-21.062 E.02166
G1 Z17.9477 C42660.911 E.01622
G1 Z17.9492 C42663.342 B-21.061 E.02161
G1 Z17.9507 C42665.779 B-21.06 E.02168
G1 Z17.9522 C42668.211 E.02165
G1 Z17.9537 C42670.641 B-21.059 E.02164
G1 Z17.9553 C42673.072 B-21.058 E.02165
G1 Z17.9569 C42675.508 B-21.057 E.02169
G1 Z17.9584 C42677.941 E.02166
G1 Z17.9601 C42680.371 B-21.056 E.02161
G1 Z17.9617 C42682.802 B-21.055 E.02161
G1 Z17.9628 C42684.629 E.01632
G1 Z17.9646 C42687.063 B-21.054 E.02163
G1 Z17.9664 C42690.1 B-21.053 E.02698
G1 Z17.9682 C42693.14 B-21.052 E.02705
G1 Z17.97 C42695.576 B-21.051 E.02166
G1 Z17.9718 C42698.615 B-21.05 E.02701
G1 Z17.9737 C42701.045 B-21.049 E.02160
G1 Z17.9752 C42704.088 E.02708
G1 Z17.9768 C42706.522 B-21.048 E.02172
G1 Z17.9784 C42708.952 B-21.047 E.02169
G1 Z17.9799 C42710.775 B-21.046 E.01625
G1 Z17.9815 C42713.209 B-21.045 E.02164
G1 Z17.9831 C42715.644 E.02165
G1 Z17.9846 C42718.075 B-21.044 E.02162
G1 Z17.9862 C42720.505 B-21.043 E.02161
G1 Z17.9879 C42723.548 B-21.042 E.02708
G1 Z17.9895 C42725.982 E.02169
G1 Z17.9912 C42728.412 B-21.041 E.02164
G1 Z17.9928 C42730.842 B-21.04 E.02163
G1 Z17.9944 C42733.278 B-21.039 E.02168
G1 Z17.996 C42735.712 B-21.038 E.02166
G1 Z17.9976 C42738.142 E.02163
G1 Z17.9991 C42740.572 B-21.037 E.02163
G1 Z18.0007 C42743.007 B-21.036 E.02168
G1 Z18.0022 C42745.441 B-21.035 E.02169
G1 Z18.0037 C42747.871 E.02167
G1 Z18.0051 C42749.694 B-21.034 E.01628
G1 Z18.0066 C42752.128 B-21.033 E.02167
G1 Z18.0081 C42754.563 E.02170
G1 Z18.0096 C42756.994 B-21.032 E.02168
G1 Z18.0112 C42759.424 B-21.031 E.02168
G1 Z18.0129 C42761.857 B-21.03 E.02168
G1 Z18.0146 C42764.293 B-21.029 E.02169
G1 Z18.0163 C42767.331 E.02703
G1 Z18.0181 C42769.761 B-21.028 E.02164
G1 Z18.0199 C42772.806 B-21.027 E.02709
G1 Z18.0217 C42775.846 B-21.026 E.02709
G1 Z18.0235 C42778.275 B-21.025 E.02165
G1 Z18.0253 C42781.317 B-21.024 E.02708
G1 Z18.0269 C42783.752 E.02175
G1 Z18.0284 C42786.183 B-21.023 E.02173
G1 Z18.03 C42788.005 B-21.022 E.01630
G1 Z18.0315 C42790.438 B-21.021 E.02168
G1 Z18.033 C42792.874 E.02171
G1 Z18.0346 C42795.305 B-21.02 E.02167
G1 Z18.0361 C42797.735 B-21.019 E.02167
G1 Z18.0377 C42800.167 B-21.018 E.02169
G1 Z18.0394 C42803.212 E.02715
G1 Z18.0411 C42805.642 B-21.017 E.02171
G1 Z18.0428 C42808.072 B-21.016 E.02168
G1 Z18.0445 C42810.506 B-21.015 E.02170
G1 Z18.0461 C42813.549 B-21.014 E.02713
G1 Z18.0478 C42815.979 B-21.013 E.02172
G1 Z18.0494 C42818.41 E.02171
G1 Z18.051 C42820.845 B-21.012 E.02173
G1 Z18.0527 C42823.279 B-21.011 E.02172
G1 Z18.0543 C42825.709 B-21.01 E.02168
G1 X10.2249 Z18.0558 C42828.14 E.02180
G1 Z18.0574 C42830.575 B-21.009 E.02169
G1 Z18.0589 C42833.009 B-21.008 E.02169
G1 Z18.0605 C42835.439 B-21.007 E.02167
G1 Z18.0619 C42837.869 E.02169
G1 Z18.0634 C42839.695 B-21.006 E.01626
G1 Z18.065 C42842.739 B-21.005 E.02716
G1 Z18.0667 C42845.169 B-21.004 E.02169
G1 Z18.0683 C42847.599 E.02167
G1 Z18.07 C42850.034 B-21.003 E.02169
G1 Z18.0717 C42853.076 B-21.002 E.02715
G1 Z18.0734 C42855.506 B-21.001 E.02167
G1 Z18.0752 C42857.937 B-21. E.02165
G1 Z18.077 C42860.982 B-20.999 E.02714
G1 Z18.0785 C42863.413 E.02170
G1 Z18.08 C42865.843 B-20.998 E.02172
G1 Z18.0815 C42867.667 B-20.997 E.01625
G1 Z18.083 C42870.103 E.02171
G1 Z18.0845 C42872.535 B-20.996 E.02168
G1 Z18.086 C42874.965 B-20.995 E.02167
G1 Z18.0876 C42877.397 B-20.994 E.02169
G1 Z18.0891 C42879.833 E.02174
G1 Z18.0909 C42882.265 B-20.993 E.02167
G1 Z18.0926 C42884.695 B-20.992 E.02164
G1 Z18.0943 C42887.735 B-20.991 E.02711
G1 Z18.096 C42890.171 B-20.99 E.02171
G1 Z18.0977 C42893.21 B-20.989 E.02713
G1 Z18.0994 C42895.64 E.02169
G1 Z18.101 C42898.074 B-20.988 E.02170
G1 Z18.1027 C42900.509 B-20.987 E.02169
G1 Z18.1044 C42903.547 B-20.986 E.02711
G1 Z18.1061 C42905.977 B-20.985 E.02169
G1 Z18.1077 C42908.413 E.02173
G1 Z18.1093 C42910.847 B-20.984 E.02170
G1 Z18.1109 C42913.277 B-20.983 E.02166
G1 Z18.1125 C42915.707 B-20.982 E.02165
G1 Z18.1141 C42918.143 E.02171
G1 Z18.1157 C42920.576 B-20.981 E.02168
G1 Z18.1172 C42923.006 B-20.98 E.02166
G1 Z18.1187 C42925.437 B-20.979 E.02169
G1 Z18.1202 C42927.872 E.02174
G1 Z18.1217 C42930.306 B-20.978 E.02177
G1 Z18.1232 C42932.129 B-20.977 E.01626
G1 Z18.1246 C42934.559 B-20.976 E.02167
G1 Z18.1262 C42936.993 E.02173
G1 Z18.1277 C42939.428 B-20.975 E.02175
G1 Z18.1293 C42941.858 B-20.974 E.02171
G1 Z18.1308 C42944.288 E.02171
G1 Z18.1324 C42946.722 B-20.973 E.02174
G1 Z18.134 C42949.158 B-20.972 E.02175
G1 Z18.1357 C42951.588 B-20.971 E.02168
G1 Z18.1373 C42954.018 B-20.97 E.02167
G1 Z18.139 C42956.452 E.02169
G1 Z18.1407 C42959.495 B-20.969 E.02716
G1 Z18.1424 C42961.925 B-20.968 E.02167
G1 Z18.1442 C42964.964 B-20.967 E.02713
G1 Z18.1459 C42967.4 B-20.966 E.02173
G1 Z18.1477 C42970.44 B-20.965 E.02714
G1 Z18.1495 C42972.87 E.02167
G1 Z18.1513 C42975.912 B-20.964 E.02715
G1 Z18.1531 C42978.347 B-20.963 E.02171
G1 Z18.1549 C42981.385 B-20.962 E.02711
G1 Z18.1565 C42983.815 B-20.961 E.02170
G1 Z18.1581 C42986.251 B-20.96 E.02174
G1 Z18.1597 C42988.684 E.02171
G1 Z18.1613 C42991.115 B-20.959 E.02169
G1 Z18.1629 C42993.545 B-20.958 E.02168
G1 Z18.1645 C42995.98 B-20.957 E.02172
G1 Z18.1661 C42998.414 E.02172
G1 Z18.1676 C43000.844 B-20.956 E.02168
G1 Z18.1692 C43003.275 B-20.955 E.02169
G1 Z18.1708 C43005.71 B-20.954 E.02172
G1 Z18.1724 C43008.144 E.02171
G1 Z18.174 C43010.574 B-20.953 E.02168
G1 Z18.1755 C43013.005 B-20.952 E.02170
G1 Z18.177 C43015.44 B-20.951 E.02175
G1 Z18.1785 C43017.874 E.02176
G1 Z18.18 C43019.696 B-20.95 E.01627
G1 Z18.1814 C43022.126 B-20.949 E.02168
G1 Z18.1829 C43024.56 E.02174
G1 Z18.1844 C43026.995 B-20.948 E.02176
G1 Z18.186 C43029.426 B-20.947 E.02174
G1 Z18.1875 C43031.856 B-20.946 E.02173
G1 Z18.1891 C43034.29 E.02177
G1 Z18.1907 C43036.725 B-20.945 E.02177
G1 Z18.1923 C43039.156 B-20.944 E.02173
G1 Z18.1941 C43041.586 B-20.943 E.02169
G1 Z18.1948 C43042.802 E.01095
G1 Z18.1959 C43044.629 B-20.942 E.01639
G1 Z18.1977 C43047.063 B-20.941 E.02172
G1 Z18.1995 C43050.1 E.02710
G1 Z18.2013 C43053.14 B-20.94 E.02717
G1 Z18.2032 C43055.576 B-20.939 E.02175
G1 Z18.205 C43058.615 B-20.938 E.02713
G1 Z18.2069 C43061.045 B-20.937 E.02169
G1 Z18.2085 C43064.088 B-20.936 E.02720
G1 Z18.2101 C43066.522 E.02181
G1 Z18.2117 C43068.952 B-20.935 E.02178
G1 Z18.2133 C43070.775 B-20.934 E.01631
G1 Z18.2149 C43073.209 B-20.933 E.02173
G1 Z18.2165 C43075.644 E.02174
G1 Z18.2181 C43078.075 B-20.932 E.02171
G1 Z18.2196 C43080.505 B-20.931 E.02170
G1 Z18.2213 C43083.548 B-20.93 E.02720
G1 Z18.223 C43085.982 B-20.929 E.02178
G1 Z18.2247 C43088.412 E.02173
G1 Z18.2263 C43090.842 B-20.928 E.02172
G1 Z18.2279 C43093.278 B-20.927 E.02177
G1 Z18.2296 C43095.712 B-20.926 E.02175
G1 Z18.2312 C43098.142 B-20.925 E.02172
G1 Z18.2327 C43100.572 E.02172
G1 Z18.2343 C43103.007 B-20.924 E.02177
G1 Z18.2358 C43105.441 B-20.923 E.02178
G1 Z18.2373 C43107.871 B-20.922 E.02176
G1 Z18.2388 C43109.694 E.01633
G1 Z18.2403 C43112.128 B-20.921 E.02176
G1 Z18.2418 C43114.563 B-20.92 E.02179
G1 Z18.2434 C43116.994 E.02177
G1 Z18.2449 C43119.424 B-20.919 E.02177
G1 Z18.2466 C43121.857 B-20.918 E.02177
G1 Z18.2484 C43124.293 B-20.917 E.02177
G1 Z18.2502 C43127.331 B-20.916 E.02715
G1 Z18.252 C43129.761 E.02173
G1 Z18.2538 C43132.806 B-20.915 E.02721
G1 Z18.2556 C43135.846 B-20.914 E.02720
G1 Z18.2575 C43138.275 B-20.913 E.02174
G1 Z18.2593 C43141.317 B-20.912 E.02720
G1 Z18.2609 C43143.752 B-20.911 E.02184
G1 Z18.2624 C43146.183 E.02181
G1 Z18.264 C43148.005 B-20.91 E.01635
G1 Z18.2655 C43150.438 B-20.909 E.02176
G1 Z18.2671 C43152.874 B-20.908 E.02179
G1 Z18.2687 C43155.305 E.02176
G1 Z18.2703 C43157.735 B-20.907 E.02175
G1 Z18.2718 C43160.167 B-20.906 E.02177
G1 Z18.2735 C43163.212 B-20.905 E.02727
G1 Z18.2753 C43165.642 B-20.904 E.02179
G1 Z18.277 C43168.072 E.02177
G1 Z18.2787 C43170.506 B-20.903 E.02179
G1 Z18.2804 C43173.549 B-20.902 E.02724
G1 Z18.2821 C43175.979 B-20.901 E.02180
G1 Z18.2837 C43178.41 B-20.9 E.02179
G1 Z18.2854 C43180.845 E.02182
G1 Z18.287 C43183.279 B-20.899 E.02180
G1 Z18.2886 C43185.709 B-20.898 E.02177
G1 Z18.2902 C43188.14 B-20.897 E.02178
G1 Z18.2918 C43190.575 E.02182
G1 Z18.2934 C43193.009 B-20.896 E.02182
G1 Z18.2949 C43195.439 B-20.895 E.02179
G1 Z18.2964 C43197.869 B-20.894 E.02182
G1 Z18.2979 C43199.695 E.01643
G1 Z18.2995 C43202.739 B-20.893 E.02727
G1 Z18.3012 C43205.169 B-20.892 E.02183
G1 Z18.3029 C43207.599 B-20.891 E.02181
G1 Z18.3046 C43210.034 B-20.89 E.02183
G1 Z18.3063 C43213.076 E.02726
G1 Z18.3081 C43215.506 B-20.889 E.02181
G1 Z18.3098 C43217.937 B-20.888 E.02179
G1 X10.2751 Z18.3116 C43220.982 B-20.887 E.02739
G1 Z18.3132 C43223.413 B-20.886 E.02181
G1 Z18.3147 C43225.843 E.02183
G1 Z18.3162 C43227.667 B-20.885 E.01633
G1 Z18.3177 C43230.103 B-20.884 E.02181
G1 Z18.3193 C43232.535 B-20.883 E.02178
G1 Z18.3208 C43234.965 E.02177
G1 Z18.3224 C43237.397 B-20.882 E.02180
G1 Z18.324 C43239.833 B-20.881 E.02184
G1 Z18.3257 C43242.265 B-20.88 E.02178
G1 Z18.3275 C43244.695 E.02174
G1 Z18.3292 C43247.735 B-20.879 E.02724
G1 Z18.3309 C43250.171 B-20.878 E.02181
G1 Z18.3326 C43253.21 B-20.877 E.02726
G1 Z18.3343 C43255.64 B-20.876 E.02179
G1 Z18.336 C43258.074 B-20.875 E.02180
G1 Z18.3378 C43260.509 E.02180
G1 Z18.3395 C43263.547 B-20.874 E.02724
G1 Z18.3411 C43265.977 B-20.873 E.02179
G1 Z18.3428 C43268.413 B-20.872 E.02183
G1 Z18.3444 C43270.847 B-20.871 E.02180
G1 Z18.3461 C43273.277 E.02176
G1 Z18.3477 C43275.707 B-20.87 E.02176
G1 Z18.3493 C43278.143 B-20.869 E.02181
G1 Z18.3509 C43280.576 B-20.868 E.02179
G1 Z18.3524 C43283.006 E.02177
G1 Z18.354 C43285.437 B-20.867 E.02179
G1 Z18.3555 C43287.872 B-20.866 E.02184
G1 Z18.357 C43290.306 E.02187
G1 Z18.3585 C43292.129 B-20.865 E.01634
G1 Z18.36 C43294.559 B-20.864 E.02178
G1 Z18.3615 C43296.993 B-20.863 E.02183
G1 Z18.3631 C43299.428 E.02185
G1 Z18.3647 C43301.858 B-20.862 E.02181
G1 Z18.3662 C43304.288 B-20.861 E.02181
G1 Z18.3678 C43306.722 B-20.86 E.02184
G1 Z18.3695 C43309.158 E.02185
G1 Z18.3711 C43311.588 B-20.859 E.02178
G1 Z18.3728 C43314.018 B-20.858 E.02177
G1 Z18.3745 C43316.452 B-20.857 E.02179
G1 Z18.3762 C43319.495 B-20.856 E.02729
G1 Z18.378 C43321.925 E.02177
G1 Z18.3798 C43324.964 B-20.855 E.02726
G1 Z18.3815 C43327.4 B-20.854 E.02183
G1 Z18.3834 C43330.44 B-20.853 E.02726
G1 Z18.3852 C43332.87 B-20.852 E.02177
G1 Z18.387 C43335.912 B-20.851 E.02728
G1 Z18.3888 C43338.347 B-20.85 E.02181
G1 Z18.3906 C43341.385 E.02723
G1 Z18.3922 C43343.815 B-20.849 E.02180
G1 Z18.3939 C43346.251 B-20.848 E.02184
G1 Z18.3955 C43348.684 B-20.847 E.02181
G1 Z18.3971 C43351.115 B-20.846 E.02179
G1 Z18.3988 C43353.545 E.02177
G1 Z18.4004 C43355.98 B-20.845 E.02182
G1 Z18.4019 C43358.414 B-20.844 E.02181
G1 Z18.4035 C43360.844 B-20.843 E.02178
G1 Z18.4051 C43363.275 E.02178
G1 Z18.4068 C43365.71 B-20.842 E.02182
G1 Z18.4084 C43368.144 B-20.841 E.02181
G1 Z18.41 C43370.574 B-20.84 E.02178
G1 Z18.4115 C43373.005 E.02179
G1 Z18.413 C43375.44 B-20.839 E.02184
G1 Z18.4145 C43377.874 B-20.838 E.02185
G1 Z18.416 C43379.696 E.01634
G1 Z18.4175 C43382.126 B-20.837 E.02178
G1 Z18.419 C43384.56 B-20.836 E.02183
G1 Z18.4206 C43386.995 B-20.835 E.02186
G1 Z18.4221 C43389.426 E.02183
G1 Z18.4237 C43391.856 B-20.834 E.02183
G1 Z18.4253 C43394.29 B-20.833 E.02186
G1 Z18.4269 C43396.725 B-20.832 E.02187
G1 Z18.4286 C43399.156 E.02182
G1 Z18.4303 C43401.586 B-20.831 E.02178
G1 Z18.4311 C43402.802 B-20.83 E.01098
G1 Z18.4322 C43404.629 E.01645
G1 Z18.434 C43407.063 B-20.829 E.02182
G1 Z18.4359 C43410.1 B-20.828 E.02723
G1 Z18.4377 C43413.14 B-20.827 E.02729
G1 Z18.4396 C43415.576 B-20.826 E.02185
G1 Z18.4415 C43418.615 B-20.825 E.02726
G1 Z18.4434 C43421.045 E.02178
G1 Z18.445 C43424.088 B-20.824 E.02733
G1 Z18.4467 C43426.522 B-20.823 E.02190
G1 Z18.4483 C43428.952 B-20.822 E.02187
G1 Z18.4499 C43430.775 B-20.821 E.01637
G1 Z18.4515 C43433.209 E.02182
G1 Z18.4531 C43435.644 B-20.82 E.02183
G1 Z18.4548 C43438.075 B-20.819 E.02180
G1 Z18.4564 C43440.505 B-20.818 E.02179
G1 Z18.4581 C43443.548 E.02732
G1 Z18.4598 C43445.982 B-20.817 E.02187
G1 Z18.4615 C43448.412 B-20.816 E.02182
G1 Z18.4632 C43450.842 B-20.815 E.02181
G1 Z18.4648 C43453.278 B-20.814 E.02186
G1 Z18.4665 C43455.712 E.02184
G1 Z18.4681 C43458.142 B-20.813 E.02181
G1 Z18.4697 C43460.572 B-20.812 E.02181
G1 Z18.4713 C43463.007 B-20.811 E.02186
G1 Z18.4729 C43465.441 E.02187
G1 Z18.4744 C43467.871 B-20.81 E.02185
G1 Z18.4759 C43469.694 B-20.809 E.01639
G1 Z18.4774 C43472.128 B-20.808 E.02185
G1 Z18.479 C43474.563 E.02188
G1 Z18.4805 C43476.994 B-20.807 E.02186
G1 Z18.4821 C43479.424 B-20.806 E.02186
G1 Z18.4839 C43481.857 B-20.805 E.02186
G1 Z18.4857 C43484.293 E.02186
G1 Z18.4875 C43487.331 B-20.804 E.02727
G1 Z18.4893 C43489.761 B-20.803 E.02182
G1 Z18.4911 C43492.806 B-20.802 E.02733
G1 Z18.493 C43495.846 B-20.801 E.02732
G1 Z18.4949 C43498.275 B-20.8 E.02182
G1 Z18.4968 C43501.317 B-20.799 E.02732
G1 Z18.4983 C43503.752 E.02192
G1 Z18.4999 C43506.183 B-20.798 E.02190
G1 Z18.5015 C43508.005 B-20.797 E.01641
G1 Z18.5031 C43510.438 B-20.796 E.02185
G1 Z18.5047 C43512.874 E.02188
G1 Z18.5063 C43515.305 B-20.795 E.02184
G1 Z18.5079 C43517.735 B-20.794 E.02184
G1 Z18.5095 C43520.167 B-20.793 E.02186
G1 Z18.5113 C43523.212 E.02738
G1 Z18.513 C43525.642 B-20.792 E.02188
G1 Z18.5148 C43528.072 B-20.791 E.02185
G1 Z18.5165 C43530.506 B-20.79 E.02188
G1 Z18.5182 C43533.549 B-20.789 E.02736
G1 Z18.5199 C43535.979 B-20.788 E.02188
G1 Z18.5216 C43538.41 E.02188
G1 Z18.5233 C43540.845 B-20.787 E.02190
G1 Z18.525 C43543.279 B-20.786 E.02189
G1 Z18.5266 C43545.709 B-20.785 E.02185
G1 Z18.5283 C43548.14 B-20.784 E.02186
G1 Z18.5299 C43550.575 E.02190
G1 Z18.5314 C43553.009 B-20.783 E.02190
G1 Z18.533 C43555.439 B-20.782 E.02188
G1 Z18.5345 C43557.869 B-20.781 E.02190
G1 Z18.536 C43559.695 E.01649
G1 Z18.5377 C43562.739 B-20.78 E.02738
G1 Z18.5394 C43565.169 B-20.779 E.02191
G1 Z18.5411 C43567.599 B-20.778 E.02189
G1 Z18.5429 C43570.034 E.02192
G1 Z18.5446 C43573.076 B-20.777 E.02737
G1 Z18.5464 C43575.506 B-20.776 E.02189
G1 Z18.5482 C43577.937 B-20.775 E.02188
G1 Z18.55 C43580.982 B-20.774 E.02737
G1 Z18.5516 C43583.413 B-20.773 E.02193
G1 Z18.5532 C43585.843 E.02195
G1 Z18.5547 C43587.667 B-20.772 E.01650
G1 Z18.5563 C43590.103 B-20.771 E.02194
G1 Z18.5578 C43592.535 B-20.77 E.02191
G1 Z18.5594 C43594.965 E.02190
G1 Z18.561 C43597.397 B-20.769 E.02193
G1 Z18.5626 C43599.833 B-20.768 E.02198
G1 Z18.5644 C43602.265 B-20.767 E.02192
G1 Z18.5662 C43604.695 E.02188
G1 Z18.5679 C43607.735 B-20.766 E.02735
G1 X10.3252 Z18.5697 C43610.171 B-20.765 E.02206
G1 Z18.5714 C43613.21 B-20.764 E.02739
G1 Z18.5732 C43615.64 B-20.763 E.02190
G1 Z18.5749 C43618.074 B-20.762 E.02191
G1 Z18.5767 C43620.509 E.02190
G1 Z18.5784 C43623.547 B-20.761 E.02737
G1 Z18.5801 C43625.977 B-20.76 E.02190
G1 Z18.5818 C43628.413 B-20.759 E.02193
G1 Z18.5835 C43630.847 B-20.758 E.02190
G1 Z18.5851 C43633.277 E.02186
G1 Z18.5868 C43635.707 B-20.757 E.02186
G1 Z18.5884 C43638.143 B-20.756 E.02191
G1 Z18.59 C43640.576 B-20.755 E.02189
G1 Z18.5916 C43643.006 E.02187
G1 Z18.5932 C43645.437 B-20.754 E.02189
G1 Z18.5947 C43647.872 B-20.753 E.02195
G1 Z18.5962 C43650.306 B-20.752 E.02197
G1 Z18.5977 C43652.129 E.01641
G1 Z18.5993 C43654.559 B-20.751 E.02188
G1 Z18.6008 C43656.993 B-20.75 E.02193
G1 Z18.6024 C43659.428 E.02195
G1 Z18.604 C43661.858 B-20.749 E.02191
G1 Z18.6056 C43664.288 B-20.748 E.02191
G1 Z18.6073 C43666.722 B-20.747 E.02194
G1 Z18.609 C43669.158 B-20.746 E.02195
G1 Z18.6106 C43671.588 E.02188
G1 Z18.6123 C43674.018 B-20.745 E.02187
G1 Z18.6141 C43676.452 B-20.744 E.02189
G1 Z18.6158 C43679.495 B-20.743 E.02742
G1 Z18.6176 C43681.925 B-20.742 E.02187
G1 Z18.6194 C43684.964 E.02739
G1 Z18.6212 C43687.4 B-20.741 E.02193
G1 Z18.6231 C43690.44 B-20.74 E.02739
G1 Z18.6249 C43692.87 B-20.739 E.02187
G1 Z18.6268 C43695.912 B-20.738 E.02740
G1 Z18.6286 C43698.347 B-20.737 E.02191
G1 Z18.6305 C43701.385 B-20.736 E.02736
G1 Z18.6321 C43703.815 E.02190
G1 Z18.6338 C43706.251 B-20.735 E.02194
G1 Z18.6355 C43708.684 B-20.734 E.02191
G1 Z18.6371 C43711.115 B-20.733 E.02189
G1 Z18.6388 C43713.545 B-20.732 E.02187
G1 Z18.6404 C43715.98 E.02192
G1 Z18.642 C43718.414 B-20.731 E.02191
G1 Z18.6436 C43720.844 B-20.73 E.02188
G1 Z18.6453 C43723.275 B-20.729 E.02188
G1 Z18.6469 C43725.71 E.02192
G1 Z18.6486 C43728.144 B-20.728 E.02191
G1 Z18.6502 C43730.574 B-20.727 E.02188
G1 Z18.6517 C43733.005 B-20.726 E.02189
G1 Z18.6533 C43735.44 E.02194
G1 Z18.6548 C43737.874 B-20.725 E.02195
G1 Z18.6564 C43739.696 B-20.724 E.01641
G1 Z18.6579 C43742.126 B-20.723 E.02188
G1 Z18.6594 C43744.56 E.02193
G1 Z18.661 C43746.995 B-20.722 E.02195
G1 Z18.6626 C43749.426 B-20.721 E.02193
G1 Z18.6642 C43751.856 E.02192
G1 Z18.6658 C43754.29 B-20.72 E.02196
G1 Z18.6674 C43756.725 B-20.719 E.02197
G1 Z18.6691 C43759.156 B-20.718 E.02192
G1 Z18.6709 C43761.586 B-20.717 E.02188
G1 Z18.6717 C43762.802 E.01101
G1 Z18.6728 C43764.629 E.01652
G1 Z18.6747 C43767.063 B-20.716 E.02191
G1 Z18.6766 C43770.1 B-20.715 E.02735
G1 Z18.6785 C43773.14 B-20.714 E.02741
G1 Z18.6804 C43775.576 B-20.713 E.02194
G1 Z18.6824 C43778.615 B-20.712 E.02738
G1 Z18.6843 C43781.045 B-20.711 E.02188
G1 Z18.686 C43784.088 B-20.71 E.02745
G1 Z18.6877 C43786.522 E.02200
G1 Z18.6893 C43788.952 B-20.709 E.02196
G1 Z18.691 C43790.775 B-20.708 E.01643
G1 Z18.6926 C43793.209 B-20.707 E.02192
G1 Z18.6943 C43795.644 B-20.706 E.02193
G1 Z18.6959 C43798.075 E.02190
G1 Z18.6976 C43800.505 B-20.705 E.02189
G1 Z18.6993 C43803.548 B-20.704 E.02745
G1 Z18.7011 C43805.982 B-20.703 E.02197
G1 Z18.7028 C43808.412 B-20.702 E.02192
G1 Z18.7045 C43810.842 E.02191
G1 Z18.7062 C43813.278 B-20.701 E.02196
G1 Z18.7079 C43815.712 B-20.7 E.02194
G1 Z18.7096 C43818.142 B-20.699 E.02190
G1 Z18.7113 C43820.572 B-20.698 E.02190
G1 Z18.7129 C43823.007 E.02196
G1 Z18.7145 C43825.441 B-20.697 E.02196
G1 Z18.7161 C43827.871 B-20.696 E.02195
G1 Z18.7176 C43829.694 E.01646
G1 Z18.7192 C43832.128 B-20.695 E.02194
G1 Z18.7207 C43834.563 B-20.694 E.02197
G1 Z18.7224 C43836.994 B-20.693 E.02195
G1 Z18.724 C43839.424 E.02195
G1 Z18.7258 C43841.857 B-20.692 E.02195
G1 Z18.7276 C43844.293 B-20.691 E.02196
G1 Z18.7294 C43847.331 B-20.69 E.02739
G1 Z18.7313 C43849.761 B-20.689 E.02191
G1 Z18.7332 C43852.806 B-20.688 E.02745
G1 Z18.7351 C43855.846 B-20.687 E.02744
G1 Z18.7371 C43858.275 B-20.686 E.02192
G1 Z18.739 C43861.317 E.02744
G1 Z18.7406 C43863.752 B-20.685 E.02202
G1 Z18.7422 C43866.183 B-20.684 E.02199
G1 Z18.7439 C43868.005 B-20.683 E.01647
G1 Z18.7455 C43870.438 E.02194
G1 Z18.7471 C43872.874 B-20.682 E.02197
G1 Z18.7488 C43875.305 B-20.681 E.02193
G1 Z18.7504 C43877.735 B-20.68 E.02193
G1 Z18.752 C43880.167 B-20.679 E.02195
G1 Z18.7538 C43883.212 E.02751
G1 Z18.7556 C43885.642 B-20.678 E.02197
G1 Z18.7574 C43888.072 B-20.677 E.02194
G1 Z18.7592 C43890.506 B-20.676 E.02197
G1 Z18.761 C43893.549 B-20.675 E.02748
G1 Z18.7627 C43895.979 B-20.674 E.02198
G1 Z18.7645 C43898.41 E.02197
G1 Z18.7662 C43900.845 B-20.673 E.02199
G1 Z18.7679 C43903.279 B-20.672 E.02198
G1 Z18.7696 C43905.709 B-20.671 E.02194
G1 Z18.7713 C43908.14 B-20.67 E.02195
G1 Z18.7729 C43910.575 E.02199
G1 Z18.7745 C43913.009 B-20.669 E.02199
G1 Z18.7761 C43915.439 B-20.668 E.02197
G1 Z18.7777 C43917.869 B-20.667 E.02199
G1 Z18.7792 C43919.695 E.01654
G1 Z18.781 C43922.739 B-20.666 E.02750
G1 Z18.7827 C43925.169 B-20.665 E.02200
G1 Z18.7844 C43927.599 B-20.664 E.02198
G1 Z18.7862 C43930.034 E.02200
G1 Z18.788 C43933.076 B-20.663 E.02749
G1 Z18.7899 C43935.506 B-20.662 E.02198
G1 Z18.7917 C43937.937 B-20.661 E.02196
G1 Z18.7936 C43940.982 B-20.66 E.02749
G1 Z18.7952 C43943.413 B-20.659 E.02202
G1 Z18.7968 C43945.843 E.02204
G1 Z18.7984 C43947.667 B-20.658 E.01655
G1 Z18.8 C43950.103 B-20.657 E.02203
G1 Z18.8016 C43952.535 B-20.656 E.02200
G1 Z18.8032 C43954.965 E.02199
G1 Z18.8048 C43957.397 B-20.655 E.02202
G1 Z18.8065 C43959.833 B-20.654 E.02207
G1 Z18.8083 C43962.265 B-20.653 E.02200
G1 Z18.8101 C43964.695 B-20.652 E.02197
G1 Z18.8119 C43967.735 E.02747
G1 Z18.8137 C43970.171 B-20.651 E.02204
G1 Z18.8155 C43973.21 B-20.65 E.02749
G1 Z18.8173 C43975.64 B-20.649 E.02202
G1 Z18.8191 C43978.074 B-20.648 E.02204
G1 Z18.8209 C43980.509 B-20.647 E.02203
G1 Z18.8226 C43983.547 E.02748
G1 Z18.8244 C43985.977 B-20.646 E.02203
G1 Z18.8261 C43988.413 B-20.645 E.02207
G1 Z18.8278 C43990.847 B-20.644 E.02204
G1 Z18.8295 C43993.277 B-20.643 E.02200
G1 X10.3753 Z18.8312 C43995.707 E.02211
G1 Z18.8329 C43998.143 B-20.642 E.02202
G1 Z18.8345 C44000.576 B-20.641 E.02200
G1 Z18.8362 C44003.006 B-20.64 E.02197
G1 Z18.8378 C44005.437 B-20.639 E.02200
G1 Z18.8393 C44007.872 E.02205
G1 Z18.8409 C44010.306 B-20.638 E.02208
G1 Z18.8424 C44012.129 B-20.637 E.01649
G1 Z18.844 C44014.559 E.02198
G1 Z18.8456 C44016.993 B-20.636 E.02203
G1 Z18.8473 C44019.428 B-20.635 E.02205
G1 Z18.8489 C44021.858 B-20.634 E.02201
G1 Z18.8506 C44024.288 E.02201
G1 Z18.8522 C44026.722 B-20.633 E.02204
G1 Z18.8539 C44029.158 B-20.632 E.02205
G1 Z18.8557 C44031.588 B-20.631 E.02198
G1 Z18.8574 C44034.018 B-20.63 E.02197
G1 Z18.8592 C44036.452 E.02200
G1 Z18.861 C44039.495 B-20.629 E.02755
G1 Z18.8628 C44041.925 B-20.628 E.02198
G1 Z18.8647 C44044.964 B-20.627 E.02752
G1 Z18.8665 C44047.4 B-20.626 E.02203
G1 Z18.8684 C44050.44 B-20.625 E.02752
G1 Z18.8703 C44052.87 B-20.624 E.02197
G1 Z18.8722 C44055.912 B-20.623 E.02753
G1 Z18.8741 C44058.347 E.02202
G1 Z18.876 C44061.385 B-20.622 E.02749
G1 Z18.8777 C44063.815 B-20.621 E.02200
G1 Z18.8794 C44066.251 B-20.62 E.02204
G1 Z18.8811 C44068.684 B-20.619 E.02201
G1 Z18.8828 C44071.115 E.02199
G1 Z18.8845 C44073.545 B-20.618 E.02198
G1 Z18.8862 C44075.98 B-20.617 E.02202
G1 Z18.8878 C44078.414 B-20.616 E.02201
G1 Z18.8895 C44080.844 B-20.615 E.02198
G1 Z18.8912 C44083.275 E.02199
G1 Z18.8928 C44085.71 B-20.614 E.02202
G1 Z18.8945 C44088.144 B-20.613 E.02201
G1 Z18.8962 C44090.574 B-20.612 E.02198
G1 Z18.8978 C44093.005 E.02199
G1 Z18.8994 C44095.44 B-20.611 E.02204
G1 Z18.901 C44097.874 B-20.61 E.02205
G1 Z18.9025 C44099.696 B-20.609 E.01648
G1 Z18.9041 C44102.126 E.02198
G1 Z18.9057 C44104.56 B-20.608 E.02203
G1 Z18.9073 C44106.995 B-20.607 E.02205
G1 Z18.9089 C44109.426 B-20.606 E.02203
G1 Z18.9105 C44111.856 E.02202
G1 Z18.9122 C44114.29 B-20.605 E.02206
G1 Z18.9139 C44116.725 B-20.604 E.02207
G1 Z18.9156 C44119.156 B-20.603 E.02202
G1 Z18.9175 C44121.586 B-20.602 E.02198
G1 Z18.9182 C44122.802 E.01105
G1 Z18.9194 C44124.629 E.01659
G1 Z18.9213 C44127.063 B-20.601 E.02201
G1 Z18.9233 C44130.1 B-20.6 E.02748
G1 Z18.9253 C44133.14 B-20.599 E.02754
G1 Z18.9273 C44135.576 B-20.598 E.02204
G1 Z18.9293 C44138.615 B-20.597 E.02751
G1 Z18.9313 C44141.045 B-20.596 E.02198
G1 Z18.933 C44144.088 B-20.595 E.02758
G1 Z18.9348 C44146.522 B-20.594 E.02210
G1 Z18.9365 C44148.952 E.02206
G1 Z18.9382 C44150.775 B-20.593 E.01650
G1 Z18.9399 C44153.209 B-20.592 E.02202
G1 Z18.9416 C44155.644 B-20.591 E.02203
G1 Z18.9433 C44158.075 B-20.59 E.02199
G1 Z18.945 C44160.505 E.02199
G1 Z18.9468 C44163.548 B-20.589 E.02757
G1 Z18.9486 C44165.982 B-20.588 E.02207
G1 Z18.9504 C44168.412 B-20.587 E.02201
G1 Z18.9522 C44170.842 B-20.586 E.02200
G1 Z18.954 C44173.278 E.02205
G1 Z18.9557 C44175.712 B-20.585 E.02203
G1 Z18.9575 C44178.142 B-20.584 E.02200
G1 Z18.9592 C44180.572 B-20.583 E.02200
G1 Z18.9608 C44183.007 B-20.582 E.02205
G1 Z18.9625 C44185.441 E.02206
G1 Z18.9641 C44187.871 B-20.581 E.02204
G1 Z18.9657 C44189.694 B-20.58 E.01652
G1 Z18.9673 C44192.128 B-20.579 E.02204
G1 Z18.969 C44194.563 E.02207
G1 Z18.9706 C44196.994 B-20.578 E.02205
G1 Z18.9723 C44199.424 B-20.577 E.02205
G1 Z18.9742 C44201.857 B-20.576 E.02205
G1 Z18.9761 C44204.293 B-20.575 E.02205
G1 Z18.978 C44207.331 B-20.574 E.02751
G1 Z18.9799 C44209.761 E.02200
G1 Z18.9819 C44212.806 B-20.573 E.02757
G1 Z18.9839 C44215.846 B-20.572 E.02757
G1 Z18.9858 C44218.275 B-20.571 E.02201
G1 Z18.9878 C44221.317 B-20.57 E.02756
G1 Z18.9895 C44223.752 B-20.569 E.02211
G1 Z18.9912 C44226.183 B-20.568 E.02209
G1 Z18.9929 C44228.005 E.01653
G1 Z18.9946 C44230.438 B-20.567 E.02204
G1 Z18.9963 C44232.874 B-20.566 E.02207
G1 Z18.998 C44235.305 B-20.565 E.02203
G1 Z18.9997 C44237.735 B-20.564 E.02203
G1 Z19.0013 C44240.167 E.02205
G1 Z19.0032 C44243.212 B-20.563 E.02763
G1 Z19.0051 C44245.642 B-20.562 E.02207
G1 Z19.0069 C44248.072 B-20.561 E.02204
G1 Z19.0088 C44250.506 B-20.56 E.02206
G1 Z19.0106 C44253.549 B-20.559 E.02760
G1 Z19.0124 C44255.979 E.02207
G1 Z19.0142 C44258.41 B-20.558 E.02206
G1 Z19.0159 C44260.845 B-20.557 E.02209
G1 Z19.0177 C44263.279 B-20.556 E.02208
G1 Z19.0195 C44265.709 B-20.555 E.02204
G1 Z19.0212 C44268.14 B-20.554 E.02205
G1 Z19.0229 C44270.575 E.02209
G1 Z19.0246 C44273.009 B-20.553 E.02209
G1 Z19.0262 C44275.439 B-20.552 E.02206
G1 Z19.0279 C44277.869 B-20.551 E.02208
G1 Z19.0295 C44279.695 E.01661
G1 Z19.0312 C44282.739 B-20.55 E.02763
G1 Z19.033 C44285.169 B-20.549 E.02209
G1 Z19.0349 C44287.599 B-20.548 E.02207
G1 Z19.0367 C44290.034 B-20.547 E.02210
G1 Z19.0386 C44293.076 B-20.546 E.02761
G1 Z19.0405 C44295.506 E.02207
G1 Z19.0424 C44297.937 B-20.545 E.02206
G1 Z19.0443 C44300.982 B-20.544 E.02761
G1 Z19.046 C44303.413 B-20.543 E.02211
G1 Z19.0476 C44305.843 B-20.542 E.02213
G1 Z19.0492 C44307.667 E.01662
G1 Z19.0509 C44310.103 B-20.541 E.02212
G1 Z19.0526 C44312.535 B-20.54 E.02209
G1 Z19.0542 C44314.965 B-20.539 E.02208
G1 Z19.0559 C44317.397 B-20.538 E.02211
G1 Z19.0576 C44319.833 E.02216
G1 Z19.0595 C44322.265 B-20.537 E.02210
G1 Z19.0614 C44324.695 B-20.536 E.02206
G1 Z19.0632 C44327.735 B-20.535 E.02759
G1 Z19.0651 C44330.171 B-20.534 E.02214
G1 Z19.067 C44333.21 B-20.533 E.02762
G1 Z19.0688 C44335.64 E.02212
G1 Z19.0707 C44338.074 B-20.532 E.02213
G1 Z19.0725 C44340.509 B-20.531 E.02212
G1 Z19.0743 C44343.547 B-20.53 E.02760
G1 Z19.0761 C44345.977 B-20.529 E.02212
G1 Z19.0779 C44348.413 B-20.528 E.02216
G1 Z19.0797 C44350.847 E.02214
G1 Z19.0815 C44353.277 B-20.527 E.02210
G1 Z19.0832 C44355.707 B-20.526 E.02209
G1 Z19.085 C44358.143 B-20.525 E.02215
G1 Z19.0867 C44360.576 B-20.524 E.02213
G1 Z19.0883 C44363.006 E.02211
G1 Z19.09 C44365.437 B-20.523 E.02213
G1 Z19.0916 C44367.872 B-20.522 E.02219
G1 Z19.0932 C44370.306 B-20.521 E.02222
G1 Z19.0948 C44372.129 E.01668
G1 X10.4255 Z19.0965 C44374.559 B-20.52 E.02223
G1 Z19.0981 C44376.993 B-20.519 E.02214
G1 Z19.0998 C44379.428 B-20.518 E.02216
G1 Z19.1015 C44381.858 B-20.517 E.02212
G1 Z19.1032 C44384.288 E.02212
G1 Z19.105 C44386.722 B-20.516 E.02215
G1 Z19.1067 C44389.158 B-20.515 E.02216
G1 Z19.1085 C44391.588 B-20.514 E.02209
G1 Z19.1103 C44394.018 B-20.513 E.02208
G1 Z19.1122 C44396.452 E.02210
G1 Z19.114 C44399.495 B-20.512 E.02768
G1 Z19.1159 C44401.925 B-20.511 E.02208
G1 Z19.1178 C44404.964 B-20.51 E.02765
G1 Z19.1198 C44407.4 B-20.509 E.02214
G1 Z19.1217 C44410.44 B-20.508 E.02765
G1 Z19.1237 C44412.87 B-20.507 E.02208
G1 Z19.1256 C44415.912 B-20.506 E.02766
G1 Z19.1276 C44418.347 E.02212
G1 Z19.1295 C44421.385 B-20.505 E.02762
G1 Z19.1313 C44423.815 B-20.504 E.02210
G1 Z19.1331 C44426.251 B-20.503 E.02215
G1 Z19.1348 C44428.684 B-20.502 E.02211
G1 Z19.1366 C44431.115 B-20.501 E.02209
G1 Z19.1383 C44433.545 E.02208
G1 Z19.1401 C44435.98 B-20.5 E.02213
G1 Z19.1418 C44438.414 B-20.499 E.02212
G1 Z19.1434 C44440.844 B-20.498 E.02209
G1 Z19.1452 C44443.275 B-20.497 E.02209
G1 Z19.147 C44445.71 E.02212
G1 Z19.1487 C44448.144 B-20.496 E.02211
G1 Z19.1504 C44450.574 B-20.495 E.02208
G1 Z19.1521 C44453.005 B-20.494 E.02210
G1 Z19.1537 C44455.44 E.02214
G1 Z19.1554 C44457.874 B-20.493 E.02216
G1 Z19.157 C44459.696 B-20.492 E.01655
G1 Z19.1586 C44462.126 B-20.491 E.02208
G1 Z19.1602 C44464.56 E.02213
G1 Z19.1619 C44466.995 B-20.49 E.02216
G1 Z19.1636 C44469.426 B-20.489 E.02213
G1 Z19.1653 C44471.856 B-20.488 E.02213
G1 Z19.167 C44474.29 B-20.487 E.02216
G1 Z19.1687 C44476.725 E.02217
G1 Z19.1705 C44479.156 B-20.486 E.02212
G1 Z19.1724 C44481.586 B-20.485 E.02208
G1 Z19.1732 C44482.802 E.01110
G1 Z19.1744 C44484.629 B-20.484 E.01666
G1 Z19.1765 C44487.063 B-20.483 E.02212
G1 Z19.1785 C44490.1 B-20.482 E.02761
G1 Z19.1806 C44493.14 B-20.481 E.02767
G1 Z19.1827 C44495.576 B-20.48 E.02214
G1 Z19.1848 C44498.615 B-20.479 E.02764
G1 Z19.1869 C44501.045 B-20.478 E.02208
G1 Z19.1887 C44504.088 E.02771
G1 Z19.1905 C44506.522 B-20.477 E.02220
G1 Z19.1923 C44508.952 B-20.476 E.02216
G1 Z19.1941 C44510.775 B-20.475 E.01658
G1 Z19.1959 C44513.209 B-20.474 E.02212
G1 Z19.1977 C44515.644 B-20.473 E.02213
G1 Z19.1995 C44518.075 E.02210
G1 Z19.2013 C44520.505 B-20.472 E.02209
G1 Z19.2032 C44523.548 B-20.471 E.02770
G1 Z19.2051 C44525.982 B-20.47 E.02217
G1 Z19.207 C44528.412 B-20.469 E.02212
G1 Z19.2089 C44530.842 B-20.468 E.02211
G1 Z19.2107 C44533.278 B-20.467 E.02216
G1 Z19.2126 C44535.712 E.02213
G1 Z19.2144 C44538.142 B-20.466 E.02210
G1 Z19.2162 C44540.572 B-20.465 E.02210
G1 Z19.2179 C44543.007 B-20.464 E.02215
G1 Z19.2197 C44545.441 B-20.463 E.02216
G1 Z19.2214 C44547.871 B-20.462 E.02214
G1 Z19.223 C44549.694 E.01660
G1 Z19.2247 C44552.128 B-20.461 E.02214
G1 Z19.2264 C44554.563 B-20.46 E.02217
G1 Z19.2282 C44556.994 B-20.459 E.02215
G1 Z19.23 C44559.424 E.02215
G1 Z19.2319 C44561.857 B-20.458 E.02215
G1 Z19.2339 C44564.293 B-20.457 E.02216
G1 Z19.2359 C44567.331 B-20.456 E.02764
G1 Z19.2379 C44569.761 B-20.455 E.02211
G1 Z19.24 C44572.806 B-20.454 E.02770
G1 Z19.2421 C44575.846 B-20.453 E.02770
G1 Z19.2441 C44578.275 B-20.452 E.02211
G1 Z19.2462 C44581.317 B-20.451 E.02769
G1 Z19.248 C44583.752 B-20.45 E.02221
G1 Z19.2497 C44586.183 E.02219
G1 Z19.2515 C44588.005 B-20.449 E.01661
G1 Z19.2533 C44590.438 B-20.448 E.02214
G1 Z19.2551 C44592.874 B-20.447 E.02217
G1 Z19.2569 C44595.305 B-20.446 E.02213
G1 Z19.2586 C44597.735 B-20.445 E.02213
G1 Z19.2604 C44600.167 E.02215
G1 Z19.2623 C44603.212 B-20.444 E.02776
G1 Z19.2643 C44605.642 B-20.443 E.02217
G1 Z19.2662 C44608.072 B-20.442 E.02214
G1 Z19.2682 C44610.506 B-20.441 E.02216
G1 Z19.2701 C44613.549 B-20.44 E.02773
G1 Z19.272 C44615.979 B-20.439 E.02217
G1 Z19.2739 C44618.41 E.02216
G1 Z19.2757 C44620.845 B-20.438 E.02219
G1 Z19.2776 C44623.279 B-20.437 E.02218
G1 Z19.2794 C44625.709 B-20.436 E.02214
G1 Z19.2812 C44628.14 B-20.435 E.02215
G1 Z19.283 C44630.575 B-20.434 E.02219
G1 Z19.2848 C44633.009 E.02219
G1 Z19.2865 C44635.439 B-20.433 E.02216
G1 Z19.2882 C44637.869 B-20.432 E.02218
G1 Z19.2899 C44639.695 B-20.431 E.01668
G1 Z19.2918 C44642.739 B-20.43 E.02775
G1 Z19.2936 C44645.169 B-20.429 E.02219
G1 Z19.2956 C44647.599 E.02217
G1 Z19.2975 C44650.034 B-20.428 E.02220
G1 Z19.2995 C44653.076 B-20.427 E.02774
G1 Z19.3014 C44655.506 B-20.426 E.02217
G1 Z19.3034 C44657.937 B-20.425 E.02216
G1 Z19.3055 C44660.982 B-20.424 E.02774
G1 Z19.3072 C44663.413 B-20.423 E.02221
G1 Z19.3089 C44665.843 E.02223
G1 Z19.3107 C44667.667 B-20.422 E.01669
G1 Z19.3124 C44670.103 B-20.421 E.02222
G1 Z19.3141 C44672.535 B-20.42 E.02219
G1 Z19.3159 C44674.965 B-20.419 E.02218
G1 Z19.3176 C44677.397 E.02221
G1 Z19.3194 C44679.833 B-20.418 E.02226
G1 Z19.3214 C44682.265 B-20.417 E.02220
G1 Z19.3234 C44684.695 B-20.416 E.02216
G1 Z19.3253 C44687.735 B-20.415 E.02772
G1 Z19.3273 C44690.171 B-20.414 E.02224
G1 Z19.3292 C44693.21 B-20.413 E.02774
G1 Z19.3312 C44695.64 B-20.412 E.02222
G1 Z19.3331 C44698.074 E.02223
G1 Z19.3351 C44700.509 B-20.411 E.02222
G1 Z19.337 C44703.547 B-20.41 E.02773
G1 Z19.3389 C44705.977 B-20.409 E.02222
G1 Z19.3407 C44708.413 B-20.408 E.02226
G1 Z19.3426 C44710.847 B-20.407 E.02224
G1 Z19.3445 C44713.277 B-20.406 E.02220
G1 Z19.3463 C44715.707 E.02219
G1 Z19.3481 C44718.143 B-20.405 E.02225
G1 Z19.3499 C44720.576 B-20.404 E.02223
G1 Z19.3517 C44723.006 B-20.403 E.02221
G1 Z19.3534 C44725.437 B-20.402 E.02223
G1 Z19.3551 C44727.872 E.02229
G1 Z19.3568 C44730.306 B-20.401 E.02232
G1 Z19.3585 C44732.129 B-20.4 E.01675
G1 Z19.3602 C44734.559 B-20.399 E.02222
G1 Z19.3619 C44736.993 B-20.398 E.02228
G1 Z19.3637 C44739.428 E.02230
G1 X10.4757 Z19.3655 C44741.858 B-20.397 E.02237
G1 Z19.3673 C44744.288 B-20.396 E.02222
G1 Z19.3691 C44746.722 B-20.395 E.02225
G1 Z19.371 C44749.158 B-20.394 E.02226
G1 Z19.3728 C44751.588 B-20.393 E.02220
G1 Z19.3747 C44754.018 E.02218
G1 Z19.3766 C44756.452 B-20.392 E.02221
G1 Z19.3786 C44759.495 B-20.391 E.02781
G1 Z19.3806 C44761.925 B-20.39 E.02219
G1 Z19.3826 C44764.964 B-20.389 E.02778
G1 Z19.3846 C44767.4 B-20.388 E.02224
G1 Z19.3867 C44770.44 B-20.387 E.02779
G1 Z19.3887 C44772.87 B-20.386 E.02218
G1 Z19.3908 C44775.912 B-20.385 E.02780
G1 Z19.3928 C44778.347 B-20.384 E.02223
G1 Z19.3949 C44781.385 B-20.383 E.02775
G1 Z19.3967 C44783.815 E.02221
G1 Z19.3986 C44786.251 B-20.382 E.02225
G1 Z19.4004 C44788.684 B-20.381 E.02222
G1 Z19.4023 C44791.115 B-20.38 E.02220
G1 Z19.4041 C44793.545 B-20.379 E.02219
G1 Z19.4059 C44795.98 B-20.378 E.02223
G1 Z19.4077 C44798.414 E.02222
G1 Z19.4095 C44800.844 B-20.377 E.02219
G1 Z19.4113 C44803.275 B-20.376 E.02219
G1 Z19.4132 C44805.71 B-20.375 E.02223
G1 Z19.415 C44808.144 B-20.374 E.02222
G1 Z19.4168 C44810.574 B-20.373 E.02219
G1 Z19.4185 C44813.005 E.02220
G1 Z19.4203 C44815.44 B-20.372 E.02225
G1 Z19.422 C44817.874 B-20.371 E.02226
G1 Z19.4237 C44819.696 B-20.37 E.01663
G1 Z19.4253 C44822.126 E.02219
G1 Z19.4271 C44824.56 B-20.369 E.02224
G1 Z19.4288 C44826.995 B-20.368 E.02226
G1 Z19.4306 C44829.426 B-20.367 E.02224
G1 Z19.4324 C44831.856 B-20.366 E.02223
G1 Z19.4342 C44834.29 E.02227
G1 Z19.436 C44836.725 B-20.365 E.02227
G1 Z19.4378 C44839.156 B-20.364 E.02223
G1 Z19.4399 C44841.586 B-20.363 E.02219
G1 Z19.4407 C44842.802 E.01115
G1 Z19.442 C44844.629 B-20.362 E.01674
G1 Z19.4442 C44847.063 B-20.361 E.02222
G1 Z19.4464 C44850.1 B-20.36 E.02774
G1 Z19.4486 C44853.14 B-20.359 E.02780
G1 Z19.4509 C44855.576 B-20.358 E.02225
G1 Z19.4531 C44858.615 B-20.357 E.02777
G1 Z19.4554 C44861.045 B-20.356 E.02218
G1 Z19.4574 C44864.088 B-20.355 E.02784
G1 Z19.4593 C44866.522 B-20.354 E.02230
G1 Z19.4613 C44868.952 B-20.353 E.02227
G1 Z19.4632 C44870.775 B-20.352 E.01666
G1 Z19.4651 C44873.209 E.02222
G1 Z19.467 C44875.644 B-20.351 E.02224
G1 Z19.469 C44878.075 B-20.35 E.02220
G1 Z19.4709 C44880.505 B-20.349 E.02220
G1 Z19.4729 C44883.548 B-20.348 E.02783
G1 Z19.475 C44885.982 B-20.347 E.02227
G1 Z19.477 C44888.412 B-20.346 E.02222
G1 Z19.479 C44890.842 B-20.345 E.02221
G1 Z19.481 C44893.278 B-20.344 E.02226
G1 Z19.483 C44895.712 E.02224
G1 Z19.4849 C44898.142 B-20.343 E.02221
G1 Z19.4868 C44900.572 B-20.342 E.02221
G1 Z19.4887 C44903.007 B-20.341 E.02226
G1 Z19.4906 C44905.441 B-20.34 E.02227
G1 Z19.4924 C44907.871 B-20.339 E.02225
G1 Z19.4942 C44909.694 B-20.338 E.01668
G1 Z19.496 C44912.128 E.02225
G1 Z19.4979 C44914.563 B-20.337 E.02227
G1 Z19.4998 C44916.994 B-20.336 E.02225
G1 Z19.5017 C44919.424 B-20.335 E.02225
G1 Z19.5038 C44921.857 B-20.334 E.02225
G1 Z19.5059 C44924.293 B-20.333 E.02226
G1 Z19.508 C44927.331 B-20.332 E.02777
G1 Z19.5102 C44929.761 B-20.331 E.02221
G1 Z19.5124 C44932.806 B-20.33 E.02784
G1 Z19.5147 C44935.846 B-20.329 E.02783
G1 Z19.5169 C44938.275 B-20.328 E.02222
G1 Z19.5191 C44941.317 B-20.327 E.02782
G1 Z19.521 C44943.752 B-20.326 E.02232
G1 Z19.5229 C44946.183 B-20.325 E.02230
G1 Z19.5248 C44948.005 E.01669
G1 Z19.5267 C44950.438 B-20.324 E.02225
G1 Z19.5287 C44952.874 B-20.323 E.02228
G1 Z19.5306 C44955.305 B-20.322 E.02224
G1 Z19.5325 C44957.735 B-20.321 E.02223
G1 Z19.5344 C44960.167 B-20.32 E.02226
G1 Z19.5364 C44963.212 B-20.319 E.02789
G1 Z19.5385 C44965.642 B-20.318 E.02227
G1 Z19.5406 C44968.072 B-20.317 E.02225
G1 Z19.5427 C44970.506 E.02227
G1 Z19.5448 C44973.549 B-20.316 E.02787
G1 Z19.5468 C44975.979 B-20.315 E.02228
G1 Z19.5488 C44978.41 B-20.314 E.02227
G1 Z19.5508 C44980.845 B-20.313 E.02230
G1 Z19.5528 C44983.279 B-20.312 E.02229
G1 Z19.5548 C44985.709 B-20.311 E.02225
G1 Z19.5568 C44988.14 B-20.31 E.02226
G1 Z19.5587 C44990.575 B-20.309 E.02230
G1 Z19.5606 C44993.009 B-20.308 E.02230
G1 Z19.5624 C44995.439 E.02227
G1 Z19.5643 C44997.869 B-20.307 E.02229
G1 Z19.5661 C44999.695 B-20.306 E.01676
G1 Z19.5681 C45002.739 B-20.305 E.02789
G1 Z19.5701 C45005.169 B-20.304 E.02230
G1 Z19.5721 C45007.599 B-20.303 E.02228
G1 Z19.5742 C45010.034 B-20.302 E.02231
G1 Z19.5763 C45013.076 B-20.301 E.02788
G1 Z19.5784 C45015.506 B-20.3 E.02229
G1 Z19.5806 C45017.937 B-20.299 E.02227
G1 Z19.5828 C45020.982 B-20.298 E.02788
G1 Z19.5846 C45023.413 E.02232
G1 Z19.5865 C45025.843 B-20.297 E.02234
G1 Z19.5884 C45027.667 B-20.296 E.01677
G1 Z19.5902 C45030.103 B-20.295 E.02233
G1 Z19.5921 C45032.535 B-20.294 E.02231
G1 Z19.594 C45034.965 B-20.293 E.02230
G1 Z19.5959 C45037.397 E.02232
G1 Z19.5978 C45039.833 B-20.292 E.02237
G1 Z19.5999 C45042.265 B-20.291 E.02231
G1 Z19.602 C45044.695 B-20.29 E.02228
G1 Z19.6041 C45047.735 B-20.289 E.02785
G1 Z19.6062 C45050.171 B-20.288 E.02235
G1 Z19.6083 C45053.21 B-20.287 E.02788
G1 Z19.6104 C45055.64 B-20.286 E.02233
G1 Z19.6125 C45058.074 B-20.285 E.02234
G1 Z19.6146 C45060.509 B-20.284 E.02234
G1 Z19.6166 C45063.547 B-20.283 E.02786
G1 Z19.6187 C45065.977 B-20.282 E.02234
G1 Z19.6207 C45068.413 B-20.281 E.02238
G1 Z19.6227 C45070.847 B-20.28 E.02235
G1 Z19.6247 C45073.277 E.02231
G1 Z19.6266 C45075.707 B-20.279 E.02231
G1 Z19.6286 C45078.143 B-20.278 E.02236
G1 Z19.6305 C45080.576 B-20.277 E.02234
G1 Z19.6324 C45083.006 B-20.276 E.02232
G1 Z19.6343 C45085.437 B-20.275 E.02235
G1 Z19.6361 C45087.872 E.02240
G1 X10.526 Z19.6379 C45090.306 B-20.274 E.02254
G1 Z19.6397 C45092.129 B-20.273 E.01673
G1 Z19.6416 C45094.559 B-20.272 E.02230
G1 Z19.6434 C45096.993 B-20.271 E.02235
G1 Z19.6453 C45099.428 B-20.27 E.02237
G1 Z19.6473 C45101.858 B-20.269 E.02233
G1 Z19.6492 C45104.288 E.02233
G1 Z19.6511 C45106.722 B-20.268 E.02236
G1 Z19.6531 C45109.158 B-20.267 E.02237
G1 Z19.6552 C45111.588 B-20.266 E.02230
G1 Z19.6572 C45114.018 B-20.265 E.02229
G1 Z19.6592 C45116.452 B-20.264 E.02232
G1 Z19.6613 C45119.495 B-20.263 E.02795
G1 Z19.6635 C45121.925 B-20.262 E.02230
G1 Z19.6656 C45124.964 B-20.261 E.02791
G1 Z19.6678 C45127.4 B-20.26 E.02235
G1 Z19.67 C45130.44 B-20.259 E.02792
G1 Z19.6722 C45132.87 B-20.258 E.02229
G1 Z19.6744 C45135.912 B-20.257 E.02793
G1 Z19.6766 C45138.347 B-20.256 E.02233
G1 Z19.6788 C45141.385 B-20.255 E.02789
G1 Z19.6808 C45143.815 B-20.254 E.02232
G1 Z19.6828 C45146.251 E.02236
G1 Z19.6848 C45148.684 B-20.253 E.02233
G1 Z19.6868 C45151.115 B-20.252 E.02231
G1 Z19.6887 C45153.545 B-20.251 E.02229
G1 Z19.6907 C45155.98 B-20.25 E.02234
G1 Z19.6926 C45158.414 B-20.249 E.02233
G1 Z19.6945 C45160.844 B-20.248 E.02230
G1 Z19.6965 C45163.275 B-20.247 E.02230
G1 Z19.6985 C45165.71 E.02234
G1 Z19.7004 C45168.144 B-20.246 E.02233
G1 Z19.7024 C45170.574 B-20.245 E.02229
G1 Z19.7043 C45173.005 B-20.244 E.02231
G1 Z19.7061 C45175.44 B-20.243 E.02236
G1 Z19.7079 C45177.874 B-20.242 E.02237
G1 Z19.7097 C45179.696 B-20.241 E.01672
G1 Z19.7116 C45182.126 E.02230
G1 Z19.7134 C45184.56 B-20.24 E.02235
G1 Z19.7153 C45186.995 B-20.239 E.02237
G1 Z19.7172 C45189.426 B-20.238 E.02235
G1 Z19.7191 C45191.856 B-20.237 E.02234
G1 Z19.721 C45194.29 B-20.236 E.02238
G1 Z19.723 C45196.725 E.02238
G1 Z19.725 C45199.156 B-20.235 E.02234
G1 Z19.7272 C45201.586 B-20.234 E.02230
G1 Z19.728 C45202.802 B-20.233 E.01122
G1 Z19.7295 C45204.629 E.01683
G1 Z19.732 C45207.063 B-20.231 E.02233
G1 Z19.7345 C45210.1 B-20.23 E.02788
G1 Z19.737 C45213.14 B-20.229 E.02794
G1 Z19.7395 C45215.576 B-20.228 E.02236
G1 Z19.7421 C45218.615 B-20.227 E.02791
G1 Z19.7446 C45221.045 B-20.226 E.02230
G1 Z19.7468 C45224.088 B-20.225 E.02798
G1 Z19.749 C45226.522 B-20.224 E.02242
G1 Z19.7512 C45228.952 B-20.223 E.02238
G1 Z19.7533 C45230.775 B-20.222 E.01675
G1 Z19.7555 C45233.209 B-20.221 E.02234
G1 Z19.7577 C45235.644 B-20.22 E.02235
G1 Z19.7598 C45238.075 B-20.219 E.02231
G1 Z19.762 C45240.505 B-20.218 E.02231
G1 Z19.7643 C45243.548 B-20.217 E.02797
G1 Z19.7666 C45245.982 B-20.216 E.02239
G1 Z19.7689 C45248.412 B-20.215 E.02234
G1 Z19.7711 C45250.842 B-20.214 E.02233
G1 Z19.7733 C45253.278 B-20.213 E.02238
G1 Z19.7756 C45255.712 B-20.212 E.02236
G1 Z19.7778 C45258.142 B-20.211 E.02232
G1 Z19.7799 C45260.572 B-20.21 E.02232
G1 Z19.7821 C45263.007 B-20.209 E.02238
G1 Z19.7841 C45265.441 B-20.208 E.02238
G1 Z19.7862 C45267.871 B-20.207 E.02237
G1 Z19.7882 C45269.694 B-20.206 E.01677
G1 Z19.7903 C45272.128 B-20.205 E.02237
G1 Z19.7924 C45274.563 B-20.204 E.02239
G1 Z19.7945 C45276.994 E.02237
G1 Z19.7966 C45279.424 B-20.203 E.02237
G1 Z19.799 C45281.857 B-20.202 E.02237
G1 Z19.8013 C45284.293 B-20.201 E.02238
G1 Z19.8037 C45287.331 B-20.199 E.02792
G1 Z19.8062 C45289.761 B-20.198 E.02233
G1 Z19.8087 C45292.806 B-20.197 E.02798
G1 Z19.8112 C45295.846 B-20.196 E.02797
G1 Z19.8137 C45298.275 B-20.195 E.02234
G1 Z19.8163 C45301.317 B-20.194 E.02797
G1 Z19.8184 C45303.752 B-20.193 E.02244
G1 Z19.8205 C45306.183 B-20.192 E.02242
G1 Z19.8226 C45308.005 B-20.191 E.01679
G1 Z19.8248 C45310.438 B-20.19 E.02237
G1 Z19.8269 C45312.874 B-20.189 E.02240
G1 Z19.8291 C45315.305 B-20.188 E.02236
G1 Z19.8312 C45317.735 B-20.187 E.02236
G1 Z19.8334 C45320.167 B-20.186 E.02238
G1 Z19.8357 C45323.212 B-20.185 E.02804
G1 Z19.8381 C45325.642 B-20.184 E.02240
G1 Z19.8404 C45328.072 B-20.183 E.02237
G1 Z19.8428 C45330.506 B-20.182 E.02240
G1 Z19.8451 C45333.549 B-20.181 E.02801
G1 Z19.8474 C45335.979 B-20.18 E.02240
G1 Z19.8496 C45338.41 B-20.179 E.02240
G1 Z19.8519 C45340.845 B-20.178 E.02242
G1 Z19.8541 C45343.279 B-20.177 E.02241
G1 Z19.8563 C45345.709 B-20.176 E.02237
G1 Z19.8585 C45348.14 B-20.175 E.02238
G1 Z19.8607 C45350.575 B-20.174 E.02242
G1 Z19.8628 C45353.009 B-20.173 E.02242
G1 Z19.8649 C45355.439 B-20.172 E.02240
G1 Z19.867 C45357.869 B-20.171 E.02242
G1 Z19.869 C45359.695 B-20.17 E.01687
G1 Z19.8712 C45362.739 B-20.169 E.02804
G1 Z19.8735 C45365.169 B-20.168 E.02243
G1 Z19.8758 C45367.599 B-20.167 E.02241
G1 Z19.8782 C45370.034 B-20.166 E.02244
G1 Z19.8805 C45373.076 B-20.165 E.02803
G1 Z19.8829 C45375.506 B-20.164 E.02242
G1 Z19.8853 C45377.937 B-20.163 E.02240
G1 Z19.8878 C45380.982 B-20.162 E.02803
G1 Z19.8899 C45383.413 B-20.161 E.02246
G1 Z19.892 C45385.843 B-20.16 E.02247
G1 Z19.8941 C45387.667 B-20.159 E.01689
G1 Z19.8962 C45390.103 B-20.158 E.02247
G1 Z19.8983 C45392.535 B-20.157 E.02244
G1 Z19.9004 C45394.965 B-20.156 E.02243
G1 Z19.9025 C45397.397 B-20.155 E.02246
G1 Z19.9047 C45399.833 E.02251
G1 Z19.9071 C45402.265 B-20.153 E.02244
G1 Z19.9094 C45404.695 B-20.152 E.02241
G1 Z19.9118 C45407.735 B-20.151 E.02801
G1 X10.5763 Z19.9141 C45410.171 B-20.15 E.02259
G1 Z19.9165 C45413.21 B-20.149 E.02806
G1 Z19.9188 C45415.64 B-20.148 E.02243
G1 Z19.9212 C45418.074 B-20.147 E.02244
G1 Z19.9235 C45420.509 B-20.146 E.02243
G1 Z19.9259 C45423.547 B-20.145 E.02803
G1 Z19.9281 C45425.977 B-20.144 E.02243
G1 Z19.9304 C45428.413 B-20.143 E.02247
G1 Z19.9326 C45430.847 B-20.142 E.02244
G1 Z19.9349 C45433.277 B-20.141 E.02239
G1 Z19.9371 C45435.707 B-20.14 E.02239
G1 Z19.9393 C45438.143 B-20.139 E.02245
G1 Z19.9415 C45440.576 B-20.138 E.02242
G1 Z19.9436 C45443.006 B-20.137 E.02240
G1 Z19.9457 C45445.437 B-20.136 E.02242
G1 Z19.9477 C45447.872 B-20.135 E.02248
G1 Z19.9498 C45450.306 E.02250
G1 Z19.9518 C45452.129 B-20.134 E.01681
G1 Z19.9539 C45454.559 B-20.133 E.02241
G1 Z19.956 C45456.993 B-20.132 E.02246
G1 Z19.9581 C45459.428 B-20.131 E.02248
G1 Z19.9603 C45461.858 B-20.13 E.02244
G1 Z19.9625 C45464.288 B-20.129 E.02244
G1 Z19.9646 C45466.722 B-20.128 E.02247
G1 Z19.9669 C45469.158 B-20.127 E.02248
G1 Z19.9692 C45471.588 B-20.126 E.02241
G1 Z19.9715 C45474.018 B-20.125 E.02240
G1 Z19.9738 C45476.452 B-20.124 E.02243
G1 Z19.9761 C45479.495 B-20.123 E.02808
G1 Z19.9785 C45481.925 B-20.122 E.02241
G1 Z19.9809 C45484.964 B-20.121 E.02805
G1 Z19.9834 C45487.4 B-20.12 E.02246
G1 Z19.9859 C45490.44 B-20.118 E.02806
G1 Z19.9884 C45492.87 B-20.117 E.02241
G1 Z19.9909 C45495.912 B-20.116 E.02807
G1 Z19.9933 C45498.347 B-20.115 E.02245
G1 Z19.9958 C45501.385 B-20.114 E.02803
G1 Z19.998 C45503.815 B-20.113 E.02243
G1 Z20.0002 C45506.251 B-20.112 E.02248
G1 Z20.0025 C45508.684 B-20.111 E.02244
G1 Z20.0047 C45511.115 B-20.11 E.02242
G1 Z20.0069 C45513.545 B-20.109 E.02241
G1 Z20.0091 C45515.98 B-20.108 E.02246
G1 Z20.0113 C45518.414 B-20.107 E.02245
G1 Z20.0134 C45520.844 B-20.106 E.02242
G1 Z20.0156 C45523.275 B-20.105 E.02242
G1 Z20.0179 C45525.71 B-20.104 E.02246
G1 Z20.0201 C45528.144 B-20.103 E.02245
G1 Z20.0222 C45530.574 B-20.102 E.02241
G1 Z20.0244 C45533.005 B-20.101 E.02243
G1 Z20.0264 C45535.44 E.02248
G1 Z20.0285 C45537.874 B-20.1 E.02249
G1 Z20.0305 C45539.696 B-20.099 E.01682
G1 Z20.0326 C45542.126 B-20.098 E.02242
G1 Z20.0347 C45544.56 B-20.097 E.02247
G1 Z20.0368 C45546.995 B-20.096 E.02250
G1 Z20.0389 C45549.426 B-20.095 E.02247
G1 Z20.0411 C45551.856 B-20.094 E.02247
G1 Z20.0432 C45554.29 B-20.093 E.02250
G1 Z20.0454 C45556.725 B-20.092 E.02251
G1 Z20.0477 C45559.156 B-20.091 E.02246
G1 Z20.0501 C45561.586 B-20.09 E.02242
G1 Z20.0511 C45562.802 E.01131
G1 Z20.0527 C45564.629 B-20.089 E.01693
G1 Z20.0555 C45567.063 B-20.088 E.02246
G1 Z20.0582 C45570.1 B-20.086 E.02803
G1 Z20.061 C45573.14 B-20.085 E.02809
G1 Z20.0637 C45575.576 B-20.084 E.02249
G1 Z20.0665 C45578.615 B-20.083 E.02806
G1 Z20.0693 C45581.045 B-20.082 E.02242
G1 Z20.0718 C45584.088 B-20.081 E.02813
G1 Z20.0742 C45586.522 B-20.08 E.02255
G1 Z20.0765 C45588.952 B-20.078 E.02251
G1 Z20.0789 C45590.775 B-20.077 E.01686
G1 Z20.0813 C45593.209 B-20.076 E.02247
G1 Z20.0837 C45595.644 B-20.075 E.02248
G1 Z20.0861 C45598.075 B-20.074 E.02245
G1 Z20.0885 C45600.505 B-20.073 E.02244
G1 Z20.091 C45603.548 B-20.072 E.02813
G1 Z20.0935 C45605.982 B-20.071 E.02252
G1 Z20.096 C45608.412 B-20.07 E.02247
G1 Z20.0985 C45610.842 B-20.069 E.02246
G1 Z20.1009 C45613.278 B-20.068 E.02251
G1 Z20.1034 C45615.712 B-20.067 E.02249
G1 Z20.1058 C45618.142 B-20.066 E.02246
G1 Z20.1082 C45620.572 B-20.064 E.02246
G1 Z20.1105 C45623.007 B-20.063 E.02251
G1 Z20.1128 C45625.441 B-20.062 E.02252
G1 Z20.1151 C45627.871 B-20.061 E.02250
G1 Z20.1173 C45629.694 B-20.06 E.01689
G1 Z20.1195 C45632.128 B-20.059 E.02251
G1 Z20.1218 C45634.563 B-20.058 E.02253
G1 Z20.1242 C45636.994 B-20.057 E.02251
G1 Z20.1265 C45639.424 B-20.056 E.02251
G1 Z20.1291 C45641.857 B-20.055 E.02251
G1 Z20.1317 C45644.293 B-20.054 E.02252
G1 Z20.1344 C45647.331 B-20.053 E.02808
G1 Z20.1371 C45649.761 B-20.052 E.02247
G1 Z20.1398 C45652.806 B-20.051 E.02814
G1 Z20.1426 C45655.846 B-20.049 E.02814
G1 Z20.1453 C45658.275 B-20.048 E.02248
G1 Z20.1481 C45661.317 B-20.047 E.02813
G1 Z20.1504 C45663.752 B-20.046 E.02259
G1 Z20.1528 C45666.183 B-20.045 E.02256
G1 Z20.1551 C45668.613 B-20.044 E.02256
G1 Z20.1575 C45670.438 B-20.043 E.01696
G1 Z20.1599 C45672.874 B-20.042 E.02255
G1 Z20.1622 C45675.305 B-20.041 E.02251
G1 Z20.1646 C45677.735 B-20.04 E.02251
G1 Z20.1669 C45680.167 B-20.039 E.02253
G1 Z20.1695 C45683.212 B-20.038 E.02821
G1 Z20.1721 C45685.642 B-20.036 E.02255
G1 Z20.1747 C45688.072 B-20.035 E.02253
G1 Z20.1773 C45690.506 B-20.034 E.02255
G1 Z20.1798 C45693.549 B-20.033 E.02818
G1 Z20.1823 C45695.979 B-20.032 E.02256
G1 Z20.1848 C45698.41 B-20.031 E.02255
G1 Z20.1873 C45700.845 B-20.03 E.02258
G1 Z20.1897 C45703.279 B-20.029 E.02257
G1 X10.6263 Z20.1922 C45705.709 B-20.028 E.02263
G1 Z20.1948 C45708.14 B-20.026 E.02250
G1 Z20.1971 C45710.575 B-20.025 E.02255
G1 Z20.1995 C45713.009 B-20.024 E.02254
G1 Z20.2018 C45715.439 B-20.023 E.02252
G1 Z20.204 C45717.869 B-20.022 E.02254
G1 Z20.2063 C45719.695 E.01690
G1 Z20.2088 C45722.739 B-20.02 E.02823
G1 Z20.2113 C45725.169 B-20.019 E.02254
G1 Z20.2139 C45727.599 B-20.018 E.02252
G1 Z20.2164 C45730.034 B-20.017 E.02255
G1 Z20.219 C45733.076 B-20.016 E.02821
G1 Z20.2217 C45735.506 B-20.015 E.02252
G1 Z20.2247 C45737.937 B-20.014 E.02250
G1 Z20.2274 C45740.982 B-20.013 E.02820
G1 Z20.2297 C45743.413 B-20.012 E.02255
G1 Z20.232 C45745.843 B-20.011 E.02257
G1 Z20.2343 C45747.667 B-20.01 E.01689
G1 Z20.2367 C45750.103 B-20.009 E.02256
G1 Z20.239 C45752.535 B-20.008 E.02253
G1 Z20.2414 C45754.965 B-20.007 E.02252
G1 Z20.2437 C45757.397 E.02255
G1 Z20.2461 C45759.833 B-20.006 E.02259
G1 Z20.2488 C45762.265 B-20.005 E.02253
G1 Z20.2514 C45765.302 B-20.004 E.02817
G1 Z20.2541 C45767.735 B-20.003 E.02256
G1 Z20.2569 C45770.171 B-20.002 E.02256
G1 Z20.2596 C45773.21 B-20.001 E.02819
G1 Z20.2622 C45775.64 B-20. E.02254
G1 Z20.2648 C45778.074 B-19.999 E.02255
G1 Z20.2674 C45780.509 B-19.998 E.02255
G1 Z20.27 C45783.547 B-19.997 E.02817
G1 Z20.2725 C45785.977 E.02254
G1 Z20.275 C45788.413 B-19.996 E.02258
G1 Z20.2775 C45790.847 B-19.995 E.02255
G1 Z20.28 C45793.277 B-19.994 E.02251
G1 Z20.2825 C45795.707 B-19.993 E.02251
G1 Z20.2853 C45798.143 B-19.992 E.02256
G1 Z20.2876 C45800.576 E.02254
G1 Z20.29 C45803.006 B-19.991 E.02252
G1 Z20.2923 C45805.437 B-19.99 E.02254
G1 Z20.2946 C45807.872 E.02260
G1 Z20.2969 C45809.698 B-19.989 E.01692
G1 Z20.2991 C45812.129 B-19.988 E.02252
G1 Z20.3014 C45814.559 B-19.987 E.02253
G1 Z20.3038 C45816.993 E.02258
G1 Z20.3062 C45819.428 B-19.986 E.02260
G1 Z20.3086 C45821.858 B-19.985 E.02256
G1 Z20.311 C45824.288 E.02256
G1 Z20.3134 C45826.722 B-19.984 E.02259
G1 Z20.3159 C45829.158 B-19.983 E.02260
G1 Z20.3186 C45831.588 E.02253
G1 Z20.3212 C45834.018 B-19.982 E.02252
G1 Z20.3238 C45836.452 B-19.981 E.02255
G1 Z20.3263 C45839.495 E.02823
G1 Z20.329 C45841.925 B-19.98 E.02253
G1 Z20.3317 C45844.964 B-19.979 E.02819
G1 Z20.3344 C45847.4 E.02258
G1 Z20.3372 C45850.44 B-19.978 E.02820
G1 Z20.34 C45852.87 B-19.977 E.02253
G1 Z20.3427 C45855.912 E.02821
G1 Z20.3455 C45858.347 B-19.976 E.02257
G1 Z20.3484 C45861.385 B-19.975 E.02817
G1 Z20.3508 C45863.815 E.02255
G1 Z20.3533 C45866.251 B-19.974 E.02260
G1 Z20.3558 C45868.684 E.02256
G1 Z20.3582 C45871.115 B-19.973 E.02254
G1 Z20.3607 C45873.545 E.02253
G1 Z20.3631 C45875.98 B-19.972 E.02258
G1 Z20.3654 C45878.414 B-19.971 E.02257
G1 Z20.3678 C45880.844 E.02254
G1 Z20.3703 C45883.275 E.02254
G1 Z20.3727 C45885.71 B-19.97 E.02257
G1 Z20.3751 C45888.144 E.02256
G1 Z20.3775 C45890.574 B-19.969 E.02253
G1 Z20.3799 C45893.005 E.02255
G1 Z20.3822 C45895.44 B-19.968 E.02260
G1 Z20.3844 C45897.874 E.02261
G1 Z20.3867 C45899.696 B-19.967 E.01691
G1 Z20.3889 C45902.126 E.02253
G1 Z20.3912 C45904.56 E.02258
G1 Z20.3935 C45906.995 B-19.966 E.02261
G1 Z20.3958 C45909.426 E.02258
G1 Z20.3982 C45911.856 B-19.965 E.02258
G1 Z20.4006 C45914.29 E.02261
G1 Z20.403 C45916.725 E.02262
G1 Z20.4054 C45919.156 B-19.964 E.02257
G1 Z20.4081 C45921.586 E.02253
G1 Z20.4092 C45922.802 E.01137
G1 Z20.4117 C45925.847 B-19.963 E.02823
G1 Z20.4138 C45928.885 E.02820
G1 Z20.4161 C45931.316 E.02255
G1 Z20.4183 C45934.359 E.02823
G1 Z20.4205 C45936.793 B-19.962 E.02257
G1 Z20.4228 C45939.83 E.02816
G1 Z20.4249 C45942.261 E.02255
G1 Z20.4269 C45944.698 B-19.961 E.02260
G1 Z20.4288 C45947.13 E.02255
G1 Z20.4308 C45949.56 E.02253
G1 Z20.4327 C45951.991 E.02254
G1 Z20.4347 C45954.427 B-19.96 E.02259
G1 Z20.4366 C45956.86 E.02256
G1 Z20.4386 C45959.289 E.02252
G1 Z20.4406 C45961.721 E.02255
G1 Z20.4426 C45964.766 E.02826
G1 Z20.4446 C45967.197 B-19.959 E.02258
G1 Z20.4466 C45969.627 E.02255
G1 Z20.4487 C45972.059 E.02256
G1 Z20.4506 C45974.495 E.02260
G1 Z20.4526 C45976.927 E.02256
G1 Z20.4546 C45979.356 B-19.958 E.02253
G1 Z20.4565 C45981.789 E.02257
G1 Z20.4584 C45984.225 E.02261
G1 Z20.4602 C45986.656 E.02258
G1 Z20.462 C45989.086 E.02260
G1 Z20.4638 C45990.91 E.01695
G1 Z20.4657 C45993.346 E.02261
G1 Z20.4675 C45995.779 B-19.957 E.02259
G1 Z20.4695 C45998.208 E.02257
G1 Z20.4715 C46000.64 E.02259
G1 Z20.4736 C46003.076 E.02260
G1 Z20.4759 C46006.116 E.02822
G1 Z20.478 C46008.546 E.02256
G1 Z20.4802 C46011.587 E.02824
G1 Z20.4824 C46014.023 E.02261
G1 Z20.4847 C46017.06 E.02819
G1 Z20.4869 C46019.491 E.02255
G1 Z20.4889 C46022.535 B-19.956 E.02827
G1 Z20.4908 C46024.36 E.01696
G1 Z20.4927 C46026.79 E.02254
G1 Z20.4946 C46029.221 E.02255
G1 Z20.4966 C46031.656 E.02259
G1 Z20.4985 C46034.09 E.02258
G1 Z20.5004 C46036.52 E.02255
G1 Z20.5023 C46038.95 E.02255
G1 Z20.5042 C46041.386 E.02260
G1 Z20.5064 C46044.427 E.02823
G1 Z20.5086 C46046.857 E.02257
G1 Z20.5107 C46049.288 E.02256
G1 Z20.5127 C46051.725 E.02260
G1 Z20.5148 C46054.765 E.02821
G1 Z20.5168 C46057.194 E.02256
G1 Z20.5188 C46059.627 E.02259
G1 Z20.5208 C46062.063 E.02261
G1 Z20.5227 C46064.494 E.02255
G1 Z20.5247 C46066.924 E.02254
G1 Z20.5266 C46069.357 E.02257
G1 Z20.5285 C46071.793 E.02260
G1 Z20.5303 C46074.224 E.02257
G1 Z20.5322 C46076.654 E.02257
G1 Z20.5339 C46079.086 E.02262
G1 Z20.5359 C46081.522 E.02267
G1 Z20.5379 C46083.954 E.02262
G1 Z20.5399 C46086.383 E.02257
G1 Z20.5421 C46088.816 B-19.957 E.02259
G1 Z20.5446 C46091.252 E.02260
G1 Z20.5465 C46094.291 E.02821
G1 Z20.5486 C46096.721 E.02256
G1 Z20.5508 C46099.155 E.02257
G1 Z20.5526 C46102.198 E.02825
G1 Z20.5546 C46104.021 E.01694
G1 Z20.5564 C46106.451 E.02254
G1 Z20.5582 C46108.884 E.02258
G1 Z20.5601 C46111.32 E.02261
G1 Z20.5619 C46113.75 B-19.958 E.02256
G1 Z20.5637 C46116.18 E.02257
G1 Z20.5656 C46118.614 E.02261
G1 Z20.5675 C46121.05 E.02262
G1 Z20.5697 C46123.48 E.02254
G1 Z20.5717 C46126.518 E.02820
G1 Z20.5737 C46128.953 B-19.959 E.02261
G1 Z20.5758 C46131.387 E.02258
G1 Z20.5778 C46133.817 E.02253
G1 Z20.5798 C46136.856 E.02820
G1 Z20.5819 C46139.292 E.02262
G1 Z20.5839 C46141.725 B-19.96 E.02257
G1 Z20.5859 C46144.154 E.02252
G1 Z20.5879 C46147.194 E.02821
G1 Z20.5898 C46149.63 E.02262
G1 Z20.5918 C46152.062 E.02257
G1 Z20.5937 C46154.492 B-19.961 E.02254
G1 Z20.5956 C46156.924 E.02256
G1 Z20.5975 C46159.36 E.02259
G1 Z20.5994 C46161.792 E.02256
G1 Z20.6011 C46164.221 B-19.962 E.02254
G1 Z20.6029 C46166.654 E.02259
G1 Z20.6046 C46169.09 E.02265
G1 Z20.6064 C46170.914 E.01694
G1 Z20.6082 C46173.344 E.02254
G1 Z20.6099 C46175.775 B-19.963 E.02257
G1 Z20.6119 C46178.211 E.02262
G1 Z20.6137 C46180.644 E.02260
G1 Z20.6155 C46183.073 B-19.964 E.02257
G1 Z20.6175 C46185.505 E.02259
G1 Z20.6192 C46187.941 E.02262
G1 Z20.6213 C46190.373 E.02257
G1 Z20.6232 C46192.803 B-19.965 E.02254
G1 Z20.6251 C46195.234 E.02254
G1 Z20.6272 C46198.279 B-19.966 E.02827
G1 Z20.6293 C46200.711 E.02258
G1 Z20.6315 C46203.14 E.02252
G1 Z20.6335 C46206.182 B-19.967 E.02822
G1 Z20.6357 C46208.617 E.02258
G1 Z20.6377 C46211.655 E.02818
G1 Z20.6399 C46214.086 B-19.968 E.02254
G1 Z20.6419 C46217.13 E.02823
G1 Z20.644 C46219.562 B-19.969 E.02255
G1 Z20.646 C46222.6 E.02819
G1 Z20.6477 C46225.032 E.02259
G1 Z20.6497 C46227.468 B-19.97 E.02261
G1 Z20.6515 C46229.9 E.02257
G1 Z20.6533 C46232.329 B-19.971 E.02253
G1 Z20.6552 C46234.762 E.02256
G1 Z20.6569 C46237.198 E.02259
G1 Z20.6587 C46239.629 B-19.972 E.02254
G1 Z20.6605 C46242.059 E.02253
G1 Z20.6623 C46244.492 B-19.973 E.02255
G1 Z20.6642 C46246.928 E.02258
G1 Z20.666 C46249.359 E.02253
G1 Z20.6678 C46251.789 B-19.974 E.02253
G1 Z20.6695 C46254.221 E.02256
G1 Z20.6712 C46256.658 B-19.975 E.02262
G1 Z20.6735 C46259.696 E.02813
G1 Z20.6763 C46263.342 B-19.976 E.03377
G1 Z20.678 C46265.779 E.02261
G1 Z20.6798 C46268.211 B-19.977 E.02257
G1 Z20.6816 C46270.641 E.02256
G1 Z20.6833 C46273.072 B-19.978 E.02257
G1 Z20.6852 C46275.508 E.02262
G1 Z20.6869 C46277.941 B-19.979 E.02258
G1 Z20.689 C46280.371 E.02253
G1 Z20.6903 C46282.802 B-19.98 E.02254
G1 Z20.6923 C46285.238 E.02257
G1 Z20.694 C46288.278 B-19.981 E.02821
G1 Z20.6956 C46290.708 E.02255
G1 Z20.6972 C46293.14 B-19.982 E.02255
G1 Z20.6989 C46295.576 E.02257
G1 Z20.7005 C46298.615 B-19.983 E.02818
G1 Z20.7023 C46301.045 E.02253
G1 Z20.7039 C46303.479 B-19.984 E.02255
G1 Z20.7055 C46306.522 E.02822
G1 Z20.7073 C46308.952 B-19.985 E.02253
G1 Z20.7087 C46311.383 E.02252
G1 Z20.7105 C46314.427 B-19.986 E.02823
G1 Z20.7121 C46316.86 E.02256
G1 Z20.7137 C46319.289 B-19.987 E.02251
G1 Z20.7155 C46321.721 E.02252
G1 Z20.7169 C46324.766 B-19.988 E.02823
G1 Z20.7184 C46327.197 E.02255
G1 Z20.72 C46329.627 B-19.989 E.02252
G1 Z20.7216 C46332.059 E.02253
G1 Z20.723 C46334.495 B-19.99 E.02257
G1 Z20.7247 C46336.927 E.02253
G1 Z20.7262 C46339.356 B-19.991 E.02250
G1 Z20.7282 C46343.007 E.03380
G1 Z20.7305 C46346.656 B-19.992 E.03380
G1 Z20.7325 C46349.694 B-19.993 E.02812
G1 Z20.7348 C46353.346 B-19.994 E.03381
G1 Z20.7368 C46356.994 B-19.995 E.03379
G1 Z20.7393 C46360.64 E.03378
G1 Z20.7412 C46364.293 B-19.996 E.03384
G1 Z20.7428 C46366.723 B-19.997 E.02254
G1 Z20.7443 C46369.153 E.02253
G1 Z20.7459 C46371.587 B-19.998 E.02256
G1 Z20.7475 C46374.023 B-19.999 E.02257
G1 Z20.7491 C46376.453 E.02250
G1 Z20.7506 C46379.491 B-20. E.02817
G1 Z20.7522 C46381.926 E.02257
G1 Z20.7538 C46384.36 B-20.001 E.02254
G1 Z20.7554 C46387.398 B-20.002 E.02818
G1 Z20.757 C46389.829 E.02254
G1 Z20.7587 C46392.265 B-20.003 E.02256
G1 Z20.7603 C46395.305 B-20.004 E.02820
G1 Z20.7619 C46397.735 E.02253
G1 Z20.7635 C46400.167 B-20.005 E.02253
G1 Z20.7651 C46403.212 B-20.006 E.02824
G1 Z20.7667 C46405.642 E.02254
G1 Z20.7683 C46408.072 B-20.007 E.02251
G1 Z20.7699 C46410.506 B-20.008 E.02253
G1 Z20.7715 C46413.549 E.02822
G1 Z20.773 C46415.979 B-20.009 E.02253
G1 Z20.7746 C46418.41 B-20.01 E.02253
G1 Z20.7772 C46422.063 B-20.011 E.03381
G1 Z20.7791 C46425.709 B-20.012 E.03375
G1 Z20.7817 C46429.357 B-20.013 E.03376
G1 Z20.7834 C46433.009 B-20.014 E.03381
G1 Z20.7859 C46436.654 B-20.015 E.03375
G1 Z20.7875 C46439.695 B-20.016 E.02814
G1 Z20.79 C46443.346 B-20.017 E.03380
G1 Z20.7917 C46446.991 E.03375
G1 Z20.7942 C46450.643 B-20.019 E.03383
G1 Z20.796 C46454.291 B-20.02 E.03379
G1 Z20.7988 C46457.937 B-20.021 E.03377
G1 Z20.8009 C46461.59 B-20.022 E.03382
G1 Z20.8036 C46465.235 B-20.023 E.03373
G1 Z20.8055 C46469.494 B-20.024 E.03944
G1 Z20.8071 C46471.928 B-20.025 E.02256
G1 Z20.8085 C46474.358 B-20.026 E.02250
G1 Z20.8101 C46476.788 B-20.027 E.02249
G1 Z20.8117 C46479.833 E.02821
G1 Z20.8132 C46482.265 B-20.028 E.02252
G1 Z20.8149 C46484.695 B-20.029 E.02249
G1 Z20.8163 C46487.735 B-20.03 E.02816
G1 Z20.8178 C46490.171 B-20.031 E.02256
G1 Z20.8205 C46494.425 B-20.032 E.03940
G1 Z20.8225 C46498.074 B-20.033 E.03378
G1 Z20.8251 C46501.725 B-20.035 E.03379
G1 Z20.827 C46505.977 B-20.036 E.03937
G1 Z20.8295 C46509.63 B-20.037 E.03382
G1 Z20.8313 C46513.277 B-20.038 E.03376
G1 Z20.8338 C46516.924 B-20.039 E.03375
G1 Z20.8356 C46520.576 B-20.04 E.03380
G1 Z20.8379 C46524.221 B-20.042 E.03375
G1 Z20.8396 C46527.872 B-20.043 E.03382
G1 Z20.8418 C46530.914 B-20.044 E.02816
G1 Z20.8435 C46534.559 B-20.045 E.03375
G1 Z20.8459 C46538.211 B-20.047 E.03382
G1 Z20.8476 C46541.858 B-20.048 E.03378
G1 Z20.8501 C46545.505 B-20.049 E.03378
G1 Z20.8517 C46549.158 B-20.05 E.03383
G1 Z20.8544 C46552.803 B-20.052 E.03375
G1 Z20.8561 C46556.452 B-20.053 E.03377
G1 Z20.8587 C46560.711 B-20.054 E.03944
G1 Z20.8605 C46564.356 B-20.056 E.03374
G1 Z20.8631 C46568.617 B-20.057 E.03947
G1 Z20.8649 C46572.262 B-20.058 E.03374
G1 Z20.8676 C46576.521 B-20.06 E.03945
G1 Z20.8693 C46580.17 B-20.061 E.03378
G1 Z20.872 C46584.424 B-20.063 E.03940
G1 Z20.8736 C46588.077 B-20.064 E.03382
G1 Z20.8764 C46591.722 B-20.066 E.03374
G1 Z20.8781 C46595.98 B-20.067 E.03943
G1 Z20.8804 C46599.629 B-20.069 E.03379
G1 Z20.8821 C46603.275 B-20.07 E.03376
G1 Z20.8845 C46606.928 B-20.072 E.03382
G1 Z20.8861 C46610.574 B-20.073 E.03376
G1 Z20.8883 C46614.221 B-20.074 E.03378
G1 Z20.8899 C46617.874 B-20.075 E.03385
G1 Z20.892 C46620.911 B-20.077 E.02813
G1 Z20.8936 C46624.56 B-20.078 E.03380
G1 Z20.8957 C46628.211 B-20.08 E.03383
G1 Z20.8974 C46631.856 B-20.081 E.03378
G1 Z20.8996 C46635.508 B-20.082 E.03384
G1 Z20.9013 C46639.156 B-20.084 E.03380
G1 Z20.9033 C46642.802 B-20.085 E.03377
G1 Z20.9052 C46646.455 B-20.087 E.03383
G1 Z20.9074 C46650.708 B-20.088 E.03940
G1 Z20.9089 C46654.359 B-20.09 E.03382
G1 Z20.9113 C46658.615 B-20.091 E.03943
G1 Z20.9128 C46662.261 B-20.093 E.03377
G1 Z20.9151 C46666.522 B-20.094 E.03948
G1 Z20.9166 C46670.167 B-20.096 E.03377
G1 Z20.9189 C46674.427 B-20.097 E.03948
G1 Z20.9205 C46678.075 B-20.099 E.03380
G1 Z20.9227 C46681.721 B-20.1 E.03377
G1 Z20.924 C46685.982 B-20.102 E.03948
G1 Z20.9263 C46689.627 B-20.103 E.03378
G1 Z20.9278 C46693.278 B-20.105 E.03383
G1 Z20.9298 C46696.927 B-20.106 E.03381
G1 Z20.9311 C46700.572 B-20.107 E.03377
G1 Z20.9332 C46704.225 B-20.109 E.03386
G1 Z20.9353 C46709.086 B-20.111 E.04504
G1 Z20.9375 C46713.346 B-20.113 E.03947
G1 Z20.9397 C46718.208 B-20.115 E.04504
G1 Z20.9411 C46721.857 B-20.116 E.03385
G1 Z20.9432 C46725.508 B-20.118 E.03386
G1 Z20.9443 C46729.153 B-20.119 E.03380
G1 Z20.9467 C46732.806 B-20.121 E.03387
G1 Z20.9482 C46736.453 B-20.122 E.03380
G1 Z20.9502 C46740.708 B-20.124 E.03944
G1 Z20.9514 C46744.36 B-20.125 E.03386
G1 Z20.9538 C46748.613 B-20.127 E.03944
G1 Z20.9554 C46752.265 B-20.129 E.03387
G1 Z20.9575 C46756.52 B-20.131 E.03946
G1 Z20.9586 C46760.167 B-20.132 E.03382
G1 Z20.9611 C46764.427 B-20.134 E.03951
G1 Z20.9625 C46768.072 B-20.136 E.03381
G1 Z20.9646 C46772.333 B-20.138 E.03953
G1 Z20.9656 C46775.979 E.03384
G1 Z20.968 C46779.627 B-20.141 E.03385
G1 Z20.9694 C46783.279 B-20.142 E.03388
G1 Z20.9722 C46788.14 B-20.145 E.04505
G1 Z20.9742 C46793.009 B-20.147 E.04513
G1 Z20.9762 C46797.869 B-20.149 E.04506
G1 X10.5761 Z20.9782 C46802.131 B-20.151 E.03934
G1 Z20.9804 C46806.991 B-20.153 E.04477
G1 Z20.9825 C46811.86 B-20.155 E.04486
G1 Z20.9846 C46816.721 B-20.158 E.04479
G1 Z20.9869 C46821.59 B-20.16 E.04485
G1 Z20.9891 C46826.451 B-20.162 E.04477
G1 Z20.9914 C46831.928 B-20.165 E.05045
G1 Z20.993 C46835.573 B-20.166 E.03357
G1 Z20.994 C46839.833 B-20.167 E.03925
G1 Z20.9965 C46843.48 B-20.17 E.03359
G1 Z20.9987 C46848.953 B-20.173 E.05041
G1 Z21.001 C46854.425 B-20.175 E.05042
G1 Z21.0032 C46859.292 B-20.178 E.04483
G1 Z21.0054 C46864.762 B-20.18 E.05040
G1 Z21.0075 C46869.63 B-20.182 E.04484
G1 Z21.0095 C46874.492 B-20.185 E.04479
G1 Z21.0115 C46879.36 B-20.187 E.04484
G1 Z21.0135 C46884.221 B-20.189 E.04478
G1 Z21.0153 C46889.09 B-20.192 E.04487
G1 Z21.0173 C46893.344 B-20.194 E.03919
G1 Z21.0192 C46898.211 B-20.196 E.04485
G1 Z21.0212 C46903.073 B-20.198 E.04481
G1 Z21.0233 C46907.941 B-20.201 E.04486
G1 Z21.0254 C46912.803 B-20.204 E.04480
G1 Z21.0275 C46918.279 B-20.206 E.05047
G1 Z21.0296 C46923.14 B-20.209 E.04479
G1 Z21.0317 C46928.617 B-20.211 E.05047
G1 Z21.0338 C46933.478 B-20.214 E.04479
G1 Z21.036 C46938.955 B-20.217 E.05047
G1 Z21.038 C46944.424 B-20.22 E.05041
G1 Z21.04 C46949.292 B-20.222 E.04486
G1 Z21.042 C46954.762 B-20.225 E.05042
G1 Z21.044 C46959.629 B-20.227 E.04486
G1 Z21.0459 C46964.492 B-20.23 E.04482
G1 Z21.0477 C46969.359 B-20.232 E.04486
G1 Z21.0491 C46975.44 B-20.234 E.05604
G1 Z21.052 C46980.911 B-20.238 E.05042
G1 Z21.0545 C46986.995 B-20.242 E.05607
G1 Z21.0565 C46993.072 B-20.245 E.05601
G1 Z21.0579 C46999.156 B-20.247 E.05607
G1 Z21.0592 C47002.802 B-20.248 E.03365
G1 Z21.0618 C47006.455 B-20.252 E.03371
G1 Z21.0637 C47011.923 B-20.255 E.05042
G1 Z21.0656 C47017.4 B-20.258 E.05052
G1 Z21.0675 C47022.261 B-20.26 E.04483
G1 Z21.0693 C47027.738 B-20.263 E.05051
G1 Z21.0711 C47032.6 B-20.266 E.04484
G1 Z21.0729 C47038.075 B-20.269 E.05049
G1 Z21.0746 C47043.548 B-20.271 E.05049
G1 X10.526 Z21.0763 C47048.412 B-20.274 E.04467
G1 Z21.078 C47053.278 B-20.276 E.04461
G1 Z21.0796 C47058.142 B-20.279 E.04459
G1 Z21.0811 C47063.007 B-20.281 E.04460
G1 Z21.0826 C47067.871 B-20.284 E.04461
G1 Z21.0842 C47074.563 B-20.286 E.06135
G1 Z21.0851 C47079.424 B-20.288 E.04458
G1 Z21.0875 C47084.293 B-20.292 E.04466
G1 Z21.0882 C47089.153 B-20.293 E.04457
G1 Z21.0909 C47094.023 B-20.297 E.04465
G1 Z21.0915 C47099.491 B-20.298 E.05015
G1 Z21.0944 C47104.36 B-20.303 E.04464
G1 Z21.0948 C47109.829 B-20.304 E.05015
G1 Z21.0979 C47114.698 B-20.309 E.04464
G1 Z21.0981 C47120.167 B-20.31 E.05014
G1 Z21.1013 C47125.642 B-20.315 E.05021
G1 Z21.1014 C47130.506 E.04460
G1 Z21.1045 C47135.979 B-20.321 E.05019
G1 Z21.1071 C47143.279 B-20.326 E.06692
G1 Z21.1075 C47150.575 E.06689
G1 Z21.1112 C47157.869 B-20.333 E.06688
G1 Z21.1131 C47164.561 B-20.337 E.06136
G1 Z21.1156 C47171.86 B-20.341 E.06693
G1 Z21.1159 C47179.155 B-20.342 E.06689
G1 Z21.1207 C47186.451 B-20.351 E.06689
G1 Z21.123 C47194.358 B-20.356 E.07250
G1 Z21.1253 C47202.265 B-20.36 E.07250
G1 Z21.1252 C47210.171 E.07249
G1 Z21.1297 C47218.074 B-20.37 E.07247
G1 Z21.132 C47225.977 B-20.374 E.07248
G1 Z21.1337 C47233.277 B-20.378 E.06695
G1 Z21.1336 C47240.576 E.06694
G1 Z21.1373 C47247.872 B-20.386 E.06693
G1 Z21.1395 C47254.559 B-20.391 E.06135
G1 Z21.1413 C47261.858 B-20.395 E.06697
G1 Z21.1411 C47269.158 B-20.394 E.06697
G1 X10.4727 Z21.1454 C47276.452 B-20.404 E.06657
G1 Z21.1469 C47281.925 B-20.408 E.04993
G1 Z21.1465 C47289.833 B-20.407 E.07213
G1 Z21.151 C47297.739 B-20.417 E.07211
G1 Z21.1523 C47302.6 B-20.421 E.04434
G1 Z21.1517 C47310.507 B-20.419 E.07211
G1 Z21.156 C47318.414 B-20.43 E.07212
G1 Z21.1571 C47323.275 B-20.433 E.04435
G1 Z21.1566 C47330.574 B-20.431 E.06657
G1 Z21.1602 C47337.874 B-20.441 E.06660
G1 Z21.1624 C47344.56 B-20.447 E.06099
G1 Z21.161 C47349.426 B-20.443 E.04441
G1 Z21.165 C47356.725 B-20.453 E.06659
G1 Z21.1639 C47362.802 B-20.45 E.05544
G1 Z21.1653 C47369.493 B-20.454 E.06104
G1 Z21.17 C47374.359 B-20.467 E.04440
G1 Z21.1676 C47379.83 B-20.46 E.04992
G1 Z21.1722 C47384.698 B-20.474 E.04442
G1 Z21.1698 C47390.167 B-20.467 E.04990
G1 Z21.1743 C47395.644 B-20.48 E.04999
G1 Z21.172 C47400.505 B-20.473 E.04436
G1 Z21.1762 C47405.982 B-20.486 E.05000
G1 Z21.1741 C47410.842 B-20.479 E.04436
G1 Z21.178 C47415.712 B-20.491 E.04446
G1 Z21.176 C47420.572 B-20.485 E.04436
G1 Z21.1795 C47425.441 B-20.496 E.04446
G1 Z21.1779 C47429.694 B-20.491 E.03883
G1 Z21.1813 C47434.563 B-20.501 E.04446
G1 Z21.1797 C47439.424 B-20.496 E.04439
G1 Z21.1834 C47444.293 B-20.508 E.04448
G1 Z21.1815 C47449.153 B-20.502 E.04438
G1 Z21.1854 C47454.023 B-20.515 E.04448
G1 Z21.1835 C47459.491 B-20.509 E.04994
G1 Z21.1874 C47464.36 B-20.522 E.04448
G1 Z21.1854 C47469.829 B-20.515 E.04994
G1 X10.4219 Z21.1894 C47474.698 B-20.529 E.04426
G1 Z21.1873 C47480.167 B-20.521 E.04964
G1 Z21.1913 C47485.642 B-20.535 E.04971
G1 Z21.1894 C47490.506 B-20.529 E.04415
G1 Z21.193 C47495.979 B-20.542 E.04969
G1 Z21.1912 C47500.845 B-20.535 E.04417
G1 Z21.1944 C47505.709 B-20.547 E.04415
G1 Z21.1929 C47510.575 B-20.541 E.04417
G1 Z21.1958 C47515.439 B-20.552 E.04417
G1 Z21.1944 C47519.695 B-20.547 E.03863
G1 Z21.1973 C47524.561 B-20.558 E.04418
G1 Z21.196 C47529.425 B-20.553 E.04417
G1 Z21.199 C47534.291 B-20.565 E.04419
G1 Z21.1975 C47539.155 B-20.559 E.04417
G1 Z21.2007 C47544.021 B-20.572 E.04418
G1 Z21.1992 C47549.494 B-20.566 E.04970
G1 Z21.2024 C47554.358 B-20.579 E.04416
G1 Z21.2008 C47559.833 B-20.572 E.04972
G1 Z21.204 C47564.695 B-20.586 E.04414
G1 Z21.2024 C47570.171 B-20.579 E.04972
G1 Z21.2055 C47575.64 B-20.593 E.04967
G1 Z21.2039 C47580.509 B-20.586 E.04421
G1 Z21.2068 C47585.977 B-20.599 E.04967
G1 Z21.2054 C47590.847 B-20.592 E.04423
G1 Z21.208 C47595.707 B-20.605 E.04415
G1 Z21.2068 C47600.576 B-20.599 E.04422
G1 Z21.2091 C47605.437 B-20.61 E.04417
G1 Z21.208 C47609.698 B-20.605 E.03871
G1 Z21.2103 C47614.559 B-20.616 E.04417
G1 Z21.2093 C47619.428 B-20.611 E.04425
G1 Z21.2117 C47624.288 B-20.623 E.04417
G1 Z21.2106 C47629.158 B-20.617 E.04426
G1 Z21.2131 C47634.018 B-20.631 E.04417
G1 Z21.2119 C47638.887 B-20.624 E.04423
G1 Z21.2145 C47644.356 B-20.638 E.04969
G1 Z21.2132 C47649.833 B-20.631 E.04977
G1 Z21.2157 C47654.694 B-20.645 E.04418
G1 Z21.2145 C47660.17 B-20.638 E.04976
G1 X10.3714 Z21.2169 C47665.641 B-20.652 E.04950
G1 Z21.2157 C47670.507 B-20.645 E.04396
G1 Z21.2179 C47675.371 B-20.658 E.04393
G1 Z21.2168 C47680.844 B-20.652 E.04944
G1 Z21.2188 C47685.71 B-20.664 E.04396
G1 Z21.2179 C47690.574 B-20.658 E.04394
G1 Z21.2197 C47695.44 B-20.67 E.04398
G1 Z21.2189 C47699.696 B-20.664 E.03845
G1 Z21.2206 C47704.56 B-20.676 E.04395
G1 Z21.2198 C47709.426 B-20.67 E.04398
G1 Z21.2216 C47714.29 B-20.683 E.04396
G1 Z21.2211 C47720.978 B-20.679 E.06042
G1 Z21.221 C47722.802 E.01655
G1 Z21.2217 C47729.493 B-20.683 E.06045
G1 Z21.2235 C47734.359 B-20.697 E.04396
G1 Z21.2226 C47739.83 B-20.69 E.04943
G1 Z21.2244 C47744.698 B-20.704 E.04398
G1 Z21.2235 C47750.167 B-20.697 E.04941
G1 Z21.2252 C47755.644 B-20.711 E.04950
G1 Z21.2244 C47760.505 B-20.704 E.04392
G1 Z21.2261 C47765.982 B-20.718 E.04950
G1 Z21.2252 C47770.842 B-20.711 E.04392
G1 Z21.2267 C47775.712 B-20.723 E.04402
G1 Z21.226 C47780.572 B-20.718 E.04392
G1 Z21.2273 C47785.441 B-20.729 E.04402
G1 Z21.2267 C47789.694 B-20.724 E.03844
G1 Z21.228 C47794.563 B-20.735 E.04402
G1 Z21.2274 C47799.424 B-20.73 E.04395
G1 Z21.2289 C47804.293 B-20.742 E.04403
G1 Z21.2282 C47809.153 B-20.737 E.04395
G1 Z21.2297 C47814.023 B-20.75 E.04404
G1 Z21.229 C47819.491 B-20.744 E.04944
G1 Z21.2306 C47824.36 B-20.757 E.04404
G1 Z21.2298 C47829.829 B-20.751 E.04945
G1 Z21.2314 C47834.698 B-20.764 E.04404
G1 Z21.2306 C47840.167 B-20.758 E.04945
G1 Z21.2322 C47845.642 B-20.771 E.04953
G1 Z21.2315 C47850.506 B-20.765 E.04399
G1 X10.3199 Z21.233 C47855.979 B-20.778 E.04927
G1 Z21.2323 C47860.845 B-20.771 E.04374
G1 Z21.2337 C47865.709 B-20.784 E.04372
G1 Z21.233 C47870.575 B-20.778 E.04374
G1 Z21.2343 C47875.439 B-20.789 E.04373
G1 Z21.2338 C47879.695 B-20.784 E.03825
G1 Z21.2351 C47884.561 B-20.795 E.04374
G1 Z21.2345 C47889.425 B-20.791 E.04374
G1 Z21.2359 C47894.291 B-20.803 E.04376
G1 Z21.2353 C47899.155 B-20.797 E.04373
G1 Z21.2368 C47904.021 B-20.81 E.04374
G1 Z21.2361 C47908.884 B-20.804 E.04371
G1 Z21.2377 C47914.358 B-20.817 E.04921
G1 Z21.2369 C47919.833 B-20.811 E.04923
G1 Z21.2385 C47924.695 B-20.825 E.04371
G1 Z21.2377 C47930.171 B-20.818 E.04923
G1 Z21.2393 C47935.64 B-20.832 E.04918
G1 Z21.2386 C47940.509 B-20.825 E.04377
G1 Z21.2401 C47945.977 B-20.838 E.04918
G1 Z21.2394 C47950.847 B-20.832 E.04379
G1 Z21.2408 C47955.707 B-20.844 E.04371
G1 Z21.2402 C47960.576 B-20.838 E.04379
G1 Z21.2415 C47965.437 B-20.849 E.04373
G1 Z21.2409 C47969.698 B-20.845 E.03832
G1 Z21.2422 C47974.559 B-20.856 E.04373
G1 Z21.2416 C47979.428 B-20.851 E.04381
G1 Z21.2431 C47984.288 B-20.863 E.04374
G1 Z21.2424 C47989.158 B-20.857 E.04382
G1 Z21.2439 C47994.018 B-20.87 E.04373
G1 Z21.2432 C47998.887 B-20.864 E.04379
G1 Z21.2448 C48004.356 B-20.878 E.04920
G1 Z21.2441 C48009.833 B-20.871 E.04928
G1 Z21.2457 C48014.694 B-20.885 E.04375
G1 Z21.2449 C48020.17 B-20.878 E.04927
G1 Z21.2465 C48025.032 B-20.892 E.04376
G1 Z21.2458 C48030.507 B-20.885 E.04926
G1 Z21.2473 C48035.371 B-20.898 E.04378
G1 Z21.2466 C48040.844 B-20.892 E.04925
G1 X10.2682 Z21.248 C48045.71 B-20.904 E.04360
G1 Z21.2474 C48050.574 B-20.899 E.04351
G1 Z21.2487 C48055.44 B-20.91 E.04354
G1 Z21.2481 C48059.696 B-20.905 E.03806
G1 Z21.2494 C48064.56 B-20.916 E.04351
G1 Z21.2489 C48068.819 B-20.911 E.03809
G1 Z21.2503 C48073.681 B-20.923 E.04348
G1 Z21.2499 C48080.371 B-20.92 E.05982
G1 C48082.194 E.01632
G1 Z21.2504 C48089.493 B-20.924 E.06528
G1 Z21.252 C48094.359 B-20.937 E.04352
G1 Z21.2513 C48099.83 B-20.931 E.04894
G1 Z21.2529 C48104.698 B-20.944 E.04354
G1 Z21.2521 C48110.167 B-20.938 E.04891
G1 Z21.2537 C48115.644 B-20.951 E.04900
G1 Z21.253 C48120.505 B-20.945 E.04348
G1 Z21.2545 C48125.982 B-20.957 E.04900
G1 Z21.2538 C48130.842 B-20.952 E.04348
G1 Z21.2552 C48135.712 B-20.963 E.04357
G1 Z21.2546 C48140.572 B-20.958 E.04348
G1 Z21.2559 C48145.441 B-20.969 E.04358
G1 Z21.2553 C48149.694 B-20.965 E.03805
G1 Z21.2566 C48154.563 B-20.975 E.04357
G1 Z21.2561 C48159.424 B-20.971 E.04351
G1 Z21.2575 C48164.293 B-20.982 E.04359
G1 Z21.2569 C48169.153 B-20.977 E.04350
G1 Z21.2584 C48174.023 B-20.99 E.04359
G1 Z21.2577 C48179.491 B-20.984 E.04894
G1 Z21.2593 C48184.36 B-20.997 E.04359
G1 Z21.2586 C48189.829 B-20.991 E.04895
G1 Z21.2602 C48194.698 B-21.004 E.04359
G1 Z21.2594 C48200.167 B-20.998 E.04895
G1 Z21.261 C48205.642 B-21.011 E.04902
G1 Z21.2603 C48210.506 B-21.005 E.04355
G1 Z21.2618 C48215.979 B-21.017 E.04901
G1 Z21.2611 C48220.845 B-21.012 E.04358
G1 Z21.2625 C48225.709 B-21.023 E.04357
G1 Z21.2619 C48230.575 B-21.018 E.04358
G1 X10.2171 Z21.2632 C48235.439 B-21.029 E.04337
G1 Z21.2627 C48239.695 B-21.025 E.03787
G1 Z21.2639 C48244.561 B-21.035 E.04331
G1 Z21.2634 C48249.425 B-21.031 E.04330
G1 Z21.2648 C48254.291 B-21.042 E.04332
G1 Z21.2642 C48259.155 B-21.037 E.04330
G1 Z21.2657 C48264.021 B-21.049 E.04331
G1 Z21.2651 C48268.884 B-21.044 E.04327
G1 Z21.2666 C48274.358 B-21.056 E.04872
G1 Z21.266 C48279.833 B-21.051 E.04873
G1 Z21.2675 C48284.695 B-21.064 E.04327
G1 Z21.2668 C48290.171 B-21.058 E.04874
G1 Z21.2684 C48295.032 B-21.07 E.04326
G1 Z21.2677 C48300.509 B-21.065 E.04874
G1 Z21.2692 C48305.37 B-21.077 E.04326
G1 Z21.2685 C48310.847 B-21.072 E.04875
G1 Z21.2699 C48315.707 B-21.083 E.04327
G1 Z21.2693 C48320.576 B-21.078 E.04334
G1 Z21.2706 C48325.437 B-21.088 E.04329
G1 Z21.2701 C48329.698 B-21.084 E.03794
G1 Z21.2714 C48334.559 B-21.094 E.04329
G1 Z21.2709 C48339.428 B-21.091 E.04337
G1 Z21.2723 C48344.288 B-21.102 E.04329
G1 Z21.2717 C48349.158 B-21.097 E.04338
G1 Z21.2732 C48354.018 B-21.109 E.04328
G1 Z21.2726 C48358.887 B-21.104 E.04335
G1 Z21.2741 C48364.356 B-21.116 E.04870
G1 Z21.2734 C48369.833 B-21.111 E.04878
G1 Z21.275 C48374.694 B-21.123 E.04330
G1 Z21.2743 C48380.17 B-21.118 E.04877
G1 Z21.2758 C48385.032 B-21.13 E.04331
G1 Z21.2752 C48390.507 B-21.125 E.04876
G1 Z21.2766 C48395.371 B-21.137 E.04334
G1 Z21.276 C48400.844 B-21.132 E.04876
G1 Z21.2774 C48405.71 B-21.142 E.04337
G1 Z21.2769 C48410.574 B-21.138 E.04335
G1 Z21.2781 C48414.83 B-21.148 E.03795
G1 Z21.2776 C48419.696 B-21.144 E.04337
G1 X10.1656 Z21.2789 C48424.56 B-21.154 E.04315
G1 Z21.2784 C48428.819 B-21.15 E.03771
G1 Z21.2798 C48433.681 B-21.161 E.04304
G1 Z21.2795 C48440.371 B-21.159 E.05922
G1 Z21.2794 C48442.194 E.01618
G1 Z21.28 C48449.493 B-21.163 E.06463
G1 Z21.2815 C48454.359 B-21.175 E.04309
G1 Z21.2809 C48459.83 B-21.17 E.04845
G1 Z21.2824 C48464.698 B-21.182 E.04310
G1 Z21.2818 C48470.167 B-21.177 E.04842
G1 Z21.2833 C48475.644 B-21.189 E.04851
G1 Z21.2827 C48480.505 B-21.184 E.04304
G1 Z21.2841 C48485.982 B-21.195 E.04851
G1 Z21.2835 C48490.842 B-21.191 E.04304
G1 Z21.2849 C48495.712 B-21.201 E.04313
G1 Z21.2844 C48500.572 B-21.197 E.04304
G1 Z21.2856 C48505.441 B-21.207 E.04313
G1 Z21.2851 C48509.694 B-21.203 E.03767
G1 Z21.2864 C48514.563 B-21.213 E.04313
G1 Z21.2859 C48519.424 B-21.21 E.04307
G1 Z21.2873 C48524.293 B-21.22 E.04314
G1 Z21.2868 C48529.153 B-21.216 E.04306
G1 Z21.2882 C48534.023 B-21.227 E.04315
G1 Z21.2876 C48538.883 B-21.223 E.04305
G1 Z21.2891 C48544.36 B-21.234 E.04852
G1 Z21.2885 C48549.829 B-21.23 E.04846
G1 Z21.29 C48554.698 B-21.241 E.04314
G1 Z21.2894 C48560.167 B-21.237 E.04845
G1 Z21.2909 C48565.642 B-21.248 E.04852
G1 Z21.2903 C48570.506 B-21.244 E.04310
G1 Z21.2917 C48575.979 B-21.255 E.04851
G1 Z21.2912 C48580.845 B-21.25 E.04313
G1 Z21.2925 C48585.709 B-21.261 E.04313
G1 Z21.292 C48590.575 B-21.257 E.04314
G1 Z21.2932 C48595.439 B-21.266 E.04314
G1 Z21.2928 C48599.695 B-21.263 E.03775
G1 Z21.294 C48604.561 B-21.272 E.04316
G1 Z21.2936 C48609.425 B-21.269 E.04315
G1 X10.1141 Z21.2949 C48614.291 B-21.279 E.04296
G1 Z21.2944 C48619.155 B-21.275 E.04286
G1 Z21.2958 C48624.021 B-21.286 E.04287
G1 Z21.2953 C48628.884 B-21.282 E.04283
G1 Z21.2968 C48634.358 B-21.294 E.04822
G1 Z21.2962 C48639.833 B-21.289 E.04824
G1 Z21.2977 C48644.695 B-21.301 E.04283
G1 Z21.2971 C48650.171 B-21.296 E.04824
G1 Z21.2986 C48655.032 B-21.307 E.04282
G1 Z21.298 C48660.509 B-21.303 E.04825
G1 Z21.2994 C48665.37 B-21.314 E.04282
G1 Z21.2989 C48670.847 B-21.31 E.04826
G1 Z21.3002 C48675.707 B-21.32 E.04283
G1 Z21.2997 C48680.576 B-21.316 E.04290
G1 Z21.3009 C48684.829 B-21.325 E.03747
G1 Z21.3005 C48689.698 B-21.322 E.04290
G1 Z21.3017 C48694.559 B-21.331 E.04284
G1 Z21.3013 C48698.82 B-21.328 E.03755
G1 Z21.3026 C48703.681 B-21.338 E.04283
G1 Z21.3022 C48709.158 B-21.335 E.04827
G1 Z21.3036 C48714.018 B-21.346 E.04284
G1 Z21.3031 C48718.887 B-21.342 E.04291
G1 Z21.3045 C48724.356 B-21.353 E.04820
G1 Z21.304 C48729.225 B-21.349 E.04291
G1 Z21.3054 C48734.694 B-21.36 E.04820
G1 Z21.3049 C48740.17 B-21.355 E.04827
G1 Z21.3063 C48745.032 B-21.367 E.04286
G1 Z21.3058 C48750.507 B-21.362 E.04826
G1 Z21.3072 C48755.371 B-21.373 E.04289
G1 Z21.3067 C48760.844 B-21.369 E.04826
G1 Z21.308 C48765.71 B-21.379 E.04292
G1 Z21.3075 C48770.574 B-21.376 E.04290
G1 Z21.3087 C48774.83 B-21.385 E.03755
G1 Z21.3083 C48779.696 B-21.382 E.04292
G1 Z21.3095 C48784.56 B-21.391 E.04292
G1 Z21.3091 C48788.819 B-21.388 E.03759
G1 Z21.3104 C48793.681 B-21.398 E.04290
G1 Z21.3102 C48801.586 B-21.396 E.06966
G1 C48809.493 E.06969
G1 X10.0632 Z21.3112 C48814.661 B-21.403 E.04538
G1 Z21.3102 C48819.83 B-21.395 E.04531
G1 Z21.3112 C48824.999 B-21.403 E.04531
G1 Z21.3102 C48830.167 B-21.396 E.04530
G1 Z21.3112 C48835.336 B-21.403 E.04530
G1 Z21.3102 C48840.505 B-21.396 E.04530
G1 Z21.3111 C48845.674 B-21.403 E.04530
G1 Z21.3102 C48850.842 B-21.396 E.04530
G1 Z21.311 C48855.707 B-21.402 E.04264
G1 Z21.3102 C48860.572 B-21.396 E.04264
G1 Z21.311 C48865.133 B-21.401 E.03997
G1 Z21.3102 C48869.694 B-21.396 E.03997
G1 Z21.311 C48874.559 B-21.401 E.04264
G1 Z21.3102 C48879.424 B-21.396 E.04265
G1 Z21.311 C48884.288 B-21.402 E.04264
G1 Z21.3102 C48889.153 B-21.395 E.04265
G1 Z21.3111 C48894.322 B-21.403 E.04531
G1 Z21.3102 C48899.491 B-21.396 E.04532
G1 Z21.3112 C48904.66 B-21.403 E.04531
G1 Z21.3102 C48909.829 B-21.396 E.04531
G1 Z21.3112 C48914.998 B-21.403 E.04531
G1 Z21.3102 C48920.167 B-21.396 E.04530
G1 Z21.3112 C48925.337 B-21.403 E.04531
G1 Z21.3102 C48930.506 B-21.396 E.04530
G1 Z21.3111 C48935.676 B-21.403 E.04531
G1 Z21.3102 C48940.845 B-21.396 E.04531
G1 Z21.311 C48945.71 B-21.402 E.04264
G1 Z21.3102 C48950.575 B-21.396 E.04264
G1 Z21.311 C48955.135 B-21.401 E.03997
G1 Z21.3102 C48959.695 B-21.396 E.03996
G1 Z21.311 C48964.56 B-21.401 E.04264
G1 Z21.3102 C48969.425 B-21.396 E.04265
G1 Z21.311 C48974.29 B-21.402 E.04265
G1 Z21.3102 C48979.155 B-21.396 E.04265
G1 Z21.3111 C48984.324 B-21.403 E.04531
G1 Z21.3102 C48989.494 B-21.396 E.04533
G1 Z21.3112 C48994.663 B-21.403 E.04531
G1 Z21.3102 C48999.833 B-21.396 E.04532
G1 Z21.3112 C49005.002 B-21.403 E.04531
G1 Z21.3102 C49010.171 B-21.396 E.04530
G1 Z21.3112 C49015.34 B-21.403 E.04530
G1 Z21.3102 C49020.509 B-21.396 E.04530
G1 Z21.3111 C49025.678 B-21.403 E.04530
G1 Z21.3102 C49030.847 B-21.395 E.04531
G1 Z21.311 C49035.712 B-21.402 E.04264
G1 Z21.3102 C49040.576 B-21.396 E.04263
G1 Z21.311 C49045.441 B-21.401 E.04265
G1 Z21.3102 C49050.306 B-21.396 E.04266
G1 Z21.311 C49054.867 B-21.401 E.03999
G1 Z21.3102 C49059.428 B-21.396 E.03999
G1 Z21.311 C49064.293 B-21.402 E.04265
G1 Z21.3102 C49069.158 B-21.396 E.04265
G1 Z21.3111 C49074.326 B-21.403 E.04530
G1 Z21.3102 C49079.495 B-21.396 E.04532
G1 Z21.3112 C49084.664 B-21.403 E.04531
G1 Z21.3102 C49089.833 B-21.396 E.04531
G1 Z21.3112 C49095.001 B-21.403 E.04530
G1 Z21.3102 C49100.17 B-21.395 E.04530
G1 Z21.3112 C49105.339 B-21.403 E.04530
G1 Z21.3102 C49110.507 B-21.396 E.04529
G1 Z21.3111 C49115.676 B-21.403 E.04530
G1 Z21.3102 C49120.844 B-21.395 E.04530
G1 Z21.311 C49125.709 B-21.402 E.04264
G1 Z21.3102 C49130.574 B-21.396 E.04264
G1 Z21.3109 C49135.135 B-21.401 E.03997
G1 Z21.3102 C49139.696 B-21.395 E.03997
G1 Z21.3109 C49144.561 B-21.401 E.04264
G1 Z21.3102 C49149.426 B-21.396 E.04265
G1 Z21.311 C49154.291 B-21.402 E.04265
G1 Z21.3102 C49161.586 B-21.396
G1 X9.8669
G1  E-.50000  F2400
G0 Y.0245 Z21.8102
G0 Z25.3102
N220 M5
N230 M01
N240 G0 G17 G40 G80 G90 G94 G98
M204 S5000
M106 S51
G0 X19.6505 Y-.2143 C49189.413 B2.627
G0 Z2.5884
G1 Z2.0884 F6000.
G1 X19.5494 Z2.0913 F4500. E.00359
G1 Y.4881 Z2.0896 C49187.207 E.03427
G1 X19.4206 Z2.0887 E.00457
G1 X19.1515 Y.3351 Z2.6891 B4.401 E.02247
G1 X18.3258 Y-.0509 Z3.2816 B6.195 E.03616
G1 X17.4784 Y.2538 Z3.8758 C49185. B8.009 E.04230
G1 X16.7184 Y-.0809 Z4.4479 B9.841 E.03354
G1 X16.0553 Y.3086 Z4.9935 C49182.793 B11.692 E.03751
G1 X15.4174 Y.0588 Z5.5267 B13.56 E.02887
G1 X14.874 Y-.1163 Z6.0278 B15.444 E.02526
G1 X14.7966 Z6.0071 E.00275
G1 X14.7375 Z5.9801 E.00232
G1 Y.4283 Z6.0061 C49180.587 E.02621
G1 X14.6489 Z6.0352 E.00352
G1 X14.4798 Y.2842 Z6.0453 E.00740
G1 X13.7785 Y.0321 Z6.5355 B17.345 E.02967
G1 X12.8968 Y.2821 Z7.0056 C49178.385 B19.261 E.03802
G1 X12.0601 Y.0032 Z7.4475 B21.191 E.03281
G1 X11.2767 Y.2996 Z7.8582 C49176.187 B23.134 E.03420
G1 X10.486 Y.079 Z8.2464 B25.089 E.03020
G1 X10.3499 Z8.2385 E.00480
G1 X9.9814 Y.0222 Z8.5529 B27.056 E.01622
G1 Z8.5858 E.00228
G1 X9.8189 Y-.0652 Z8.5993 E.00615
G1 X9.0119 Y.2297 Z8.9246 C49173.996 B29.032 E.03264
G1 X8.5287 Y.066 Z8.924 E.01697
G1 X7.7789 Y.3742 Z9.2177 C49171.814 B31.018 E.03033
G1 X6.9937 Y.241 Z9.478 B33.011 E.02787
G1 X6.17 Y.122 Z9.7047 B35.012 E.02869
G1 X5.7776 Y.0404 Z9.7033 E.01333
G1 X5.0734 Y.3646 Z9.8895 C49169.64 B37.017 E.02729
G1 X4.2697 Y.2915 Z10.0472 B39.027 E.02735
G1 X3.4361 Y.2309 Z10.17 B41.041 E.02810
G1 X2.8876 Z10.1641 E.01830
G1 X1.9659 Y.1675 Z10.2473 B43.056 E.03085
G1 X.9994 Z10.2945 B45.071 E.03218
G1 X.0054 Z10.3016 B47.086 E.03309
G1 X-.9933 Y.2676 Z10.2747 B49.099 E.03340
G1 X-1.8769 Y.0695 Z10.2241 C49171.814 B51.109 E.03026
G1 X-2.6498 Y.1408 Z10.1346 B53.115 E.02599
G1 X-3.7323 Y.2806 Z10.0013 B55.115 E.03657
G1 X-4.5537 Y.1519 Z9.8538 C49173.996 B57.108 E.02867
G1 X-5.4296 Y.2802 Z9.6575 B59.093 E.03016
G1 Y.0741 Z9.6621 C49176.187 E.00981
G1 X-6.3624 Y.2243 Z9.435 B61.07 E.03232
G1 X-7.393 Z9.18 C49178.385 B63.036 E.03655
G1 X-8.4492 Z8.8966 C49180.587 B64.991 E.03794
G1 X-9.4139 Z8.5882 C49182.793 B66.933 E.03578
G1 X-10.2768 Z8.2515 C49185. B68.863 E.03353
G1 X-10.9882 Y.1187 Z8.0481 C49187.207 B70. E.02857
G1 X-11.4186 Z8.0564 E.01439
G1 X-11.82 Y.1697 Z8.0788 E.01348
G1 X-12.2021 Z8.1137 E.01279
G1 X-12.5078 Y.098 Z8.1513 E.01052
G1 X-12.8993 Z8.2102 C49185. E.02116
G1 X-13.2131 Y.1618 Z8.2606 C49182.793 E.02007
G1 X-13.5816 Z8.3381 C49180.587 E.02146
G1 X-13.8716 Y.1022 Z8.4082 C49178.385 E.02042
G1 X-13.9355 Y.1937 Z8.4197 C49176.187 E.01817
G1 X-14.2449 Y.125 Z8.5033 C49173.996 E.02114
G1 X-14.329 Y.1959 Z8.5225 C49171.814 E.01853
G1 X-14.6212 Y.1084 Z8.6075 C49169.64 E.02125
G1 X-14.7725 Z8.6525 C49167.478 E.01927
G1 X-14.894 Z8.6881 C49165.328 E.01909
G1 X-15.0659 Z8.7445 C49163.192 E.01963
G1 X-15.2039 Z8.7894 C49161.072 E.01932
G1 X-15.2881 Z8.8153 C49158.967 E.01897
G1 X-15.392 Y.1731 Z8.8505 C49156.881 E.01911
G1 X-15.499 Y.0675 Z8.8907 E.00518
G1 Y.1582 Z8.8971 C49154.813 E.01887
G1 X-15.5946 Y.0567 Z8.9166 E.00468
G1 Y.0026 Z8.9211 E.00191
G1 Y.0851 Z8.9209 C49152.765 E.01876
G1 Y.0134 Z8.9214 E.00256
G1 Y.0749 Z8.9202 C49150.739 E.01848
G1 Y.0029 Z8.9211 E.00257
G1 Z8.9206 C49148.734 E.01817
G1 Y-.0625 Z8.921 C49146.752 E.01810
G1 Z8.9217 C49144.793 E.01777
G1 Y.0032 Z8.9224 C49142.858 E.01768
G1 Y-.0916 Z8.9207 E.00327
G1 Y-.0158 Z8.9206 C49140.949 E.01748
G1 Y-.0976 Z8.9098 E.00274
G1 Y-.1593 Z8.8969 E.00248
G1 X-15.5352 Y-.0746 Z8.8939 C49139.051 E.01746
G1 X-15.409 Y-.2014 Z8.8458 E.00616
G1 Y-.1079 Z8.8454 C49137.142 E.01736
G1 X-15.2599 Y-.2269 Z8.7988 E.00653
G1 X-15.2075 Z8.7815 E.00200
G1 Y-.144 Z8.7849 C49135.207 E.01731
G1 X-15.1038 Z8.754 E.00362
G1 X-15.0455 Z8.7341 E.00205
G1 Y-.2522 Z8.7242 C49137.142 E.01729
G1 X-14.9576 Z8.698 E.00333
G1 X-14.867 Y-.1258 Z8.6708 E.00525
G1 Y-.1962 Z8.6556 C49139.051 E.01669
G1 X-14.8023 Z8.6476 E.00239
G1 X-14.6558 Y-.1286 Z8.602 C49140.949 E.01708
G1 X-14.5499 Z8.5701 C49142.858 E.01654
G1 X-14.4381 Z8.5343 C49144.793 E.01669
G1 X-14.3225 Z8.5 C49146.752 E.01681
G1 X-14.2003 Z8.4665 C49148.734 E.01695
G1 X-13.9617 Z8.4046 C49150.739 E.01820
G1 X-13.8119 Z8.3668 C49152.765 E.01704
G1 X-13.5783 Z8.3114 C49154.813 E.01802
G1 X-13.4532 Z8.2806 C49156.881 E.01674
G1 X-13.1518 Z8.2148 C49158.967 E.01895
G1 X-12.8773 Z8.1682 C49161.072 E.01826
G1 X-12.5866 Z8.1243 C49163.192 E.01837
G1 X-12.2915 Y-.2168 Z8.0826 C49165.328 E.01842
G1 X-11.953 Y-.144 Z8.0532 E.01156
G1 X-11.6611 Y-.2367 Z8.0285 C49167.478 E.01779
G1 X-11.3814 Z8.0161 E.00936
G1 X-11.0199 Y-.1849 Z8.0094 E.01215
G1 X-10.5984 Z8.0174 E.01402
G1 X-10.2075 Z8.2243 B68.862 E.01471
G1 X-9.3508 Z8.5636 B66.933 E.03066
G1 X-8.5526 Y-.265 Z8.8769 B64.99 E.02864
G1 X-8.1753 Y-.1297 Z8.8998 C49165.328 E.01681
G1 X-7.485 Z9.1758 B63.035 E.02477
G1 X-6.4402 Y-.265 Z9.4443 B61.069 E.03616
G1 X-5.3045 Y-.1543 Z9.6892 C49163.192 B59.093 E.03937
G1 X-4.5401 Z9.8843 B57.108 E.02629
G1 X-3.7332 Y-.2441 Z10.0409 B55.114 E.02750
G1 X-2.6316 Y-.3061 Z10.1775 B53.114 E.03698
G1 X-1.8513 Z10.2804 B51.109 E.02619
G1 X-1.5994 Y-.0809 Z10.3104 C49161.072 E.01145
G1 X-.9063 Z10.3403 B49.099 E.02307
G1 X.2066 Z10.3772 B47.086 E.03704
G1 X1.1215 Y-.3369 Z10.3579 C49163.192 B45.071 E.03164
G1 X2.0636 Z10.3166 B43.055 E.03140
G1 X2.9966 Y-.2329 Z10.2366 B41.04 E.03134
G1 X3.194 Z10.249 E.00663
G1 X3.5058 Y-.1546 Z10.2444 E.01069
G1 X4.422 Y-.0495 Z10.1279 B39.027 E.03092
G1 X5.0172 Y-.3719 Z9.9618 C49165.328 B37.017 E.02401
G1 X5.893 Y-.2529 Z9.7672 B35.011 E.03010
G1 X6.7733 Y-.1099 Z9.5472 B33.011 E.03055
G1 X7.2764 Y-.3769 Z9.5406 C49167.478 E.02101
G1 X8.0736 Y-.227 Z9.2757 B31.018 E.02838
G1 X8.7972 Y-.0834 Z8.9819 B29.032 E.02641
G1 X9.2265 Y-.3847 Z8.9783 C49169.64 E.02094
G1 X10.0182 Y-.1954 Z8.6528 B27.055 E.02916
G1 X10.8129 Y.0222 Z8.2929 B25.089 E.02991
G1 X10.9666 Y-.4226 Z8.2996 C49171.814 E.02090
G1 X11.4067 Y-.3465 Z7.9016 B23.134 E.01990
G1 X12.2392 Y-.0813 Z7.4832 B21.19 E.03222
G1 X12.5295 Y.058 Z7.4862 E.01071
G1 X13.0611 Y-.3549 Z7.047 C49173.996 B19.261 E.03144
G1 X13.9232 Y-.0354 Z6.5805 C49173.997 B17.345 E.03429
G1 X14.2638 Y.1429 Z6.5843 E.01279
G1 X14.6856 Y-.3337 Z6.082 C49176.187 B15.444 E.03280
G1 X14.7874 Y-.2682 Z6.0633 E.00407
G1 X15.1825 Y-.0546 Z6.0609 E.01494
G1 X15.9284 Y-.3776 Z5.5404 C49178.385 B13.559 E.03800
G1 X16.5105 Y-.164 Z5.0219 B11.691 E.02688
G1 X16.9931 Y.0372 Z4.4579 B9.841 E.02558
G1 X17.6023 Y-.3786 Z3.8966 C49180.587 B8.009 E.03817
G1 X18.4159 Y.0253 Z3.307 B6.195 E.03602
G1 X18.7535 Y-.4983 Z3.3012 C49182.793 E.03173
G1 X19.0573 Y-.3816 Z2.7059 B4.401 E.02256
G1 X19.2895 Y-.2463 Z2.7064 E.00894
G1 X19.3718 Y-.1763 Z2.7213 E.00363
G1 X19.4362 Y-.0858 Z2.7467 E.00379
G1 Y.0051 Z2.772 E.00330
G1 Y.129 Z2.8079 E.00441
G1 Y.2687 Z2.8367 E.00478
G1 Y-.3803 Z2.8432 C49185. E.03296
G1 X19.4892 Y.1149 Z2.8496 E.01657
G1 X19.5989 Y-.3658 Z2.2459 C49187.207 B2.627 E.03609
G1 X19.6592 Y.132 Z2.244 E.01668
G1 Y.2481 Z2.228 E.00390
G1 Y.35 Z2.2011 E.00355
G1 Z2.1958 E.00100
G1 X19.5353 Z2.2227 E.00424
G1 X19.4074 Y.2794 Z2.2347 E.00488
G1 X19.3013 Z2.8341 B4.401 E.02025
G1 X18.8902 Y.0429 Z2.8392 E.01578
G1 X18.2434 Y.473 Z3.4321 C49185. B6.195 E.04004
G1 X17.4323 Y.0816 Z4.0289 B8.009 E.03593
G1 X16.7786 Y-.1928 Z4.5981 B9.841 E.03024
G1 X16.0749 Y.1791 Z5.1481 C49182.793 B11.692 E.03820
G1 X15.249 Y-.1657 Z5.6907 B13.56 E.03481
G1 X14.8795 Y.3771 Z6.181 C49180.587 B15.444 E.03326
G1 X14.8006 Z6.1661 E.00284
G1 X14.7165 Y.2829 Z6.1926 E.00429
G1 X13.7979 Y-.0835 Z6.698 B17.345 E.03694
G1 X12.8868 Y.1579 Z7.1726 C49178.385 B19.261 E.03877
G1 X12.1051 Y-.0886 Z7.6152 B21.191 E.03098
G1 X11.4106 Y.255 Z8.0273 C49176.187 B23.134 E.03262
G1 X10.6387 Y.0437 Z8.4176 B25.089 E.02961
G1 X10.3804 Y-.056 Z8.4158 E.00921
G1 X10.0067 Z8.7554 B27.056 E.01681
G1 X9.8613 Y.3512 Z8.7729 C49173.996 E.01910
G1 X9.0569 Y.1612 Z9.1048 B29.032 E.02962
G1 X8.7109 Y.0435 Z9.1025 C49173.997 E.01215
G1 X8.1474 Y-.0304 Z9.3924 C49173.996 B31.018 E.02122
G1 X7.6484 Y.2621 Z9.4041 C49171.814 E.02154
G1 X6.9179 Y.154 Z9.663 B33.011 E.02603
G1 X6.1893 Y.0637 Z9.8916 B35.012 E.02558
G1 X5.7838 Y.3818 Z9.8873 C49169.64 E.01864
G1 X4.9957 Y.2979 Z10.0781 B37.017 E.02711
G1 X4.1817 Y.229 Z10.2334 B39.027 E.02766
G1 X3.3045 Y.1715 Z10.3576 B41.041 E.02953
G1 X2.4733 Z10.4485 B43.056 E.02783
G1 X1.9213 Z10.4374 E.01843
G1 X1.0168 Z10.4856 B45.071 E.03016
G1 X.0211 Z10.4924 B47.086 E.03312
G1 X-.9796 Z10.4687 B49.099 E.03333
G1 X-1.9431 Y.2944 Z10.4082 B51.109 E.03237
G1 X-2.5301 Y.065 Z10.3256 C49171.814 B53.115 E.02138
G1 X-3.7713 Y.2302 Z10.1884 B55.115 E.04190
G1 X-4.7857 Y.1374 Z10.0321 C49173.996 B57.108 E.03481
G1 X-5.4578 Y.2146 Z9.8396 B59.093 E.02339
G1 X-6.3476 Y.1366 Z9.6155 C49176.187 B61.07 E.03168
G1 X-7.1323 Y.2534 Z9.3635 B63.036 E.02768
G1 X-7.3745 Y.1161 Z9.3544 C49178.385 E.01321
G1 X-7.6682 Y.1941 Z9.3482 E.01011
G1 X-8.3746 Y.1079 Z9.0652 C49180.587 B64.991 E.02763
G1 X-9.2443 Y.2449 Z8.7457 B66.933 E.03115
G1 X-10.2298 Z8.398 C49182.793 B68.863 E.03716
G1 X-11.0701 Y.1506 Z8.1885 C49185. B70. E.03226
G1 X-11.3835 Z8.1919 E.01046
G1 X-11.772 Z8.2093 E.01297
G1 X-12.1597 Z8.2436 E.01295
G1 X-12.4612 Z8.2814 E.01023
G1 X-12.8029 Z8.3356 C49182.793 E.02004
G1 X-13.165 Z8.3984 C49180.587 E.02083
G1 X-13.4408 Z8.4598 C49178.385 E.01961
G1 X-13.6905 Z8.5204 C49176.187 E.01949
G1 X-13.9768 Z8.601 C49173.996 E.02034
G1 X-14.2771 Y.0881 Z8.6893 C49171.814 E.02097
G1 X-14.4667 Z8.7449 C49169.64 E.01940
G1 X-14.5826 Z8.7787 C49167.478 E.01878
G1 X-14.7786 Z8.8436 C49165.328 E.01968
G1 X-14.9509 Z8.9038 C49163.192 E.01951
G1 Y.1756 Z8.9122 C49161.072 E.01867
G1 X-15.1551 Z8.9685 C49158.967 E.01983
G1 X-15.2783 Z9.0114 C49156.881 E.01901
G1 X-15.3764 Y.0676 Z9.0498 E.00502
G1 Y.1554 Z9.0601 C49154.813 E.01873
G1 X-15.4874 Y.0755 Z9.087 E.00463
G1 Y.0233 Z9.0963 E.00208
G1 Y.1197 Z9.098 C49152.765 E.01875
G1 X-15.5538 Y.0258 Z9.1051 E.00383
G1 Z9.1053 E.00112
G1 Z9.1044 C49150.739 E.01836
G1 Y-.0479 Z9.1047 E.00245
G1 Z9.1041 C49148.734 E.01811
G1 Y.0058 Z9.104 C49146.752 E.01798
G1 Z9.1057 C49144.793 E.01770
G1 Z9.1067 C49142.858 E.01748
G1 Y-.1084 Z9.1044 E.00380
G1 Y-.0249 Z9.1045 C49140.949 E.01746
G1 Y-.108 Z9.0937 E.00298
G1 X-15.4992 Z9.0858 E.00226
G1 Y-.0541 Z9.0831 C49139.051 E.01718
G1 X-15.3387 Y-.2011 Z9.029 E.00746
G1 Y-.1114 Z9.0249 C49137.142 E.01728
G1 X-15.2034 Y-.2088 Z8.9865 E.00569
G1 X-15.1079 Z8.9547 E.00360
G1 X-15.0191 Z8.9248 E.00344
G1 X-14.9292 Z8.8949 E.00320
G1 X-14.8452 Z8.8689 E.00330
G1 Y-.1319 Z8.8602 E.00276
G1 Y-.2236 Z8.8485 C49139.051 E.01682
G1 X-14.7058 Y-.1329 Z8.8244 E.00559
G1 X-14.5976 Z8.7887 C49140.949 E.01653
G1 X-14.4435 Z8.7433 C49142.858 E.01689
G1 X-14.3462 Z8.712 C49144.793 E.01647
G1 X-14.2461 Z8.6813 C49146.752 E.01663
G1 X-14.0849 Z8.6372 C49148.734 E.01717
G1 X-13.8855 Z8.5842 C49150.739 E.01756
G1 X-13.6947 Z8.5361 C49152.765 E.01739
G1 X-13.5005 Z8.4882 C49154.813 E.01738
G1 X-13.2168 Z8.4235 C49156.881 E.01859
G1 X-12.9413 Z8.3688 C49158.967 E.01825
G1 X-12.6155 Z8.3153 C49161.072 E.01893
G1 X-12.4034 Y-.2018 Z8.2838 C49163.192 E.01700
G1 X-12.1031 Y-.1215 Z8.251 E.01040
G1 X-11.7721 Y-.1978 Z8.221 C49165.328 E.01849
G1 X-11.4826 Z8.2018 E.00976
G1 X-11.0053 Y-.1129 Z8.1951 E.01613
G1 X-10.8299 Y-.2643 Z8.192 C49167.478 E.01556
G1 X-10.6497 Y-.1017 Z8.2019 C49165.328 E.01555
G1 X-10.0496 Y-.2689 Z8.4097 C49167.478 B68.862 E.02519
G1 X-9.323 Y-.1197 Z8.7539 C49165.328 B66.933 E.02958
G1 X-8.5462 Z9.0702 B64.99 E.02792
G1 X-7.4561 Y-.2334 Z9.3665 B63.035 E.03776
G1 X-6.4694 Y-.108 Z9.6403 C49163.192 B61.069 E.03524
G1 X-5.3496 Y-.1898 Z9.8801 B59.093 E.03819
G1 X-4.5226 Z10.0777 B57.108 E.02833
G1 X-3.4645 Y-.3022 Z10.2469 B55.114 E.03583
G1 X-2.5136 Y-.0864 Z10.3862 C49161.072 B53.114 E.03290
G1 X-1.6009 Z10.504 B51.109 E.03061
G1 X-.8782 Z10.5363 B49.099 E.02407
G1 X.2294 Z10.5726 B47.086 E.03686
G1 X1.2198 Y-.3579 Z10.5546 C49163.192 B45.071 E.03420
G1 Y-.0436 Z10.56 C49161.072 E.01057
G1 X1.5298 Y-.3376 Z10.5696 C49163.192 E.01434
G1 X2.4749 Y-.2805 Z10.5201 B43.055 E.03153
G1 X3.222 Z10.4418 B41.04 E.02503
G1 X3.9212 Y-.1786 Z10.308 B39.027 E.02392
G1 X4.8889 Y-.0622 Z10.1592 B37.017 E.03279
G1 X5.2271 Y-.3699 Z10.1538 C49165.328 E.01654
G1 X5.9255 Y-.2903 Z9.9592 B35.011 E.02426
G1 X6.8275 Y-.1438 Z9.737 B33.011 E.03128
G1 X7.3356 Y.0157 Z9.7344 E.01771
G1 X8.0922 Y-.2833 Z9.4645 C49167.478 B31.018 E.03025
G1 X8.8816 Y-.1188 Z9.166 B29.032 E.02860
G1 X9.6377 Y.0541 Z8.8408 B27.055 E.02797
G1 X10.0394 Y-.2647 Z8.8341 C49169.64 E.02121
G1 X10.8144 Y-.0618 Z8.4737 B25.089 E.02922
G1 X11.33 Y.0391 Z8.0975 B23.134 E.02149
G1 X11.497 Y-.3972 Z8.0769 C49171.814 E.02128
G1 X12.2958 Y-.1532 Z7.6597 B21.19 E.03105
G1 X12.7356 Y.0634 Z7.6587 E.01631
G1 X13.4181 Y-.2833 Z7.2108 C49173.997 B19.261 E.03405
G1 X14.1082 Y-.0544 Z6.7528 C49173.996 B17.345 E.02858
G1 X14.4016 Y.1068 Z6.7489 E.01113
G1 X14.7498 Y-.4208 Z6.2484 C49176.187 B15.444 E.03273
G1 X14.8579 Y-.3509 Z6.2287 E.00433
G1 X15.399 Y-.17 Z5.7236 B13.559 E.02534
G1 X15.938 Y.1444 Z5.7027 E.02077
G1 X16.5534 Y-.2727 Z5.1824 C49178.385 B11.691 E.03684
G1 X17.0206 Y-.085 Z4.6172 B9.841 E.02518
G1 X17.6878 Y-.4706 Z4.0504 C49180.587 B8.009 E.03904
G1 X18.4755 Y-.0854 Z3.4595 B6.195 E.03517
G1 X18.7198 Y.0641 Z3.4538 E.00953
G1 X18.9831 Y.1624 Z2.8593 B4.401 E.02187
G1 X19.0973 Y.2326 Z2.8567 E.00446
G1 Y-.4884 Z2.8555 C49182.793 E.03427
G1 X19.2393 Y-.4134 Z2.8622 E.00535
G1 X19.3233 Y-.318 Z2.8851 E.00429
G1 Y-.2064 Z2.9146 E.00416
G1 X19.381 Y-.0924 Z2.9371 E.00431
G1 Y.1763 Z2.988 E.00913
G1 Y-.3469 Z3.0104 C49185. E.03035
G1 Y.2971 Z3.0166 E.02143
G1 Y-.3788 Z3.0167 C49187.207 E.03350
G1 Y-.1145 Z3.0145 E.00894
G1 Y.0011 Z2.9974 E.00418
G1 Y.0831 Z2.9755 E.00308
G1 X19.5032 Z2.3639 B2.627 E.02075
G1 Y.1445 Z2.3455 E.00216
G1 Z2.3532 E.00114
G1 X19.3621 Z2.961 B4.401 E.02076
G1 X19.2538 Y.0905 Z2.9786 E.00407
G1 X18.9983 Y-.0473 Z2.9831 E.00965
G1 X18.3006 Y.3566 Z3.5801 C49185. B6.195 E.04078
G1 X17.4966 Y-.0284 Z4.1779 B8.009 E.03570
G1 X16.9694 Y.4455 Z4.7432 C49182.793 B9.841 E.03718
G1 X16.1317 Y.0714 Z5.3015 B11.692 E.03572
G1 X15.2488 Y.3272 Z5.8487 C49180.587 B13.56 E.04059
G1 X14.8604 Y.2403 Z6.3363 B15.444 E.02093
G1 X14.7275 Y.157 Z6.3554 E.00526
G1 X13.9248 Y-.1444 Z6.8562 B17.345 E.03303
G1 X13.0126 Y.1036 Z7.3347 C49178.385 B19.261 E.03897
G1 X12.1486 Y.3673 Z7.782 C49176.187 B21.191 E.03694
G1 X11.3299 Y.1155 Z8.2038 B23.134 E.03176
G1 X10.5203 Y.4087 Z8.5923 C49173.997 B25.089 E.03415
G1 X10.3337 Y.3354 Z8.5875 C49173.996 E.00667
G1 X9.8697 Y.2652 Z8.9505 B27.056 E.01973
G1 X9.0854 Y.0888 Z9.2834 B29.032 E.02894
G1 X8.5878 Y.3886 Z9.281 C49171.814 E.02218
G1 X7.7515 Y.2232 Z9.585 B31.018 E.03010
G1 X6.9127 Y.0874 Z9.8486 B33.011 E.02959
G1 X6.255 Y.016 Z10.0783 B35.012 E.02329
G1 X5.8823 Y.3481 Z10.0732 C49169.64 E.01819
G1 X5.0397 Y.2537 Z10.2674 B37.017 E.02893
G1 X4.1986 Y.1821 Z10.4241 B39.027 E.02856
G1 X3.2908 Y.1248 Z10.5475 B41.041 E.03053
G1 X2.4532 Z10.6382 B43.056 E.02804
G1 X1.9617 Z10.6283 E.01641
G1 X1.0508 Z10.6768 B45.071 E.03037
G1 X.0299 Z10.6837 B47.086 E.03396
G1 X-1.0122 Y.1811 Z10.6568 B49.099 E.03472
G1 X-1.7726 Z10.6028 B51.109 E.02540
G1 X-2.5898 Y.2872 Z10.5074 B53.115 E.02759
G1 X-3.5919 Y.1362 Z10.384 C49171.814 B55.115 E.03426
G1 X-4.486 Y.2413 Z10.2207 B57.108 E.03043
G1 X-5.485 Y.149 Z10.0232 C49173.996 B59.093 E.03471
G1 X-6.3739 Y.2743 Z9.7908 B61.07 E.03084
G1 X-7.1416 Y.1685 Z9.5371 C49176.187 B63.036 E.02860
G1 X-8.3033 Z9.2338 C49178.385 B64.991 E.04132
G1 X-9.2093 Z8.9107 C49180.587 B66.933 E.03412
G1 X-9.8378 Z8.5745 B68.863 E.02372
G1 X-10.2085 Y.0916 Z8.556 C49182.793 E.01816
G1 X-10.7811 Y.1508 Z8.3378 B70. E.02048
G1 X-11.2127 Z8.332 E.01443
G1 X-11.5838 Y.2067 Z8.3387 E.01248
G1 X-11.9483 Z8.3618 E.01216
G1 X-12.3064 Y.1416 Z8.3989 E.01217
G1 X-12.66 Y.2021 Z8.4537 C49180.587 E.02021
G1 X-12.9412 Y.1121 Z8.5076 E.00998
G1 X-13.305 Z8.5883 C49178.385 E.02105
G1 X-13.5493 Z8.6528 C49176.187 E.01923
G1 X-13.6771 Y.1938 Z8.6827 C49173.996 E.01814
G1 X-13.9864 Y.1412 Z8.7801 C49171.814 E.02081
G1 X-14.1938 Z8.8434 C49169.64 E.01931
G1 X-14.45 Z8.9251 C49167.478 E.02029
G1 X-14.6423 Y.0769 Z8.991 C49165.328 E.01960
G1 X-14.7057 Y.1596 Z9.0102 C49163.192 E.01857
G1 X-14.9327 Y.0987 Z9.0921 C49161.072 E.02015
G1 X-15.085 Z9.146 C49158.967 E.01920
G1 X-15.1924 Z9.1846 C49156.881 E.01881
G1 Z9.1992 E.00138
G1 X-15.2695 Y.1843 Z9.2097 C49154.813 E.01873
G1 X-15.4036 Y.0505 Z9.2624 E.00654
G1 Y.1554 Z9.2647 C49152.765 E.01865
G1 X-15.4632 Y.0846 Z9.2805 E.00312
G1 Y-.0001 Z9.2885 E.00292
G1 Y.0917 Z9.2883 C49150.739 E.01846
G1 Y-.0173 Z9.2894 E.00372
G1 Y.0351 Z9.2888 C49148.734 E.01810
G1 Z9.2898 C49146.752 E.01781
G1 Z9.2901 C49144.793 E.01764
G1 Y-.0522 Z9.2896 E.00302
G1 Z9.2909 C49142.858 E.01746
G1 Z9.2895 E.00159
G1 Z9.2897 C49140.949 E.01720
G1 Z9.2801 E.00161
G1 Y-.146 Z9.2715 E.00326
G1 X-15.408 Y-.0591 Z9.265 C49139.051 E.01732
G1 X-15.248 Y-.221 Z9.2043 E.00783
G1 Y-.1139 Z9.2045 C49137.142 E.01728
G1 X-15.1161 Y-.2106 Z9.1638 E.00560
G1 X-15.0158 Z9.1303 E.00367
G1 X-14.9321 Z9.1023 E.00309
G1 X-14.8411 Z9.0726 E.00319
G1 X-14.7433 Y-.1161 Z9.0434 E.00463
G1 Z9.0388 E.00077
G1 Y-.2047 Z9.0297 C49139.051 E.01664
G1 X-14.6641 Y-.1539 Z9.0158 E.00316
G1 X-14.5244 Z8.971 C49140.949 E.01674
G1 X-14.3651 Z8.9255 C49142.858 E.01691
G1 X-14.2449 Z8.8874 C49144.793 E.01657
G1 X-14.1368 Z8.8546 C49146.752 E.01651
G1 X-13.9362 Z8.8003 C49148.734 E.01748
G1 X-13.7601 Z8.753 C49150.739 E.01714
G1 X-13.6153 Z8.7145 C49152.765 E.01678
G1 X-13.3987 Z8.659 C49154.813 E.01759
G1 X-13.128 Z8.5977 C49156.881 E.01827
G1 X-12.8538 Z8.5413 C49158.967 E.01815
G1 X-12.5122 Z8.486 C49161.072 E.01916
G1 X-12.3221 Z8.4637 E.00646
G1 X-12.0364 Z8.425 C49163.192 E.01768
G1 X-11.7238 Z8.4037 E.01047
G1 X-11.5167 Y-.2408 Z8.3836 C49165.328 E.01613
G1 X-11.1486 Z8.3751 E.01232
G1 X-10.6298 Y-.1748 Z8.3822 E.01739
G1 X-10.0271 Z8.5989 B68.862 E.02130
G1 X-9.1145 Z8.9457 B66.933 E.03248
G1 X-8.1504 Y-.2525 Z9.2723 B64.99 E.03396
G1 X-7.1904 Y-.1147 Z9.5747 C49163.192 B63.035 E.03494
G1 X-6.3819 Z9.8392 B61.069 E.02834
G1 X-5.5281 Y-.2121 Z10.063 B59.093 E.02954
G1 X-4.3634 Y-.2897 Z10.2787 B57.108 E.03948
G1 X-3.65 Z10.4339 B55.114 E.02430
G1 X-2.8463 Y-.0972 Z10.5671 C49161.072 B53.114 E.02806
G1 X-2.0089 Z10.6649 B51.109 E.02805
G1 X-1.6881 Z10.698 E.01076
G1 X-.8319 Z10.7331 B49.099 E.02851
G1 X.3807 Z10.7698 B47.086 E.04035
G1 X1.4208 Z10.7621 B45.071 E.03463
G1 X1.9909 Y-.3583 Z10.7038 C49163.192 B43.055 E.02109
G1 X2.9058 Y-.3037 Z10.62 B41.04 E.03061
G1 X3.1653 Z10.6332 E.00871
G1 X3.9785 Y-.2016 Z10.5016 B39.027 E.02761
G1 X4.9614 Y-.0825 Z10.3522 B37.017 E.03330
G1 X5.4478 Y-.3616 Z10.3492 C49165.328 E.01984
G1 X6.3255 Y-.2328 Z10.1558 B35.011 E.03020
G1 X7.1912 Y-.0836 Z9.9241 B33.011 E.03022
G1 X7.9259 Y-.3977 Z9.6531 C49167.478 B31.018 E.02976
G1 X8.705 Y-.2484 Z9.3564 B29.032 E.02817
G1 X9.1963 Y-.0634 Z9.3492 E.01746
G1 X9.9741 Y-.3686 Z9.0199 C49169.64 B27.055 E.03239
G1 X10.7951 Y-.1523 Z8.6535 B25.089 E.03076
G1 X11.3328 Y-.0484 Z8.2815 B23.134 E.02202
G1 X11.5732 Y.0731 Z8.2559 E.00900
G1 X12.3684 Y-.2159 Z7.8363 C49171.814 B21.19 E.03508
G1 X12.6694 Y-.0703 Z7.8353 E.01112
G1 X13.5854 Y-.3046 Z7.3806 C49173.996 B19.261 E.03891
G1 X14.2893 Y-.0715 Z6.9233 B17.345 E.02898
G1 X14.7975 Y.0922 Z6.4216 B15.444 E.02437
G1 X14.9321 Y-.4314 Z6.3946 C49176.187 E.02617
G1 X15.6536 Y-.1502 Z5.8775 B13.559 E.03097
G1 X16.1875 Y.0513 Z5.3419 B11.691 E.02603
G1 X16.5932 Y-.3809 Z5.3417 C49178.385 E.02894
G1 X17.0392 Y-.2116 Z4.7774 B9.841 E.02458
G1 X17.9182 Y-.48 Z4.2013 C49180.587 B8.009 E.04274
G1 X18.5955 Y-.157 Z3.6097 B6.195 E.03178
G1 X18.7253 Y-.0773 Z3.6059 E.00507
G1 X18.9267 Y-.0203 Z3.0131 B4.401 E.02091
G1 X19.125 Y.1057 Z3.012 E.00781
G1 X19.1889 Y.1665 Z3.0221 E.00295
G1 X19.2494 Y.2576 Z3.0433 E.00370
G1 Z3.0516 E.00124
G1 Y-.4485 Z3.0533 C49182.793 E.03405
G1 Y-.3558 Z3.0717 E.00335
G1 Y-.1559 Z3.097 E.00679
G1 Y.2804 Z3.1752 E.01474
G1 Y.0742 Z3.1825 C49185. E.02561
G1 Y.3963 Z3.1787 E.01080
G1 Y-.3282 Z3.1764 C49187.207 E.03451
G1 Y-.1737 Z3.1424 E.00534
G1 Y-.0795 Z3.0998 E.00345
G1 X19.1472 Z3.1234 E.00373
G1 X18.9869 Y-.2013 Z3.1306 E.00670
G1 X18.8785 Y.4788 Z3.1316 C49185. E.03332
G1 X18.1396 Y.116 Z3.7377 B6.195 E.03400
G1 X17.5969 Y-.1167 Z4.3252 B8.009 E.02770
G1 X16.7335 Y.1699 Z4.9075 C49182.793 B9.841 E.04184
G1 X16.0272 Y-.124 Z5.4649 B11.692 E.03148
G1 X15.2592 Y.2025 Z6.0068 C49180.587 B13.56 E.03843
G1 X14.9256 Y.1447 Z6.4976 B15.444 E.01983
G1 X14.7678 Y.05 Z6.5158 E.00615
G1 X14.1269 Y.4382 Z7.0111 C49178.385 B17.345 E.03491
G1 X13.6889 Y.2029 Z7.033 E.01655
G1 X12.9126 Y-.0598 Z7.5079 B19.261 E.03150
G1 X12.2796 Y.3236 Z7.9479 C49176.187 B21.191 E.03265
G1 X11.4131 Y.0515 Z8.3747 B23.134 E.03338
G1 X10.5466 Y.3273 Z8.7688 C49173.996 B25.089 E.03559
G1 X10.3596 Y.2532 Z8.768 E.00669
G1 X9.8802 Y.1826 Z9.1291 B27.056 E.02010
G1 X9.487 Y.0334 Z9.1421 C49173.997 E.01399
G1 X8.8003 Y.3868 Z9.4603 C49171.814 B29.032 E.02994
G1 X8.1203 Y.2691 Z9.7603 B31.018 E.02503
G1 X7.6658 Y.1297 Z9.7711 E.01582
G1 X6.8748 Y.0142 Z10.0349 B33.011 E.02800
G1 X6.1293 Y.3479 Z10.2615 C49169.64 B35.012 E.02924
G1 X5.7566 Y.2672 Z10.2648 E.01268
G1 X4.933 Y.1857 Z10.4564 B37.017 E.02825
G1 X4.177 Y.1318 Z10.6145 B39.027 E.02575
G1 X3.3639 Z10.7379 B41.041 E.02740
G1 X3.0047 Y.0592 Z10.7373 E.01219
G1 X2.0891 Z10.8202 B43.056 E.03058
G1 X1.1058 Z10.8697 B45.071 E.03275
G1 X.0341 Z10.876 B47.086 E.03565
G1 X-1.0027 Y.1361 Z10.848 B49.099 E.03459
G1 X-1.9839 Y.2072 Z10.7876 B51.109 E.03278
G1 X-2.8272 Y.2729 Z10.6928 B53.115 E.02831
G1 X-3.7621 Y.1086 Z10.5667 C49171.814 B55.115 E.03220
G1 X-4.7722 Y.2352 Z10.3978 B57.108 E.03432
G1 X-5.5127 Y.0832 Z10.2055 C49173.996 B59.093 E.02687
G1 X-6.701 Y.2726 Z9.9526 B61.07 E.04090
G1 X-7.3229 Y.122 Z9.7081 C49176.187 B63.036 E.02461
G1 X-8.2731 Y.0674 Z9.4065 C49178.385 B64.991 E.03485
G1 X-9.1822 Y.1984 Z9.0731 B66.933 E.03250
G1 X-10.2512 Z8.7086 C49180.587 B68.863 E.03981
G1 X-10.938 Z8.4828 B70. E.02405
G1 X-11.2702 Y.0709 Z8.4826 C49182.793 E.01866
G1 X-11.5346 Z8.4857 E.00880
G1 X-11.9074 Y.2198 Z8.5012 C49180.587 E.02028
G1 X-12.261 Y.1692 Z8.5383 E.01195
G1 X-12.6672 Z8.6064 C49178.385 E.02127
G1 X-12.9737 Y.1073 Z8.6725 E.01063
G1 X-13.2528 Z8.7377 C49176.187 E.01943
G1 X-13.5353 Z8.8185 C49173.996 E.01982
G1 X-13.6167 Y.2349 Z8.8366 C49171.814 E.01798
G1 X-13.9375 Y.1784 Z8.9438 C49169.64 E.02096
G1 X-14.1316 Z9.0055 C49167.478 E.01899
G1 X-14.3808 Z9.09 C49165.328 E.01999
G1 X-14.6077 Y.1129 Z9.1729 C49163.192 E.01993
G1 X-14.7668 Z9.2325 C49161.072 E.01903
G1 X-14.9643 Z9.304 C49158.967 E.01960
G1 X-15.0623 Z9.3389 C49156.881 E.01858
G1 X-15.1681 Y.1691 Z9.3772 C49154.813 E.01868
G1 X-15.298 Y.041 Z9.4293 E.00631
G1 Y.1536 Z9.4351 C49152.765 E.01859
G1 X-15.3763 Y.0835 Z9.4562 E.00356
G1 Y.0009 Z9.4693 E.00300
G1 Y.1067 Z9.4705 C49150.739 E.01847
G1 Y-.0475 Z9.4732 E.00535
G1 Y.0044 Z9.4728 C49148.734 E.01804
G1 Y.0576 Z9.473 C49146.752 E.01784
G1 Y-.0648 Z9.4737 E.00434
G1 Z9.4742 C49144.793 E.01756
G1 Z9.4735 E.00171
G1 Z9.4751 C49142.858 E.01738
G1 Z9.4734 E.00213
G1 Z9.4737 C49140.949 E.01715
G1 Z9.4645 E.00143
G1 Y-.1835 Z9.4452 E.00417
G1 Y-.0626 Z9.4474 C49139.051 E.01747
G1 X-15.1599 Y-.2384 Z9.3807 E.00954
G1 Y-.123 Z9.3817 C49137.142 E.01724
G1 X-15.0553 Y-.1965 Z9.3499 E.00438
G1 X-14.9615 Z9.3187 E.00347
G1 X-14.8768 Z9.2904 E.00318
G1 X-14.7947 Z9.2636 E.00288
G1 X-14.7121 Y-.1434 Z9.2387 E.00337
G1 Y-.2411 Z9.2247 C49139.051 E.01666
G1 X-14.6184 Y-.1713 Z9.2073 E.00393
G1 X-14.4568 Z9.1559 C49140.949 E.01694
G1 X-14.3086 Z9.113 C49142.858 E.01673
G1 X-14.1948 Z9.0759 C49144.793 E.01644
G1 X-14.0779 Z9.04 C49146.752 E.01653
G1 X-13.8343 Z8.9742 C49148.734 E.01804
G1 X-13.6467 Z8.924 C49150.739 E.01719
G1 X-13.4494 Z8.8721 C49152.765 E.01724
G1 X-13.2104 Z8.8115 C49154.813 E.01774
G1 X-12.9837 Z8.7609 C49156.881 E.01740
G1 X-12.8677 Y-.1153 Z8.7379 E.00435
G1 X-12.7068 Y-.1925 Z8.7071 C49158.967 E.01653
G1 X-12.4327 Z8.6599 C49161.072 E.01785
G1 X-12.1604 Z8.6288 E.00921
G1 X-11.9174 Z8.5984 C49163.192 E.01686
G1 X-11.5078 Z8.5695 E.01369
G1 X-11.1569 Y-.1165 Z8.5624 E.01194
G1 X-10.6714 Y-.2511 Z8.563 C49165.328 E.02135
G1 X-10.0587 Z8.7821 B68.862 E.02164
G1 X-9.1443 Z9.1307 B66.933 E.03255
G1 X-8.1411 Y-.1153 Z9.4681 C49163.192 B64.99 E.03690
G1 X-7.1853 Z9.7668 B63.035 E.03335
G1 X-6.3651 Y-.2092 Z10.0314 B61.069 E.02883
G1 X-5.3895 Y-.2661 Z10.2638 B59.093 E.03341
G1 X-4.4204 Y-.3215 Z10.4699 B57.108 E.03300
G1 X-3.7284 Y-.0969 Z10.6298 C49161.072 B55.114 E.02520
G1 X-2.581 Z10.7718 B53.114 E.03847
G1 X-1.9094 Z10.8701 B51.109 E.02263
G1 X-1.6745 Y-.1478 Z10.894 E.00803
G1 X-.9041 Z10.9258 B49.099 E.02565
G1 X.2399 Z10.962 B47.086 E.03807
G1 X1.3043 Y-.081 Z10.9531 B45.071 E.03547
G1 X2.3419 Y-.3524 Z10.9041 C49163.192 B43.055 E.03583
G1 X3.0358 Z10.8232 B41.04 E.02326
G1 X3.3028 Y-.2806 Z10.8285 E.00920
G1 X3.9904 Z10.6961 B39.027 E.02335
G1 X4.9572 Y-.1188 Z10.5459 B37.017 E.03299
G1 X5.4463 Y-.0014 Z10.5448 E.01673
G1 X6.0496 Y-.3494 Z10.3438 C49165.328 B35.011 E.02525
G1 X6.939 Y-.2095 Z10.1154 B33.011 E.03090
G1 X7.7607 Y-.0648 Z9.8513 B31.018 E.02911
G1 X8.2034 Y-.3661 Z9.8407 C49167.478 E.02055
G1 X9.0278 Y-.1948 Z9.5387 B29.032 E.02975
G1 X9.8163 Y-.0151 Z9.2086 B27.055 E.02905
G1 X10.5102 Y-.3537 Z8.8446 C49169.64 B25.089 E.03131
G1 X10.871 Y-.2018 Z8.8381 E.01302
G1 X11.3945 Y-.1064 Z8.4604 B23.134 E.02171
G1 X11.6357 Y.0158 Z8.4345 E.00903
G1 X12.4011 Y-.2961 Z8.0131 C49171.814 B21.19 E.03460
G1 X13.2022 Y-.0343 Z7.5687 B19.261 E.03169
G1 X13.9719 Y-.3425 Z7.0903 C49173.997 B17.345 E.03643
G1 X14.3929 Y-.1278 Z7.0923 C49173.996 E.01572
G1 X14.8773 Y.0203 Z6.5867 B15.444 E.02380
G1 X14.9959 Y.1013 Z6.5637 E.00484
G1 X15.5331 Y-.3432 Z6.0507 C49176.187 B13.559 E.03492
G1 X16.3148 Y-.0044 Z5.5025 B11.691 E.03370
G1 X16.8815 Y-.4465 Z4.9576 C49178.385 B9.841 E.03694
G1 X17.2213 Y-.2401 Z4.9317 E.01325
G1 X18.0017 Y.1333 Z4.3573 B8.009 E.03454
G1 X18.4556 Y-.3853 Z3.7702 C49180.587 B6.195 E.03826
G1 X18.75 Y-.2079 Z3.7598 E.01144
G1 X18.9205 Z3.1676 B4.401 E.02053
G1 X19.0477 Y-.0886 Z3.166 E.00580
G1 X19.1092 Y-.029 Z3.1765 E.00287
G1 X19.1667 Y.0609 Z3.1979 E.00362
G1 Y.1675 Z3.221 E.00377
G1 Y.3013 Z3.2389 E.00460
G1 Z3.2414 E.00131
G1 Y-.3725 Z3.2459 C49182.793 E.03325
G1 Y-.21 Z3.2643 E.00547
G1 Y.2532 Z3.3394 E.01563
G1 Y-.2248 Z3.3495 C49185. E.02926
G1 Y.1407 Z3.3469 E.01216
G1 Y.2591 Z3.3309 E.00399
G1 Y.3843 Z3.29 E.00455
G1 X19.1071 Y.4434 Z3.2574 E.00299
G1 X18.9954 Z3.2769 E.00409
G1 X18.7678 Y.2669 Z3.2838 E.00958
G1 X18.134 Y-.0347 Z3.8907 B6.195 E.03086
G1 X17.637 Y.4628 Z4.4757 C49182.793 B8.009 E.03790
G1 X16.8424 Y.0907 Z5.0581 B9.841 E.03503
G1 X16.2841 Y-.1184 Z5.6088 B11.692 E.02699
G1 X15.379 Y.135 Z6.1639 C49180.587 B13.56 E.04130
G1 X14.9705 Y.038 Z6.6624 B15.444 E.02168
G1 X14.7529 Y-.0856 Z6.6809 E.00835
G1 X13.8336 Y.1592 Z7.1919 C49178.385 B17.345 E.04003
G1 X12.9314 Y.406 Z7.6749 C49176.187 B19.261 E.03871
G1 X12.1796 Y.1687 Z8.1254 B21.191 E.03020
G1 X11.4102 Y-.0492 Z8.5494 B23.134 E.03011
G1 X10.5283 Y.2298 Z8.9459 C49173.996 B25.089 E.03605
G1 X10.4009 Y.1795 Z8.9458 E.00456
G1 X9.9168 Y.1108 Z9.3074 C49173.997 B27.056 E.02023
G1 X9.0908 Y-.0703 Z9.6442 C49173.996 B29.032 E.03028
G1 X8.5975 Y.2427 Z9.6488 C49171.814 E.02228
G1 X7.7495 Y.0857 Z9.9549 B31.018 E.03044
G1 X7.0987 Y.0067 Z10.2191 B33.011 E.02351
G1 X6.7306 Y.3496 Z10.2216 C49169.64 E.01877
G1 X5.8857 Y.2403 Z10.4509 B35.012 E.02934
G1 X5.021 Y.1498 Z10.6462 B37.017 E.02964
G1 X4.1892 Y.0867 Z10.8049 B39.027 E.02824
G1 X3.3824 Z10.9304 B41.041 E.02720
G1 X3.024 Y.0169 Z10.9284 E.01214
G1 X2.3786 Z11.0186 B43.056 E.02168
G1 X1.4826 Y.3366 Z11.066 C49167.478 B45.071 E.03174
G1 X1.0416 Z11.0551 E.01467
G1 X.0166 Y.0359 Z11.0688 C49169.64 B47.086 E.03553
G1 X-.9972 Y.0906 Z11.0416 B49.099 E.03378
G1 X-1.9769 Y.1592 Z10.9792 B51.109 E.03273
G1 X-2.8147 Y.222 Z10.8836 B53.115 E.02812
G1 X-3.7111 Y.3002 Z10.7521 B55.115 E.03025
G1 X-4.6137 Y.1403 Z10.5904 C49171.814 B57.108 E.03150
G1 X-5.5431 Y.2528 Z10.3842 B59.093 E.03189
G1 X-5.788 Y.0711 Z10.3728 C49173.996 E.01252
G1 X-6.4554 Y.1393 Z10.1507 B61.07 E.02351
G1 X-7.3335 Y.254 Z9.8759 B63.036 E.03084
G1 X-8.5662 Z9.5549 C49176.187 B64.991 E.04375
G1 X-9.4729 Y.1474 Z9.2238 C49178.385 B66.933 E.03449
G1 X-10.338 Y.2344 Z8.8572 B68.863 E.03138
G1 X-10.9515 Y.0988 Z8.6354 C49180.587 B70. E.02621
G1 X-11.3754 Z8.6303 E.01412
G1 X-11.7573 Z8.6435 E.01271
G1 X-12.1408 Y.2226 Z8.6716 C49178.385 E.02053
G1 X-12.4181 Y.1589 Z8.7164 E.00958
G1 X-12.7663 Z8.7806 C49176.187 E.02016
G1 X-13.0475 Y.0934 Z8.8509 E.00988
G1 X-13.1769 Y.1868 Z8.8853 C49173.996 E.01762
G1 X-13.4383 Z8.9595 C49171.814 E.01928
G1 X-13.752 Z9.067 C49169.64 E.02058
G1 X-14.0653 Y.1063 Z9.1747 C49167.478 E.02098
G1 X-14.3072 Z9.2597 C49165.328 E.01981
G1 X-14.4983 Z9.3312 C49163.192 E.01924
G1 X-14.5673 Y.1658 Z9.3546 C49161.072 E.01820
G1 X-14.7758 Z9.4325 C49158.967 E.01954
G1 X-14.961 Y.1108 Z9.5051 C49156.881 E.01937
G1 X-15.0507 Y.1702 Z9.5368 C49154.813 E.01845
G1 X-15.1733 Y.0501 Z9.588 E.00596
G1 Y.1725 Z9.5927 C49152.765 E.01851
G1 X-15.2822 Y.0828 Z9.6283 E.00484
G1 X-15.3335 Y-.0105 Z9.6496 E.00361
G1 Y.1032 Z9.6517 C49150.739 E.01843
G1 Y.0153 Z9.6579 E.00301
G1 Y-.039 Z9.6576 E.00194
G1 Y.0418 Z9.6573 C49148.734 E.01806
G1 Y-.0334 Z9.6579 E.00260
G1 Z9.6586 C49146.752 E.01766
G1 Z9.659 C49144.793 E.01745
G1 Y-.1016 Z9.6576 E.00237
G1 Y-.0338 Z9.6593 C49142.858 E.01738
G1 Y-.1191 Z9.6576 E.00291
G1 Y-.0231 Z9.6581 C49140.949 E.01730
G1 Y-.1089 Z9.6485 E.00289
G1 Y-.1718 Z9.6341 E.00267
G1 X-15.2639 Y-.0639 Z9.6302 C49139.051 E.01735
G1 X-15.0981 Y-.2295 Z9.5671 E.00807
G1 Y-.1191 Z9.5633 C49137.142 E.01715
G1 X-14.9789 Y-.1904 Z9.5308 E.00474
G1 X-14.8801 Z9.4979 E.00361
G1 X-14.7873 Z9.4672 E.00336
G1 X-14.6964 Z9.4386 E.00321
G1 X-14.6455 Y-.1336 Z9.4235 E.00259
G1 Y-.2401 Z9.4104 C49139.051 E.01664
G1 X-14.5403 Y-.1562 Z9.3885 E.00454
G1 X-14.3942 Z9.3421 C49140.949 E.01667
G1 X-14.2626 Z9.303 C49142.858 E.01645
G1 X-14.1524 Z9.2662 C49144.793 E.01640
G1 X-13.893 Z9.1943 C49146.752 E.01822
G1 X-13.7814 Z9.1604 C49148.734 E.01633
G1 X-13.5052 Z9.0881 C49150.739 E.01841
G1 X-13.2776 Z9.0282 C49152.765 E.01751
G1 X-13.0447 Z8.9714 C49154.813 E.01745
G1 X-12.7517 Z8.909 C49156.881 E.01827
G1 X-12.4306 Z8.8531 C49158.967 E.01855
G1 X-12.2768 Z8.834 E.00536
G1 X-11.9577 Z8.7892 C49161.072 E.01813
G1 X-11.6631 Z8.7705 E.00995
G1 X-11.4023 Y-.2224 Z8.748 C49163.192 E.01666
G1 X-10.9794 Y-.1715 Z8.7451 E.01417
G1 X-10.219 Z8.9665 B68.862 E.02637
G1 X-9.2888 Z9.3176 B66.933 E.03309
G1 X-8.4222 Z9.6442 B64.99 E.03081
G1 X-7.3712 Z9.9468 B63.035 E.03639
G1 X-6.2615 Y-.2625 Z10.2284 B61.069 E.03820
G1 X-5.3545 Z10.4585 B59.093 E.03116
G1 X-4.5557 Y-.1006 Z10.6626 C49161.072 B57.108 E.02850
G1 X-3.4651 Z10.8365 B55.114 E.03675
G1 X-2.4717 Y-.1612 Z10.973 B53.114 E.03341
G1 X-1.6449 Z11.089 B51.109 E.02777
G1 X-.8404 Z11.1236 B49.099 E.02678
G1 X.3328 Z11.1596 B47.086 E.03905
G1 X1.3479 Y-.0981 Z11.1492 B45.071 E.03383
G1 X2.4222 Y-.3711 Z11.1001 C49163.192 B43.055 E.03703
G1 X3.2288 Z11.0241 B41.04 E.02700
G1 X3.9542 Y-.2683 Z10.8897 B39.027 E.02478
G1 X4.9303 Y-.159 Z10.7394 B37.017 E.03305
G1 X5.9003 Y-.0191 Z10.5393 B35.011 E.03327
G1 X6.2312 Y-.3475 Z10.5374 C49165.328 E.01733
G1 X7.0499 Y-.2258 Z10.3063 B33.011 E.02858
G1 X7.9878 Y-.0414 Z10.0355 B31.018 E.03304
G1 X8.8963 Y-.3071 Z9.7281 C49167.478 B29.032 E.03492
G1 X9.782 Y-.0987 Z9.3946 B27.055 E.03223
G1 X10.5804 Y-.4031 Z9.0259 C49169.64 B25.089 E.03368
G1 X10.9228 Y-.2602 Z9.0213 E.01234
G1 X11.4082 Y-.1852 Z8.6434 B23.134 E.02061
G1 X11.7063 Y-.0382 Z8.6142 E.01110
G1 X12.4428 Y-.3715 Z8.1901 C49171.814 B21.19 E.03419
G1 X13.1247 Y-.1755 Z7.749 B19.261 E.02779
G1 X13.9854 Y-.4447 Z7.2632 C49173.996 B17.345 E.03840
G1 X14.702 Y-.2018 Z6.7786 B15.444 E.02988
G1 X14.9678 Y-.0428 Z6.7504 E.01034
G1 X15.0874 Y.0352 Z6.7314 E.00479
G1 X15.6018 Y-.4277 Z6.2154 C49176.187 B13.559 E.03491
G1 X16.3784 Y-.0968 Z5.665 B11.691 E.03352
G1 X16.9472 Y.1285 Z5.118 B9.841 E.02730
G1 X17.2745 Y-.3438 Z5.0908 C49178.385 E.02919
G1 X18.0193 Y.0039 Z4.514 B8.009 E.03340
G1 X18.4828 Y.2057 Z3.9266 B6.195 E.02578
G1 X18.5801 Y-.4556 Z3.9218 C49180.587 E.03254
G1 X18.8234 Y-.3047 Z3.9151 E.00952
G1 X18.9641 Z3.3244 B4.401 E.02020
G1 X19.0259 Y-.229 Z3.3319 E.00326
G1 X19.0816 Y-.1453 Z3.3496 E.00339
G1 Y-.0402 Z3.373 E.00375
G1 Y.0682 Z3.3882 E.00384
G1 Y.3032 Z3.4107 E.00787
G1 Y-.329 Z3.4218 C49182.793 E.03224
G1 Y-.1766 Z3.4414 E.00511
G1 Y.1828 Z3.5041 E.01220
G1 Y-.3691 Z3.5162 C49185. E.03061
G1 Y-.0611 Z3.5138 E.01031
G1 Y.0407 Z3.4956 E.00381
G1 X19.0032 Y.1557 Z3.4518 E.00485
G1 Y.2234 Z3.4127 E.00274
G1 X18.8569 Y.169 Z3.4288 E.00522
G1 X18.7935 Z3.4331 E.00245
G1 X18.5732 Y.0744 Z4.0221 B6.195 E.02115
G1 X18.3726 Y-.0435 Z4.0315 E.00775
G1 X17.7496 Y.3862 Z4.6251 C49182.793 B8.009 E.03925
G1 X17.1596 Y.1329 Z5.2011 B9.841 E.02869
G1 X16.374 Y.4623 Z5.7621 C49180.587 B11.691 E.03989
G1 X15.5533 Y.1005 Z6.317 B13.56 E.03508
G1 X15.0196 Y-.0636 Z6.8256 B15.444 E.02512
G1 X14.5987 Y.322 Z6.8545 C49178.385 E.02664
G1 X13.6943 Y-.0308 Z7.3696 B17.345 E.03655
G1 X12.9099 Y.2846 Z7.8483 C49176.187 B19.261 E.03627
G1 X12.081 Y.0185 Z8.3059 B21.191 E.03271
G1 X11.3938 Y.3818 Z8.7247 C49173.996 B23.134 E.03275
G1 X10.5261 Y.1406 Z9.1229 B25.089 E.03275
G1 X10.4096 Z9.1289 C49173.997 E.00419
G1 X9.5574 Y.3888 Z9.4978 C49171.814 B27.055 E.03419
G1 X8.8079 Y.2395 Z9.8293 B29.032 E.02771
G1 X8.0221 Y.099 Z10.1313 B31.018 E.02839
G1 X7.2435 Y-.019 Z10.404 B33.011 E.02772
G1 X6.8176 Y.3145 Z10.4074 C49169.64 E.01995
G1 X6.0916 Y.2307 Z10.6388 B35.012 E.02550
G1 X5.2846 Y.146 Z10.8371 B37.017 E.02778
G1 X4.8174 Y.0711 Z10.8358 E.01574
G1 X4.0382 Z10.996 B39.027 E.02651
G1 X3.3065 Y-.0075 Z11.1212 B41.041 E.02483
G1 X2.3963 Y.3232 Z11.207 C49167.478 B43.055 E.03248
G1 X1.9056 Z11.2006 E.01634
G1 X1.0855 Z11.2502 B45.071 E.02734
G1 X.1467 Z11.2571 B47.086 E.03123
G1 X-1.0074 Y.0474 Z11.2305 C49169.64 B49.099 E.03950
G1 X-1.8023 Z11.1738 B51.109 E.02655
G1 X-2.681 Y.1547 Z11.0738 B53.115 E.02963
G1 X-3.6941 Y.2454 Z10.9418 B55.115 E.03412
G1 X-4.6177 Y.0778 Z10.7778 C49171.814 B57.108 E.03222
G1 X-5.57 Y.1904 Z10.5675 B59.093 E.03265
G1 X-5.727 Z10.5557 E.00534
G1 X-6.4282 Y.0547 Z10.3334 C49173.996 B61.07 E.02618
G1 X-7.1321 Y.1285 Z10.0721 B63.036 E.02509
G1 X-7.5247 Y.2085 Z10.0474 E.01335
G1 X-8.2756 Y.0783 Z9.75 C49176.187 B64.991 E.02917
G1 X-9.2335 Y.1978 Z9.403 B66.933 E.03412
G1 X-9.8976 Y.2505 Z9.0545 B68.863 E.02501
G1 X-10.2486 Y.1116 Z9.0269 C49178.385 E.01815
G1 X-10.9894 Z8.7908 B70. E.02591
G1 X-11.3793 Y.1721 Z8.783 E.01312
G1 X-11.693 Z8.7921 E.01045
G1 X-11.9495 Z8.8092 E.00866
G1 X-12.2552 Y.0747 Z8.8468 E.01075
G1 X-12.4075 Y.196 Z8.8723 C49176.187 E.01713
G1 X-12.7271 Y.091 Z8.9406 E.01142
G1 X-12.9479 Y.1642 Z8.991 C49173.996 E.01827
G1 X-13.2874 Z9.0911 C49171.814 E.02054
G1 X-13.6136 Z9.2085 C49169.64 E.02074
G1 X-13.8784 Y.1053 Z9.2995 C49167.478 E.01985
G1 X-14.035 Z9.353 C49165.328 E.01843
G1 X-14.3036 Z9.4551 C49163.192 E.02015
G1 X-14.4593 Z9.5154 C49161.072 E.01867
G1 X-14.6968 Z9.6067 C49158.967 E.01986
G1 X-14.8873 Z9.6835 C49156.881 E.01933
G1 X-14.9987 Z9.7261 C49154.813 E.01844
G1 Z9.7439 E.00204
G1 X-15.1041 Z9.7659 C49152.765 E.01839
G1 X-15.2168 Y.0384 Z9.8129 E.00463
G1 Z9.8201 E.00107
G1 Y.1341 Z9.825 C49150.739 E.01821
G1 X-15.2837 Y.028 Z9.8406 E.00420
G1 Y-.0415 Z9.8418 E.00232
G1 Y.0645 Z9.8413 C49148.734 E.01814
G1 Y-.0552 Z9.8422 E.00398
G1 Z9.8423 C49146.752 E.01761
G1 Z9.8432 C49144.793 E.01739
G1 Y.0265 Z9.8431 C49142.858 E.01738
G1 Y-.1281 Z9.8418 E.00514
G1 Y-.0264 Z9.8424 C49140.949 E.01727
G1 Y-.1058 Z9.8341 E.00276
G1 X-15.2069 Y-.1893 Z9.8139 E.00383
G1 Y-.074 Z9.8096 C49139.051 E.01721
G1 X-14.9927 Y-.2609 Z9.7368 E.00976
G1 Y-.1305 Z9.7388 C49137.142 E.01718
G1 X-14.894 Y-.1875 Z9.709 E.00392
G1 X-14.7958 Z9.6762 E.00354
G1 X-14.7004 Z9.645 E.00336
G1 X-14.6197 Z9.6204 E.00298
G1 Y-.1253 Z9.6089 E.00248
G1 X-14.5677 Y-.2508 Z9.5989 C49139.051 E.01677
G1 X-14.4408 Y-.1189 Z9.5628 E.00620
G1 X-14.3016 Z9.5192 C49140.949 E.01649
G1 X-14.1396 Z9.4706 C49142.858 E.01665
G1 X-14.0734 Y-.192 Z9.4473 C49144.793 E.01616
G1 X-13.8555 Z9.3853 C49146.752 E.01751
G1 X-13.597 Y-.1075 Z9.3134 C49148.734 E.01823
G1 X-13.4258 Z9.2666 C49150.739 E.01674
G1 X-13.2362 Y-.1707 Z9.2153 C49152.765 E.01701
G1 X-12.9876 Z9.1527 C49154.813 E.01764
G1 X-12.76 Y-.2242 Z9.0996 C49156.881 E.01727
G1 X-12.5983 Y-.1525 Z9.0733 E.00595
G1 X-12.3164 Y-.2025 Z9.0257 C49158.967 E.01777
G1 X-11.9713 Y-.0894 Z8.9815 E.01217
G1 X-11.6731 Y-.1825 Z8.9546 C49161.072 E.01767
G1 X-11.4078 Y-.1276 Z8.9381 E.00903
G1 X-11.2593 Z8.9361 E.00501
G1 X-10.9546 Y-.2411 Z8.93 C49163.192 E.01729
G1 X-10.2982 Z9.1512 B68.862 E.02307
G1 X-10.0438 Z9.1581 E.00860
G1 X-9.1816 Z9.5084 B66.933 E.03099
G1 X-8.2494 Z9.8399 B64.99 E.03292
G1 X-7.2522 Z10.1434 B63.035 E.03467
G1 X-6.3684 Y-.2972 Z10.4143 B61.069 E.03080
G1 X-5.6234 Z10.6366 B59.093 E.02588
G1 X-4.7012 Y-.1241 Z10.8499 C49161.072 B57.108 E.03252
G1 X-3.4227 Z11.0325 B55.114 E.04298
G1 X-2.4275 Y-.1873 Z11.1726 B53.114 E.03349
G1 X-1.6662 Z11.2832 B51.109 E.02559
G1 X-.8653 Z11.3191 B49.099 E.02666
G1 X.197 Z11.3516 B47.086 E.03535
G1 X1.09 Z11.3401 B45.071 E.02974
G1 X2.122 Y-.0819 Z11.2948 B43.055 E.03454
G1 X2.4763 Y-.3926 Z11.2969 C49163.192 E.01597
G1 X3.1101 Z11.2177 B41.04 E.02126
G1 X3.972 Y-.2963 Z11.0833 B39.027 E.02919
G1 X4.946 Y-.1895 Z10.9332 B37.017 E.03297
G1 X5.8685 Y-.065 Z10.7323 B35.011 E.03167
G1 X6.3445 Y-.3634 Z10.7315 C49165.328 E.02028
G1 X7.2335 Y-.2193 Z10.4955 B33.011 E.03097
G1 X8.0302 Y-.0806 Z10.2248 B31.018 E.02836
G1 X8.8163 Y-.397 Z9.9177 C49167.478 B29.032 E.03194
G1 X9.6132 Y-.232 Z9.5839 B27.055 E.02925
G1 X10.075 Y-.048 Z9.5774 E.01654
G1 X10.8327 Y-.376 Z9.2015 C49169.64 B25.089 E.03310
G1 X11.4537 Y-.2482 Z8.8239 B23.134 E.02455
G1 X11.7925 Y-.0827 Z8.7929 E.01258
G1 X12.6444 Y-.3709 Z8.3659 C49171.814 B21.19 E.03676
G1 X13.1068 Y-.2839 Z7.9273 B19.261 E.02139
G1 X14.0085 Y.052 Z7.4379 B17.345 E.03591
G1 X14.6664 Y-.3346 Z6.9522 C49173.996 B15.444 E.03536
G1 X15.0048 Y-.1407 Z6.9231 C49173.997 E.01301
G1 X15.1562 Y-.0425 Z6.8997 C49173.996 E.00605
G1 X15.8298 Y-.4219 Z6.3714 C49176.187 B13.559 E.03709
G1 X16.3736 Y-.226 Z5.8283 B11.691 E.02638
G1 X16.9565 Y-.0017 Z5.284 B9.841 E.02755
G1 X17.3019 Y-.4624 Z5.252 C49178.385 E.02925
G1 X18.0459 Y-.1207 Z4.6727 B8.009 E.03336
G1 X18.4413 Y.0342 Z4.0862 B6.195 E.02408
G1 X18.7463 Y.2343 Z4.0742 E.01214
G1 Y-.4853 Z4.0745 C49180.587 E.03388
G1 X18.8206 Y-.4269 Z4.0827 E.00316
G1 X18.8728 Y-.3503 Z4.099 E.00313
G1 X19.0068 Z3.5095 B4.401 E.02011
G1 Y-.2271 Z3.5307 E.00428
G1 Y-.1246 Z3.545 E.00360
G1 Y.1854 Z3.5729 E.01035
G1 X18.8719 Y.2882 Z4.1751 B6.195 E.02081
G1 Y-.2602 Z4.1958 C49182.793 E.03029
G1 X18.8128 Y.2174 Z4.2678 E.01618
G1 Y.3634 Z4.2747 E.00487
G1 Y-.3391 Z4.2755 C49185. E.03357
G1 Y-.2214 Z4.2645 E.00397
G1 Y-.1626 Z4.2489 E.00225
G1 X18.9087 Z3.6526 B4.401 E.02010
G1 Y-.0574 Z3.6147 E.00383
G1 X18.8541 Y.0075 Z3.572 E.00316
G1 Z3.577 E.00082
G1 X18.6803 Z4.1678 B6.195 E.02049
G1 X18.4281 Y-.1559 Z4.1805 E.01000
G1 X17.8109 Y.2798 Z4.7767 C49182.793 B8.009 E.03931
G1 X17.0172 Y-.0875 Z5.3634 B9.841 E.03503
G1 X16.4206 Y.3532 Z5.9207 C49180.587 B11.691 E.03734
G1 X15.6145 Y.0056 Z6.4764 B13.56 E.03455
G1 X15.2931 Y-.1657 Z6.4897 E.01212
G1 X14.6548 Y.2299 Z7.0177 C49178.385 B15.444 E.03582
G1 X13.7458 Y-.1211 Z7.5354 B17.345 E.03670
G1 X12.8842 Y.1627 Z8.0238 C49176.187 B19.261 E.03801
G1 X12.0965 Y-.0757 Z8.4792 B21.191 E.03128
G1 X11.4223 Y.3002 Z8.9008 C49173.996 B23.134 E.03267
G1 X10.5719 Y.071 Z9.3013 C49173.997 B25.089 E.03218
G1 X10.4411 Y.0185 Z9.3082 E.00469
G1 X9.7542 Y.3873 Z9.6709 C49171.814 B27.055 E.03116
G1 X9.0122 Y.2375 Z10.0085 B29.032 E.02757
G1 X8.5859 Y.0952 Z10.0204 E.01495
G1 X7.7722 Y-.0398 Z10.3248 B31.018 E.02924
G1 X7.0319 Y.3135 Z10.5907 C49169.64 B33.011 E.03003
G1 X6.2704 Y.2178 Z10.8274 B35.012 E.02671
G1 X5.8422 Y.1267 Z10.8305 E.01456
G1 X5.0466 Y.0569 Z11.0252 B37.017 E.02734
G1 X4.3858 Z11.1861 B39.027 E.02266
G1 X4.1468 Y-.0102 Z11.1865 E.00826
G1 X3.1981 Y.3176 Z11.3065 C49167.478 B41.04 E.03386
G1 X2.3221 Z11.3973 B43.055 E.02932
G1 X1.2825 Y.259 Z11.4468 B45.071 E.03467
G1 X.3901 Z11.4589 B47.086 E.02968
G1 X-.5137 Z11.4344 B49.099 E.03008
G1 X-1.4544 Y.3121 Z11.3724 B51.109 E.03140
G1 X-1.8467 Y.0499 Z11.364 C49169.64 E.01587
G1 X-2.6749 Y.1042 Z11.2662 B53.115 E.02780
G1 X-3.9043 Y.2247 Z11.12 B55.115 E.04137
G1 X-4.758 Y.0422 Z10.9586 C49171.814 B57.108 E.03013
G1 X-5.5971 Y.128 Z10.7508 B59.093 E.02889
G1 X-6.5009 Y.227 Z10.5068 B61.069 E.03131
G1 X-7.2919 Y.0791 Z10.2422 C49173.996 B63.036 E.02965
G1 X-8.2714 Y.2005 Z9.9226 B64.991 E.03451
G1 X-9.2456 Y.1005 Z9.5739 C49176.187 B66.933 E.03652
G1 X-10.3265 Y.2023 Z9.1836 B68.863 E.03837
G1 X-11.0034 Z8.9434 B70. E.02392
G1 X-11.4482 Z8.9336 E.01484
G1 X-11.7679 Z8.9467 E.01065
G1 X-12.1078 Z8.9801 E.01147
G1 X-12.456 Z9.042 C49173.996 E.01975
G1 X-12.7925 Y.1055 Z9.1229 E.01195
G1 X-13.1102 Z9.2169 C49171.814 E.01994
G1 X-13.3834 Z9.3123 C49169.64 E.01946
G1 X-13.553 Y.1923 Z9.3723 C49167.478 E.01826
G1 X-13.8778 Y.1396 Z9.49 C49165.328 E.02086
G1 X-14.1883 Y.0716 Z9.6107 C49163.192 E.02091
G1 X-14.4044 Z9.6986 C49161.072 E.01936
G1 Y.2079 C49158.967 E.01818
G1 X-14.652 Z9.792 C49156.881 E.01986
G1 X-14.8467 Y.1421 Z9.8718 C49154.813 E.01927
G1 X-14.9366 Y.0546 Z9.9093 E.00435
G1 Y.1702 Z9.9236 C49152.765 E.01824
G1 X-15.1346 Y.0154 Z9.9899 E.00864
G1 Y.149 Z9.9951 C49150.739 E.01836
G1 X-15.199 Y.0613 Z10.0173 E.00369
G1 Y-.0377 Z10.0255 E.00337
G1 Y.0789 Z10.0254 C49148.734 E.01812
G1 Y-.0032 Z10.0261 E.00282
G1 Y.0599 Z10.0266 C49146.752 E.01763
G1 Y-.0828 E.00480
G1 Z10.0275 C49144.793 E.01732
G1 Z10.0265 E.00086
G1 Y.0084 Z10.0275 C49142.858 E.01735
G1 Y-.1375 Z10.026 E.00490
G1 Y-.0295 Z10.0267 C49140.949 E.01723
G1 Y-.1264 Z10.0152 E.00328
G1 X-15.1419 Y-.1897 Z9.999 E.00289
G1 Y-.0685 Z9.9947 C49139.051 E.01718
G1 X-14.9226 Y-.2595 Z9.92 E.00999
G1 Y-.1274 Z9.9199 C49137.142 E.01712
G1 X-14.8185 Y-.1804 Z9.8902 E.00401
G1 X-14.7215 Z9.858 E.00347
G1 X-14.6395 Z9.8313 E.00289
G1 X-14.5629 Z9.8082 E.00279
G1 Z9.8017 E.00162
G1 Y-.2705 Z9.7903 C49139.051 E.01647
G1 X-14.3467 Y-.0881 Z9.7414 E.00955
G1 X-14.2382 Z9.7053 C49140.949 E.01619
G1 X-14.0783 Z9.6562 C49142.858 E.01660
G1 X-13.8991 Z9.6024 C49144.793 E.01683
G1 X-13.7171 Z9.5495 C49146.752 E.01685
G1 X-13.5403 Y-.1396 Z9.4994 C49148.734 E.01682
G1 X-13.307 Z9.4372 C49150.739 E.01745
G1 X-13.0441 Z9.3661 C49152.765 E.01782
G1 X-12.7446 Z9.2961 C49154.813 E.01828
G1 X-12.4553 Z9.2406 C49156.881 E.01790
G1 X-12.1839 Y-.2313 Z9.1949 C49158.967 E.01763
G1 X-11.8274 Y-.1207 Z9.1542 E.01249
G1 X-11.5284 Y-.2234 Z9.1296 C49161.072 E.01760
G1 X-11.3756 Z9.1192 E.00520
G1 X-10.9246 Y-.1229 Z9.1188 E.01537
G1 X-10.3474 Y-.2774 Z9.3351 C49163.192 B68.862 E.02468
G1 X-10.1231 Z9.3392 E.00748
G1 X-9.2182 Z9.6931 B66.933 E.03233
G1 X-8.1383 Z10.0367 B64.99 E.03769
G1 X-7.5349 Y-.0707 Z10.3259 C49161.072 B63.035 E.02507
G1 X-6.6752 Y-.3221 Z10.587 C49163.192 B61.069 E.03210
G1 X-5.62 Y-.1281 Z10.8383 C49161.072 B59.093 E.03730
G1 X-4.8479 Z11.0356 B57.108 E.02651
G1 X-3.5825 Y-.1899 Z11.2183 B55.114 E.04257
G1 X-2.4902 Z11.362 B53.114 E.03665
G1 X-1.6876 Z11.4783 B51.109 E.02699
G1 X-.8291 Z11.5153 B49.099 E.02859
G1 X.3423 Z11.5503 B47.086 E.03898
G1 X1.3962 Y-.1372 Z11.5422 B45.071 E.03510
G1 X2.506 Y-.0548 Z11.4997 B43.055 E.03704
G1 X3.1945 Y-.384 Z11.4129 C49163.192 B41.04 E.02585
G1 X4.0298 Y-.3182 Z11.2779 B39.027 E.02823
G1 X4.9658 Y-.2196 Z11.1269 B37.017 E.03170
G1 X5.958 Y-.08 Z10.9247 B35.011 E.03400
G1 X6.9305 Y-.3537 Z10.6906 C49165.328 B33.011 E.03555
G1 X7.8731 Y-.1854 Z10.4206 B31.018 E.03309
G1 X8.7597 Y-.0043 Z10.1131 B29.032 E.03179
G1 X9.6326 Y-.2913 Z9.7723 C49167.478 B27.055 E.03474
G1 X10.5185 Y-.0722 Z9.406 B25.089 E.03271
G1 X10.8935 Y-.4288 Z9.3862 C49169.64 E.02200
G1 X11.4898 Y-.3155 Z9.0063 B23.134 E.02382
G1 X11.8598 Y-.1357 Z8.972 E.01373
G1 X12.7018 Y-.4373 Z8.5427 C49171.814 B21.19 E.03669
G1 X13.3031 Y-.2842 Z8.0958 B19.261 E.02543
G1 X14.1718 Y.0332 Z7.608 B17.345 E.03478
G1 X14.7968 Y-.3772 Z7.1178 C49173.996 B15.444 E.03515
G1 X15.1389 Y-.1748 Z7.081 E.01328
G1 X15.5053 Y-.0913 Z6.5607 C49173.997 B13.559 E.02135
G1 X16.2622 Y-.4183 Z6.0031 C49176.187 B11.691 E.03903
G1 X16.6773 Y-.1818 Z5.99 E.01590
G1 X17.0869 Y-.054 Z5.439 B9.841 E.02323
G1 X17.4112 Y.1593 Z5.4096 E.01295
G1 X18.0968 Y-.2289 Z4.8305 C49178.385 B8.009 E.03989
G1 X18.4278 Y-.1173 Z4.2449 B6.195 E.02268
G1 X18.684 Y.049 Z4.2367 E.01016
G1 X18.7577 Y.1268 Z4.2462 E.00358
G1 X18.8089 Y.2201 Z4.2641 E.00359
G1 Y.3105 Z4.2809 E.00314
G1 Y-.41 Z4.2834 C49180.587 E.03396
G1 Y-.2287 Z4.3012 E.00608
G1 Y.1096 Z4.3303 E.01132
G1 X18.7529 Y-.259 Z4.3661 C49182.793 E.02705
G1 Y.1766 Z4.4338 E.01473
G1 X18.689 Y.2946 Z4.4287 E.00447
G1 Y.4044 Z4.3952 E.00402
G1 X18.6259 Y.4644 Z4.3612 E.00311
G1 Y-.2509 Z4.3512 C49185. E.03370
G1 Z4.3184 E.00194
G1 X18.5545 Z4.3244 E.00248
G1 Y.485 Z4.3274 C49182.793 E.03414
G1 X18.3453 Y.372 Z4.3388 E.00792
G1 X17.5672 Y-.008 Z4.9459 B8.009 E.03518
G1 X16.8475 Y.3573 Z5.5311 C49180.587 B9.841 E.03956
G1 X16.0892 Y.0238 Z6.1049 B11.691 E.03352
G1 X15.4439 Y.4286 Z6.6434 C49178.385 B13.559 E.03678
G1 X15.297 Y.341 Z6.6568 E.00571
G1 X14.599 Y.0767 Z7.1899 B15.444 E.03050
G1 X13.8805 Y.4334 Z7.6941 C49176.187 B17.345 E.03615
G1 X13.025 Y.1255 Z8.1868 B19.261 E.03440
G1 X12.1454 Y.4031 Z8.6502 C49173.996 B21.191 E.03765
G1 X11.4831 Y.2343 Z9.0758 B23.134 E.02678
G1 X10.6702 Y.023 Z9.4796 B25.089 E.03100
G1 X10.4836 Y-.0504 Z9.4862 E.00667
G1 X9.6381 Y.2646 Z9.8592 C49171.814 B27.055 E.03469
G1 X8.8083 Y.0962 Z10.198 B29.032 E.03033
G1 X8.0248 Y-.0336 Z10.5026 B31.018 E.02829
G1 X7.7418 Y.3502 Z10.5098 C49169.64 E.01864
G1 X6.8896 Y.2195 Z10.7824 B33.011 E.03007
G1 X6.1246 Y.1322 Z11.0172 B35.012 E.02677
G1 X5.7652 Y.062 Z11.0225 E.01218
G1 X5.0035 Y.003 Z11.2157 B37.017 E.02621
G1 X4.1153 Y.3377 Z11.3722 C49167.478 B39.027 E.03241
G1 X3.1756 Y.2769 Z11.4989 B41.04 E.03160
G1 X2.1542 Z11.5856 B43.055 E.03412
G1 X1.3896 Y.2241 Z11.6422 B45.071 E.02556
G1 X.3635 Z11.6519 B47.086 E.03413
G1 X-.4624 Z11.6293 B49.099 E.02748
G1 X-1.6172 Y.2849 Z11.5571 B51.109 E.03854
G1 X-2.8264 Y.0741 Z11.4501 C49169.64 B53.115 E.04113
G1 X-3.8541 Y.1627 Z11.3131 B55.115 E.03461
G1 X-4.812 Y.249 Z11.1385 B57.108 E.03251
G1 X-5.6239 Y.0651 Z10.9356 C49171.814 B59.093 E.02937
G1 X-6.238 Z10.7099 B61.069 E.02181
G1 X-7.4397 Y.2571 Z10.4037 B63.036 E.04174
G1 X-8.5805 Y.1638 Z10.0738 C49173.996 B64.991 E.04108
G1 X-9.4633 Y.2393 Z9.7248 B66.933 E.03167
G1 X-10.3865 Y.1047 Z9.344 C49176.187 B68.863 E.03603
G1 X-10.9829 Z9.109 B70. E.02134
G1 X-11.4702 Z9.0978 E.01622
G1 X-11.7754 Z9.1101 E.01017
G1 X-12.1169 Y.2107 Z9.1416 C49173.996 E.01950
G1 X-12.5217 Y.0853 Z9.2276 E.01438
G1 X-12.7291 Y.1793 Z9.2768 C49171.814 E.01789
G1 X-13.0168 Z9.3626 C49169.64 E.01926
G1 X-13.3457 Z9.4846 C49167.478 E.02042
G1 X-13.6278 Z9.5893 C49165.328 E.01974
G1 X-13.9401 Z9.7113 C49163.192 E.02061
G1 X-14.2482 Y.0645 Z9.8385 C49161.072 E.02109
G1 X-14.3614 Y.1375 Z9.8849 C49158.967 E.01818
G1 X-14.6128 Y.0846 Z9.9854 C49156.881 E.01993
G1 X-14.7373 Y.1353 Z10.0365 C49154.813 E.01833
G1 X-14.7992 Y.0758 Z10.0617 E.00298
G1 X-14.862 Y.1797 Z10.0833 C49152.765 E.01814
G1 X-15.0045 Y.0379 Z10.1455 E.00700
G1 Y.1674 Z10.1565 C49150.739 E.01820
G1 X-15.1027 Y.0862 Z10.1884 E.00437
G1 Y.0097 Z10.2046 E.00285
G1 Y-.0425 Z10.2088 E.00234
G1 Y.0939 Z10.2086 C49148.734 E.01823
G1 X-15.1534 Y-.0848 Z10.21 E.00618
G1 Y-.0345 Z10.2111 C49146.752 E.01751
G1 Z10.2114 C49144.793 E.01725
G1 Y.0181 Z10.2116 C49142.858 E.01711
G1 Y-.1469 Z10.21 E.00549
G1 Y-.0239 Z10.2114 C49140.949 E.01728
G1 Y-.106 Z10.2037 E.00286
G1 X-15.0793 Y-.1871 Z10.185 E.00371
G1 Z10.176 E.00121
G1 Y-.0823 Z10.1725 C49139.051 E.01704
G1 X-14.8347 Y-.2736 Z10.0965 E.01063
G1 Y-.1332 Z10.0964 C49137.142 E.01710
G1 X-14.7289 Z10.0671 E.00395
G1 X-14.633 Y-.1908 Z10.0354 E.00387
G1 X-14.5335 Z10.0042 E.00357
G1 Z9.9915 E.00223
G1 X-14.4757 Y-.2808 Z9.98 C49139.051 E.01644
G1 X-14.3333 Y-.1383 Z9.9416 E.00682
G1 X-14.1651 Z9.8888 C49140.949 E.01668
G1 X-13.9945 Z9.8357 C49142.858 E.01663
G1 X-13.8169 Z9.7825 C49144.793 E.01672
G1 X-13.6349 Z9.7289 C49146.752 E.01675
G1 X-13.3979 Z9.6628 C49148.734 E.01748
G1 X-13.194 Z9.6069 C49150.739 E.01689
G1 X-13.0141 Y-.1897 Z9.5577 C49152.765 E.01660
G1 X-12.7215 Z9.4835 C49154.813 E.01816
G1 X-12.5667 Y-.121 Z9.4566 E.00570
G1 X-12.274 Z9.4027 C49156.881 E.01782
G1 X-12.0192 Y-.2523 Z9.3627 C49158.967 E.01745
G1 X-11.8348 Y-.1936 Z9.3418 E.00647
G1 X-11.5327 Y-.2981 Z9.3145 C49161.072 E.01768
G1 X-11.3759 Z9.3043 E.00536
G1 X-10.9301 Y-.1906 Z9.3044 E.01525
G1 X-10.2945 Z9.528 B68.862 E.02246
G1 X-9.9596 Y-.1214 Z9.5424 E.01138
G1 X-9.228 Y-.3163 Z9.8794 C49163.192 B66.933 E.02981
G1 X-8.1459 Y-.1081 Z10.2304 C49161.072 B64.99 E.03975
G1 X-7.4549 Z10.5219 B63.035 E.02495
G1 X-6.6767 Z10.7832 B61.069 E.02732
G1 X-5.383 Y-.177 Z11.0426 B59.093 E.04394
G1 X-4.3479 Z11.2575 B57.108 E.03517
G1 X-3.4494 Z11.4224 B55.114 E.03042
G1 X-2.5369 Y-.2361 Z11.5547 B53.114 E.03073
G1 X-1.6695 Z11.6738 B51.109 E.02912
G1 X-.8539 Z11.7084 B49.099 E.02715
G1 X.2759 Z11.7438 B47.086 E.03760
G1 X1.2738 Y-.1699 Z11.7315 B45.071 E.03326
G1 X2.4321 Y-.0879 Z11.6923 B43.055 E.03864
G1 X3.196 Y-.0372 Z11.6129 B41.04 E.02560
G1 X4.0123 Y-.3517 Z11.472 C49163.192 B39.027 E.02988
G1 X4.9723 Y-.2521 Z11.3202 B37.017 E.03250
G1 X5.956 Y-.1185 Z11.1176 B35.011 E.03370
G1 X6.9273 Y-.4001 Z10.8819 C49165.328 B33.011 E.03559
G1 X7.3406 Y-.2831 Z10.8797 E.01429
G1 X8.2515 Y-.1099 Z10.6012 B31.018 E.03220
G1 X9.1793 Y-.3928 Z10.2892 C49167.478 B29.032 E.03578
G1 X10.0457 Y-.1977 Z9.9506 B27.055 E.03161
G1 X10.818 Y-.0136 Z9.5759 B25.089 E.02920
G1 X11.5472 Y-.3707 Z9.1854 C49169.64 B23.134 E.03329
G1 X11.7774 Y-.2597 Z9.1596 E.00854
G1 X12.4832 Y-.0708 Z8.7308 B21.19 E.02818
G1 X13.2966 Y-.3857 Z8.2744 C49171.814 B19.261 E.03680
G1 X14.1652 Y-.0756 Z7.7832 B17.345 E.03476
G1 X14.8471 Y-.4632 Z7.2887 C49173.996 B15.444 E.03613
G1 X15.5134 Y-.2082 Z6.7347 B13.559 E.03004
G1 X16.3014 Y.1336 Z6.1711 C49173.997 B11.691 E.03417
G1 X16.5273 Y-.3919 Z6.155 C49176.187 E.02835
G1 X17.101 Y-.1789 Z5.6043 B9.841 E.02738
G1 X17.6104 Y.0395 Z5.011 B8.009 E.02700
G1 X18.0269 Y-.4088 Z4.9911 C49178.385 E.03072
G1 X18.3855 Y-.2855 Z4.405 B6.195 E.02322
G1 X18.6021 Y-.1485 Z4.3968 E.00853
G1 X18.674 Y-.0808 Z4.4047 E.00330
G1 X18.7297 Y.0055 Z4.4224 E.00347
G1 Y.1142 Z4.442 E.00379
G1 Y.2276 Z4.4543 E.00390
G1 Y.3331 Z4.4609 E.00354
G1 Y-.2943 Z4.4694 C49180.587 E.03176
G1 X18.661 Y.3669 Z4.5235 E.02218
G1 Y-.2215 Z4.5412 C49182.793 E.03090
G1 Y.0181 Z4.5826 E.00822
G1 X18.5872 Y.1205 Z4.5786 E.00420
G1 Y.2072 Z4.5522 E.00328
G1 X18.4964 Y.3039 Z4.4868 E.00492
G1 Z4.4799 E.00040
G1 X18.2165 Y.1441 Z4.504 E.01075
G1 X17.4439 Y.4757 Z5.1113 C49180.587 B8.009 E.04110
G1 X16.8839 Y.2422 Z5.6881 B9.841 E.02784
G1 X16.0505 Y-.1303 Z6.2715 B11.691 E.03603
G1 X15.3923 Y.2715 Z6.8132 C49178.385 B13.559 E.03701
G1 X14.5202 Y-.0858 Z7.3651 B15.444 E.03632
G1 X13.9498 Y.357 Z7.8606 C49176.187 B17.345 E.03414
G1 X13.0608 Y.0367 Z8.3584 B19.261 E.03552
G1 X12.3508 Y.4059 Z8.8126 C49173.997 B21.191 E.03440
G1 X11.6382 Y.213 Z9.245 C49173.996 B23.134 E.02846
G1 X10.7834 Y-.0168 Z9.6537 B25.089 E.03243
G1 X10.365 Y.3388 Z9.6737 C49171.814 E.02251
G1 X9.5599 Y.1602 Z10.0478 B27.055 E.03012
G1 X8.7373 Y.0038 Z10.3852 B29.032 E.03002
G1 X7.9728 Y.3591 Z10.69 C49169.64 B31.018 E.03147
G1 X7.2189 Y.2506 Z10.9624 B33.011 E.02690
G1 X6.7468 Y.1307 Z10.9761 E.01621
G1 X5.8372 Y.0247 Z11.2106 B35.012 E.03144
G1 X5.0227 Y.374 Z11.4016 C49167.478 B37.017 E.03081
G1 X4.11 Y.2967 Z11.5639 B39.027 E.03094
G1 X3.1637 Y.2381 Z11.6906 B41.04 E.03181
G1 X2.1371 Z11.7778 B43.055 E.03430
G1 X1.1156 Y.1843 Z11.8276 B45.071 E.03406
G1 X.0256 Z11.8341 B47.086 E.03626
G1 X-.7245 Z11.8138 B49.099 E.02497
G1 X-1.5501 Y.239 Z11.7539 B51.109 E.02759
G1 X-2.7615 Y.3096 Z11.636 B53.115 E.04055
G1 X-3.7581 Y.0939 Z11.5073 C49169.64 B55.115 E.03451
G1 X-4.8637 Y.1976 Z11.3226 B57.108 E.03744
G1 X-5.653 Y.2607 Z11.1143 B59.093 E.02723
G1 X-6.3911 Y.0626 Z10.8836 C49171.814 B61.069 E.02775
G1 X-7.2627 Y.1497 Z10.6027 B63.036 E.03059
G1 X-8.2733 Y.2498 Z10.2768 B64.99 E.03547
G1 X-9.0009 Y.0821 Z9.9466 C49173.996 B66.933 E.02945
G1 X-9.4055 Y.1395 Z9.9015 E.01368
G1 X-10.3901 Y.2029 Z9.5077 B68.863 E.03533
G1 X-11.1174 Z9.2621 B70. E.02554
G1 X-11.4692 Z9.2541 E.01170
G1 X-11.7542 Z9.2663 E.00955
G1 X-12.0828 Y.106 Z9.3035 E.01146
G1 X-12.4264 Y.1783 Z9.3748 C49171.814 E.01974
G1 X-12.7618 Z9.4623 C49169.64 E.01986
G1 X-13.0699 Y.0611 Z9.5719 E.01155
G1 X-13.2119 Y.1566 Z9.6263 C49167.478 E.01762
G1 X-13.4381 Z9.7145 C49165.328 E.01865
G1 X-13.6571 Y.0458 Z9.802 E.00867
G1 X-13.8551 Z9.8786 C49163.192 E.01861
G1 X-14.1082 Z9.9845 C49161.072 E.01962
G1 X-14.2721 Y.0974 Z10.0546 C49158.967 E.01850
G1 X-14.4903 Z10.1426 C49156.881 E.01922
G1 X-14.6426 Z10.2063 C49154.813 E.01842
G1 X-14.8158 Z10.277 C49152.765 E.01869
G1 X-14.9054 Y.0293 Z10.3149 E.00395
G1 Y.159 Z10.3289 C49150.739 E.01811
G1 X-15.0333 Y.0545 Z10.372 E.00568
G1 Y-.0347 Z10.3893 E.00330
G1 Z10.3907 E.00160
G1 Y.0952 Z10.3917 C49148.734 E.01810
G1 X-15.0865 Y-.0536 Z10.3938 E.00526
G1 Y.0506 Z10.3943 C49146.752 E.01770
G1 Y-.0162 Z10.3955 E.00222
G1 Z10.3957 C49144.793 E.01716
G1 Z10.3962 C49142.858 E.01701
G1 Y-.1356 Z10.3949 E.00397
G1 Y-.0139 Z10.3963 C49140.949 E.01720
G1 Y-.1177 Z10.3865 E.00359
G1 X-15.0077 Y-.1956 Z10.3676 E.00374
G1 Z10.3596 E.00105
G1 Y-.0813 Z10.3561 C49139.051 E.01703
G1 X-14.7568 Y-.2778 Z10.2768 E.01092
G1 Z10.2694 E.00083
G1 Y-.1418 Z10.2708 C49137.142 E.01701
G1 X-14.6372 Z10.243 E.00422
G1 X-14.5489 Z10.2142 E.00331
G1 X-14.4469 Z10.183 E.00355
G1 Z10.1784 E.00057
G1 Y-.2776 Z10.1651 C49139.051 E.01669
G1 X-14.244 Y-.1109 Z10.1196 E.00886
G1 X-14.1162 Z10.0776 C49140.949 E.01621
G1 X-13.9477 Z10.0258 C49142.858 E.01656
G1 X-13.7771 Z9.9739 C49144.793 E.01663
G1 X-13.5981 Y-.1671 Z9.9205 C49146.752 E.01677
G1 X-13.4065 Z9.8652 C49148.734 E.01681
G1 X-13.2998 Y-.1111 Z9.8383 E.00411
G1 X-13.1212 Y-.1612 Z9.789 C49150.739 E.01655
G1 X-12.887 Z9.7248 C49152.765 E.01720
G1 X-12.6296 Y-.2248 Z9.6592 C49154.813 E.01755
G1 X-12.4017 Y-.1173 Z9.6197 E.00848
G1 X-12.0928 Y-.171 Z9.5678 C49156.881 E.01796
G1 X-11.8114 Y-.2579 Z9.5261 C49158.967 E.01739
G1 X-11.5406 Y-.1844 Z9.5088 E.00935
G1 X-11.2498 Y-.1175 Z9.4941 E.00994
G1 X-11.1642 Y-.2939 Z9.4851 C49161.072 E.01513
G1 X-11.0292 Y-.0769 Z9.4947 C49158.967 E.01594
G1 X-10.344 Y-.2107 Z9.7123 C49161.072 B68.862 E.02741
G1 X-9.9969 Z9.7258 E.01160
G1 X-9.1818 Z10.0782 B66.933 E.02958
G1 X-8.1861 Y-.1578 Z10.4193 B64.99 E.03505
G1 X-7.3181 Z10.7206 B63.035 E.03056
G1 X-6.5767 Z10.9837 B61.069 E.02618
G1 X-5.4107 Y-.2116 Z11.2337 B59.093 E.03970
G1 X-4.5604 Z11.4399 B57.108 E.02911
G1 X-3.6185 Z11.6049 B55.114 E.03183
G1 X-2.4946 Y-.263 Z11.7527 B53.114 E.03774
G1 X-1.6873 Z11.8678 B51.109 E.02712
G1 X-.8682 Z11.9027 B49.099 E.02727
G1 X.3229 Z11.9406 B47.086 E.03965
G1 X1.4128 Y-.1798 Z11.9337 B45.071 E.03636
G1 X2.5001 Y-.1008 Z11.8888 B43.055 E.03629
G1 X3.1473 Z11.8079 B41.04 E.02172
G1 X4.0085 Y-.3823 Z11.6658 C49163.192 B39.027 E.03090
G1 X5.0309 Y-.2729 Z11.5133 B37.017 E.03457
G1 X5.9259 Y-.1632 Z11.3124 B35.011 E.03073
G1 X6.8578 Y-.0222 Z11.0812 B33.011 E.03228
G1 X7.3297 Y-.3335 Z11.0694 C49165.328 E.02089
G1 X8.2542 Y-.1618 Z10.7925 B31.018 E.03260
G1 X9.1208 Y.0165 Z10.4825 B29.032 E.03118
G1 X9.8259 Y-.3493 Z10.1404 C49167.478 B27.055 E.03127
G1 X10.5995 Y-.1824 Z9.7769 B25.089 E.02897
G1 X10.9005 Y-.0503 Z9.7571 E.01095
G1 X11.5596 Y-.4469 Z9.3697 C49169.64 B23.134 E.03212
G1 X11.8723 Y-.2987 Z9.3377 E.01156
G1 X12.5467 Y-.1289 Z8.9094 B21.19 E.02717
G1 X13.3459 Y-.4585 Z8.4504 C49171.814 B19.261 E.03666
G1 X14.1596 Y-.1831 Z7.9589 B17.345 E.03292
G1 X14.879 Y.0608 Z7.4646 B15.444 E.03014
G1 X15.511 Y-.3317 Z6.9132 C49173.996 B13.559 E.03654
G1 X15.6774 Y-.2313 Z6.8926 C49173.997 E.00650
G1 X16.4667 Y.1111 Z6.3262 B11.691 E.03426
G1 X17.16 Y-.2736 Z5.764 C49176.187 B9.841 E.03900
G1 X17.7833 Y.0101 Z5.1633 B8.009 E.03030
G1 X18.0486 Y.1774 Z5.1511 E.01044
G1 X18.3605 Y-.4421 Z4.5661 C49178.385 B6.195 E.03821
G1 X18.5422 Y-.3265 Z4.5587 E.00717
G1 X18.6025 Y-.2717 Z4.565 E.00272
G1 X18.6639 Y-.1742 Z4.5853 E.00389
G1 Y-.062 Z4.6072 E.00390
G1 Y.0996 Z4.6206 E.00541
G1 Y.2006 Z4.6263 E.00336
G1 Y-.2932 Z4.6433 C49180.587 E.02899
G1 X18.5652 Y.3501 Z4.6945 E.02171
G1 Y-.3409 Z4.6994 C49182.793 E.03307
G1 Y-.1587 Z4.7271 E.00620
G1 X18.5069 Y-.0726 Z4.7276 E.00346
G1 Y.0114 Z4.706 E.00326
G1 X18.4098 Y.0867 Z4.6578 E.00439
G1 Z4.6425 E.00078
G1 X18.2768 Y.036 Z4.6551 E.00475
G1 X18.196 Z4.6606 E.00314
G1 X17.67 Y.4764 Z5.2534 C49180.587 B8.009 E.03771
G1 X16.8209 Y.0669 Z5.8554 B9.841 E.03720
G1 X16.2256 Y-.1611 Z6.4205 B11.691 E.02834
G1 X15.4179 Y.159 Z6.98 C49178.385 B13.559 E.03962
G1 X14.5663 Y.4406 Z7.529 C49176.187 B15.444 E.03961
G1 X13.7333 Y.128 Z8.0519 B17.345 E.03432
G1 X12.9243 Y.4451 Z8.5422 C49173.997 B19.261 E.03703
G1 X12.1043 Y.1882 Z9.0104 C49173.996 B21.191 E.03255
G1 X11.2857 Y-.034 Z9.4476 B23.134 E.03174
G1 X10.501 Y.314 Z9.8477 C49171.814 B25.089 E.03419
G1 X9.6489 Y.1177 Z10.2287 B27.055 E.03172
G1 X8.9315 Y-.0023 Z10.562 B29.032 E.02661
G1 X8.5896 Y.3751 Z10.5758 C49169.64 E.02012
G1 X7.7681 Y.2378 Z10.8868 B31.018 E.02957
G1 X7.0707 Y.1549 Z11.1546 B33.011 E.02500
G1 X6.1998 Y.0454 Z11.3943 B35.012 E.03026
G1 X5.842 Y-.024 Z11.4006 E.01213
G1 X5.0521 Y.3359 Z11.5936 C49167.478 B37.017 E.03025
G1 X4.214 Y.2709 Z11.7556 B39.027 E.02847
G1 X3.2197 Y.2044 Z11.885 B41.04 E.03342
G1 X2.2035 Z11.9734 B43.055 E.03395
G1 X1.3457 Y.1495 Z12.0256 B45.071 E.02864
G1 X.2795 Z12.0334 B47.086 E.03546
G1 X.0141 Z12.0227 E.00884
G1 X-.7763 Z12.0031 B49.099 E.02631
G1 X-1.6324 Y.2036 Z11.9403 B51.109 E.02861
G1 X-2.8534 Y.2749 Z11.8251 B53.115 E.04086
G1 X-3.8431 Y.0517 Z11.6915 C49169.64 B55.115 E.03438
G1 X-4.8142 Y.1304 Z11.5132 B57.108 E.03294
G1 X-5.6793 Y.2007 Z11.2983 B59.093 E.02974
G1 X-6.7036 Y.0439 Z11.0412 C49171.814 B61.069 E.03650
G1 X-7.6592 Y.1339 Z10.7516 B63.036 E.03335
G1 X-8.5085 Y.1993 Z10.433 B64.99 E.03025
G1 X-9.2713 Y.2501 Z10.0838 B66.933 E.02796
G1 X-10.2799 Y.0959 Z9.6891 C49173.996 B68.863 E.03865
G1 X-11.1006 Z9.4301 B70. E.02863
G1 X-11.4967 Z9.421 E.01318
G1 X-11.7997 Z9.4359 E.01018
G1 X-12.064 Y.1861 Z9.4664 C49171.814 E.01791
G1 X-12.4266 Y.0639 Z9.5496 E.01302
G1 X-12.6866 Y.1379 Z9.6249 C49169.64 E.01853
G1 X-12.9963 Z9.7325 C49167.478 E.01964
G1 X-13.2182 Y.2135 Z9.8201 C49165.328 E.01848
G1 X-13.508 Z9.9366 C49163.192 E.01971
G1 X-13.7868 Z10.0497 C49161.072 E.01971
G1 X-14.0472 Z10.1612 C49158.967 E.01963
G1 X-14.3182 Y.1215 Z10.2779 C49156.881 E.02016
G1 X-14.5496 Z10.3767 C49154.813 E.01940
G1 X-14.6638 Z10.4216 C49152.765 E.01795
G1 X-14.8099 Y.0178 Z10.4846 E.00632
G1 Y.1728 Z10.491 C49150.739 E.01818
G1 X-14.9536 Y.0393 Z10.5511 E.00682
G1 Y-.0272 Z10.5674 E.00259
G1 Y.1221 Z10.57 C49148.734 E.01817
G1 X-15.0179 Y.0304 Z10.5779 E.00373
G1 Y-.0939 Z10.5789 E.00413
G1 Y.0198 Z10.5796 C49146.752 E.01769
G1 Y-.0673 Z10.5794 E.00290
G1 C49144.793 E.01711
G1 Y.0168 Z10.58 C49142.858 E.01710
G1 Y-.1407 Z10.5794 E.00524
G1 Y-.0145 Z10.5808 C49140.949 E.01716
G1 Y-.098 Z10.5737 E.00286
G1 X-14.9581 Y-.177 Z10.5587 E.00333
G1 X-14.907 Y-.235 Z10.5387 E.00266
G1 Y-.0826 C49139.051 E.01720
G1 X-14.6732 Y-.2851 Z10.4548 E.01066
G1 Z10.4453 E.00105
G1 Y-.1392 Z10.4497 C49137.142 E.01701
G1 X-14.5396 Z10.4167 E.00468
G1 X-14.4463 Z10.3871 E.00333
G1 X-14.3948 Z10.372 E.00179
G1 Y-.3008 Z10.3604 C49139.051 E.01685
G1 X-14.299 Y-.2353 Z10.3387 E.00393
G1 X-14.2487 Y-.1823 Z10.3252 E.00247
G1 X-14.1634 Y-.2566 Z10.2938 C49140.949 E.01609
G1 X-13.9242 Y-.1881 Z10.2243 C49142.858 E.01766
G1 X-13.7014 Z10.1556 C49144.793 E.01727
G1 X-13.4702 Y-.1367 Z10.0881 C49146.752 E.01737
G1 X-13.207 Z10.0142 C49148.734 E.01772
G1 X-12.9843 Z9.9523 C49150.739 E.01696
G1 X-12.7614 Y-.192 Z9.8926 C49152.765 E.01696
G1 X-12.5467 Y-.2576 Z9.8359 C49154.813 E.01679
G1 X-12.2717 Y-.1292 Z9.7904 E.01021
G1 X-12.003 Y-.2076 Z9.7454 C49156.881 E.01722
G1 X-11.7372 Y-.3073 Z9.705 C49158.967 E.01712
G1 X-11.2201 Y-.1752 Z9.679 E.01777
G1 X-11.0299 Z9.6817 E.00644
G1 X-10.8053 Y-.3066 Z9.6775 C49161.072 E.01579
G1 Y-.0955 Z9.686 C49158.967 E.01501
G1 X-10.1244 Y-.252 Z9.9057 C49161.072 B68.862 E.02732
G1 X-9.1739 Z10.2679 B66.933 E.03385
G1 X-8.2521 Z10.6065 B64.99 E.03269
G1 X-7.431 Z10.9026 B63.035 E.02906
G1 X-6.5298 Z11.1777 B61.069 E.03135
G1 X-5.3987 Z11.4284 B59.093 E.03853
G1 X-4.5331 Z11.6351 B57.108 E.02960
G1 X-3.6048 Z11.7997 B55.114 E.03137
G1 X-2.5363 Z11.9434 B53.114 E.03588
G1 X-1.6899 Z12.0631 B51.109 E.02846
G1 X-.8038 Z12.1003 B49.099 E.02952
G1 X.4364 Z12.1389 B47.086 E.04127
G1 X1.4091 Z12.1289 B45.071 E.03240
G1 X2.4875 Y-.1256 Z12.0826 B43.055 E.03615
G1 X3.2374 Z12.0038 B41.04 E.02513
G1 X3.9901 Y-.4163 Z11.8597 C49163.192 B39.027 E.02770
G1 X4.9686 Y-.3186 Z11.7084 B37.017 E.03309
G1 X5.8893 Y-.2081 Z11.5046 B35.011 E.03158
G1 X6.9059 Y-.0494 Z11.2743 B33.011 E.03507
G1 X7.2917 Y-.3909 Z11.2602 C49165.328 E.01939
G1 X8.1079 Y-.2622 Z10.9862 B31.018 E.02895
G1 X9.0088 Y-.0825 Z10.6751 B29.032 E.03226
G1 X9.9328 Y-.3733 Z10.3244 C49167.478 B27.055 E.03644
G1 X10.6185 Y-.2452 Z9.9637 B25.089 E.02612
G1 X11.0022 Y-.079 Z9.9412 E.01393
G1 X11.5978 Y.0331 Z9.5549 B23.134 E.02390
G1 X12.2671 Y-.3477 Z9.106 C49169.64 B21.19 E.03341
G1 X13.1669 Y-.0626 Z8.6429 B19.261 E.03497
G1 X14.0168 Y-.3621 Z8.1468 C49171.814 B17.345 E.03852
G1 X14.3196 Y-.2018 Z8.128 E.01141
G1 X14.9964 Y.0188 Z7.6296 B15.444 E.02890
G1 X15.6149 Y-.3886 Z7.0746 C49173.996 B13.559 E.03659
G1 X15.7036 Y-.3341 Z7.062 E.00349
G1 X16.4482 Y-.0261 Z6.4968 B11.691 E.03274
G1 X17.069 Y-.4547 Z5.9313 C49176.187 B9.841 E.03814
G1 X17.2921 Y-.3262 Z5.9223 E.00857
G1 X17.8201 Y-.1032 Z5.3228 B8.009 E.02759
G1 X18.0379 Y.0313 Z5.3133 E.00852
G1 X18.3202 Y.1053 Z4.7317 B6.195 E.02164
G1 X18.4745 Y.211 Z4.7214 E.00623
G1 Z4.7229 E.00150
G1 Y-.4714 Z4.7237 C49178.385 E.03276
G1 X18.59 Y-.3732 Z4.743 E.00508
G1 Y-.2536 Z4.7674 E.00421
G1 Y-.1276 Z4.7816 E.00430
G1 Y.3387 Z4.8121 E.01560
G1 X18.5202 Y-.127 Z4.8307 C49180.587 E.02839
G1 X18.4613 Y.3808 Z4.8716 E.01706
G1 Z4.8726 E.00121
G1 Y-.2907 Z4.8743 C49182.793 E.03253
G1 X18.3918 Y-.181 Z4.8587 E.00435
G1 X18.3324 Y-.1057 Z4.8174 E.00347
G1 Z4.8035 E.00077
G1 X18.1711 Y-.1715 Z4.8189 E.00582
G1 Z4.8221 E.00139
G1 X17.9035 Y.4839 Z5.3964 C49180.587 B8.009 E.03802
G1 X17.4609 Y.2034 Z5.4298 E.01746
G1 X16.8711 Y-.0395 Z6.0141 B9.841 E.02877
G1 X16.1345 Y.3185 Z6.5911 C49178.385 B11.691 E.03919
G1 X15.3984 Y.0213 Z7.1519 B13.559 E.03233
G1 X14.507 Y.2889 Z7.7075 C49176.187 B15.444 E.04053
G1 X13.7845 Y.0442 Z8.2211 B17.345 E.03059
G1 X12.9772 Y.3696 Z8.7145 C49173.996 B19.261 E.03715
G1 X12.2818 Y.1765 Z9.1747 B21.191 E.02847
G1 X11.4293 Y-.0621 Z9.6187 B23.134 E.03294
G1 X10.5641 Y.2591 Z10.0274 C49171.814 B25.089 E.03614
G1 X9.6944 Y.0598 Z10.4113 B27.055 E.03231
G1 X8.9025 Y-.0811 Z10.7498 B29.032 E.02903
G1 X8.1214 Y.2849 Z11.058 C49169.64 B31.018 E.03215
G1 X7.7553 Y.1756 Z11.0754 E.01272
G1 X6.9349 Y.0669 Z11.3479 B33.011 E.02898
G1 X6.0091 Y-.0433 Z11.5865 B35.012 E.03201
G1 X5.2415 Y.3271 Z11.784 C49167.478 B37.017 E.02984
G1 X4.3222 Y.2453 Z11.9488 B39.027 E.03118
G1 X3.3471 Y.1786 Z12.0767 B41.04 E.03279
G1 X2.9347 Z12.0785 E.01377
G1 X1.9375 Y.1164 Z12.1614 B43.055 E.03335
G1 X1.0564 Z12.2127 B45.071 E.02936
G1 X.2102 Z12.2249 B47.086 E.02815
G1 X-.5291 Z12.2039 B49.099 E.02460
G1 X-1.7307 Y.169 Z12.1284 B51.109 E.04008
G1 X-2.8977 Y.2332 Z12.0147 B53.115 E.03906
G1 X-3.6553 Z11.8858 B55.115 E.02558
G1 X-4.6886 Y.0536 Z11.7084 C49169.64 B57.108 E.03586
G1 X-5.7057 Y.1398 Z11.4828 B59.093 E.03477
G1 X-6.7185 Y.2268 Z11.2199 B61.069 E.03492
G1 X-7.496 Y.2771 Z10.9423 B63.036 E.02751
G1 X-7.5508 Y.0378 Z10.9419 C49171.814 E.01255
G1 Y.2852 Z10.9359 C49169.64 E.01260
G1 Y.0407 Z10.94 C49171.814 E.01254
G1 Y.2877 Z10.934 C49169.64 E.01262
G1 Y.0442 Z10.9376 C49171.814 E.01259
G1 X-8.568 Y.1229 Z10.6064 B64.99 E.03568
G1 X-9.2457 Z10.2643 B66.933 E.02528
G1 X-10.2858 Y.2137 Z9.8566 B68.863 E.03728
G1 X-10.9196 Z9.6095 B70. E.02263
G1 X-11.1569 Z9.5912 E.00792
G1 X-11.5332 Z9.5835 E.01256
G1 X-11.7655 Y.1488 Z9.5968 E.00804
G1 X-11.9815 Z9.6234 E.00742
G1 X-12.2606 Y.2027 Z9.6842 C49169.64 E.01825
G1 X-12.3635 Z9.708 E.00373
G1 X-12.6612 Z9.7979 C49167.478 E.01897
G1 X-12.9467 Y.0695 Z9.911 E.01113
G1 X-13.081 Y.1817 Z9.9634 C49165.328 E.01742
G1 X-13.3004 Y.043 Z10.0568 E.00917
G1 X-13.5325 Z10.1512 C49163.192 E.01877
G1 X-13.7169 Y.131 Z10.2272 C49161.072 E.01837
G1 X-13.9925 Z10.3472 C49158.967 E.01983
G1 X-14.1304 Z10.4065 C49156.881 E.01788
G1 X-14.3942 Z10.5192 C49154.813 E.01974
G1 X-14.58 Z10.5973 C49152.765 E.01859
G1 X-14.6592 Y.059 Z10.6317 E.00374
G1 X-14.7554 Y.1472 Z10.6716 C49150.739 E.01794
G1 X-14.876 Y.0171 Z10.7309 E.00622
G1 Z10.7401 E.00122
G1 Y.1393 Z10.7464 C49148.734 E.01784
G1 X-14.9452 Y.0484 Z10.7597 E.00383
G1 Y-.0599 Z10.763 E.00361
G1 Y.0693 Z10.7632 C49146.752 E.01773
G1 Y-.0839 E.00510
G1 Z10.7642 C49144.793 E.01701
G1 Y.038 Z10.7648 C49142.858 E.01727
G1 Y-.1582 Z10.7632 E.00653
G1 Y-.0197 Z10.765 C49140.949 E.01719
G1 Y-.1251 Z10.755 E.00360
G1 X-14.8743 Y-.2005 Z10.7365 E.00350
G1 Z10.7217 E.00191
G1 X-14.8112 Y-.093 Z10.7178 C49139.051 E.01684
G1 X-14.6122 Y-.2766 Z10.6415 E.00936
G1 X-14.546 Z10.6172 E.00266
G1 Y-.1472 Z10.6183 C49137.142 E.01670
G1 X-14.4312 Z10.5877 E.00397
G1 X-14.3686 Z10.5685 E.00218
G1 Y-.314 Z10.556 C49139.051 E.01688
G1 X-14.3114 Z10.5447 E.00204
G1 Y-.1186 Z10.5496 C49137.142 E.01714
G1 Y-.2812 Z10.5388 C49139.051 E.01678
G1 X-14.1955 Y-.1929 Z10.5138 E.00492
G1 X-14.133 Y-.1262 Z10.4961 E.00310
G1 X-13.9925 Z10.4509 C49140.949 E.01621
G1 X-13.7643 Z10.381 C49142.858 E.01721
G1 X-13.6591 Y-.1896 Z10.3463 C49144.793 E.01592
G1 X-13.4284 Z10.2783 C49146.752 E.01725
G1 X-13.1612 Z10.2026 C49148.734 E.01778
G1 X-12.9494 Z10.1427 C49150.739 E.01676
G1 X-12.7695 Y-.2695 Z10.0915 C49152.765 E.01647
G1 X-12.4961 Y-.1169 Z10.0278 E.01063
G1 X-12.2351 Y-.1822 Z9.9765 C49154.813 E.01716
G1 X-12.0929 Y-.1197 Z9.9527 E.00523
G1 Y-.3048 Z9.9421 C49156.881 E.01579
G1 X-11.7176 Y-.1754 Z9.8984 E.01328
G1 X-11.3954 Y-.2835 Z9.8733 C49158.967 E.01786
G1 X-11.2223 Z9.8635 E.00594
G1 X-10.7751 Y-.1567 Z9.8719 E.01546
G1 X-10.108 Y-.3119 Z10.0926 C49161.072 B68.862 E.02693
G1 X-9.1869 Z10.4537 B66.933 E.03293
G1 X-8.0929 Y-.2578 Z10.8057 B64.99 E.03827
G1 X-7.3985 Z11.0985 B63.035 E.02506
G1 X-6.6416 Z11.3596 B61.069 E.02663
G1 X-5.4116 Z11.6203 B59.093 E.04183
G1 X-4.5371 Z11.8281 B57.108 E.02993
G1 X-3.6148 Y-.3097 Z11.9925 B55.114 E.03121
G1 X-2.5465 Z12.1377 B53.114 E.03586
G1 X-1.6978 Z12.2574 B51.109 E.02851
G1 X-.8095 Z12.2946 B49.099 E.02957
G1 X.4292 Z12.3327 B47.086 E.04124
G1 X1.4032 Y-.2252 Z12.3236 B45.071 E.03252
G1 X2.4821 Y-.1496 Z12.2781 B43.055 E.03601
G1 X3.2808 Y-.0967 Z12.1977 B41.04 E.02676
G1 X4.076 Y-.0317 Z12.0591 B39.027 E.02693
G1 X4.9108 Y-.3626 Z11.9016 C49163.192 B37.017 E.03092
G1 X5.8947 Y-.243 Z11.697 B35.011 E.03366
G1 X6.9319 Y-.0828 Z11.4657 B33.011 E.03574
G1 X7.8366 Y-.3958 Z11.1865 C49165.328 B31.018 E.03456
G1 X8.7748 Y-.2206 Z10.8734 B29.032 E.03341
G1 X9.7343 Y-.0061 Z10.5256 B27.055 E.03469
G1 X10.0992 Y-.3762 Z10.5097 C49167.478 E.02141
G1 X10.7238 Y-.2711 Z10.1423 B25.089 E.02435
G1 X11.3816 Y-.1371 Z9.7434 B23.134 E.02597
G1 X11.654 Y-.0182 Z9.7368 E.00989
G1 X12.2997 Y-.4175 Z9.2864 C49169.64 B21.19 E.03317
G1 X13.1258 Y-.1754 Z8.8261 B19.261 E.03247
G1 X13.5455 Y.0405 Z8.8011 E.01572
G1 X14.0854 Y-.4284 Z8.3201 C49171.814 B17.345 E.03373
G1 X14.3669 Y-.2799 Z8.3016 E.01060
G1 X15.024 Y-.077 Z7.8045 B15.444 E.02822
G1 X15.7449 Y-.4279 Z7.2311 C49173.997 B13.559 E.03838
G1 X16.4748 Y-.1351 Z6.6647 C49173.996 B11.691 E.03223
G1 X16.9735 Y.0388 Z6.1035 C49173.997 B9.841 E.02563
G1 X17.387 Y-.3993 Z6.0803 C49176.187 E.02985
G1 X17.9177 Y-.1797 Z5.4806 B8.009 E.02762
G1 X18.1096 Y-.0622 Z5.473 E.00749
G1 X18.3191 Z4.8937 B6.195 E.02051
G1 X18.4405 Y.0494 Z4.8885 E.00549
G1 X18.4938 Y.1091 Z4.8941 E.00267
G1 Y.1919 Z4.909 E.00320
G1 X18.5624 Y.3 Z4.9296 E.00431
G1 Z4.9326 E.00072
G1 Y-.381 Z4.9361 C49178.385 E.03278
G1 X18.4764 Y.1951 Z4.9778 E.01942
G1 Y-.2946 Z4.9932 C49180.587 E.02872
G1 X18.3919 Y.1827 Z5.0262 E.01616
G1 Y.2927 Z5.0215 E.00383
G1 X18.2974 Y.3896 Z4.993 E.00460
G1 Y.4401 Z4.9607 E.00254
G1 X18.1742 Z4.9748 E.00430
G1 X17.9784 Y.3897 Z5.55 B8.009 E.02028
G1 X17.5677 Y.1293 Z5.5819 E.01621
G1 X16.8383 Y-.1937 Z6.1805 B9.841 E.03317
G1 X16.0854 Y.1586 Z6.7631 C49178.385 B11.691 E.03953
G1 X15.459 Y-.0675 Z7.3146 B13.559 E.02876
G1 X14.7005 Y.2818 Z7.8603 C49176.187 B15.444 E.03812
G1 X13.8527 Y-.0299 Z8.3894 B17.345 E.03482
G1 X13.2113 Y.3896 Z8.871 C49173.996 B19.261 E.03448
G1 X12.5589 Y.2156 Z9.3313 B21.191 E.02718
G1 X11.7263 Y-.0212 Z9.7775 B23.134 E.03239
G1 X10.8416 Y.2957 Z10.1925 C49171.814 B25.089 E.03683
G1 X10.3562 Y.0969 Z10.2291 E.01749
G1 X9.6612 Y-.0242 Z10.5971 B27.055 E.02646
G1 X8.7852 Y.3133 Z10.9369 C49169.64 B29.032 E.03501
G1 X7.8986 Y.1579 Z11.2572 B31.018 E.03178
G1 X6.9912 Y.0265 Z11.5351 B33.011 E.03186
G1 X6.2367 Y-.0489 Z11.7731 B35.012 E.02643
G1 X5.2746 Y.2903 Z11.975 C49167.478 B37.017 E.03522
G1 X4.2922 Y.2001 Z12.1413 B39.027 E.03327
G1 X3.2967 Y.1346 Z12.2685 B41.04 E.03345
G1 X2.2573 Z12.3586 B43.055 E.03473
G1 X1.209 Y.0728 Z12.408 B45.071 E.03497
G1 X.1801 Z12.4162 B47.086 E.03422
G1 X-.7356 Z12.3892 B49.099 E.03048
G1 X-1.7483 Y.127 Z12.3192 B51.109 E.03381
G1 X-2.9429 Y.1902 Z12.2041 B53.115 E.03997
G1 X-3.6777 Z12.0763 B55.115 E.02483
G1 X-4.5644 Y.268 Z11.899 B57.108 E.03019
G1 X-5.7316 Y.0781 Z11.6694 C49169.64 B59.093 E.04071
G1 X-6.6313 Y.1464 Z11.4127 B61.069 E.03120
G1 X-7.6566 Y.2234 Z11.1083 B63.036 E.03566
G1 X-8.5924 Y.0413 Z10.7811 C49171.814 B64.99 E.03523
G1 X-9.307 Z10.4368 B66.933 E.02641
G1 X-10.3945 Y.1244 Z10.0179 B68.863 E.03886
G1 X-11.1652 Z9.7608 B70. E.02702
G1 X-11.5017 Z9.7512 E.01126
G1 X-11.7706 Y.0424 Z9.7681 E.00937
G1 X-11.9438 Y.2038 Z9.7866 C49169.64 E.01702
G1 X-12.2808 Y.0868 Z9.8687 E.01218
G1 Y.28 Z9.8654 C49167.478 E.01671
G1 Y.0765 Z9.875 C49169.64 E.01686
G1 X-12.4614 Y.2075 Z9.9217 C49167.478 E.01738
G1 X-12.7068 Y.0865 Z10.0099 E.00956
G1 X-13.0138 Z10.1375 C49165.328 E.01966
G1 X-13.2731 Y.1369 Z10.2448 C49163.192 E.01900
G1 X-13.5482 Z10.3588 C49161.072 E.01939
G1 X-13.8485 Z10.4936 C49158.967 E.02018
G1 X-14.0416 Z10.5767 C49156.881 E.01838
G1 X-14.3239 Y.083 Z10.7012 C49154.813 E.02011
G1 X-14.4908 Z10.7697 C49152.765 E.01828
G1 X-14.6479 Y.1535 Z10.837 C49150.739 E.01829
G1 X-14.8205 Y-.0323 Z10.9204 E.00888
G1 Y.1377 Z10.9239 C49148.734 E.01816
G1 X-14.8732 Y.045 Z10.9421 E.00360
G1 Y-.101 Z10.9465 E.00488
G1 Y.0591 Z10.9474 C49146.752 E.01793
G1 Y-.0287 Z10.948 E.00295
G1 Y.0388 Z10.9483 C49144.793 E.01707
G1 Y-.1355 Z10.9471 E.00581
G1 Y-.0034 Z10.9486 C49142.858 E.01728
G1 Y-.1531 Z10.9478 E.00500
G1 Y-.0105 Z10.9495 C49140.949 E.01715
G1 Y-.1151 Z10.9411 E.00351
G1 X-14.823 Y-.184 Z10.9269 E.00288
G1 X-14.767 Y-.2468 Z10.905 E.00289
G1 Y-.0941 Z10.9004 C49139.051 E.01707
G1 X-14.5432 Y-.2737 Z10.8251 E.00987
G1 X-14.4605 Z10.7952 E.00325
G1 X-14.3875 Y-.3277 Z10.771 E.00313
G1 Y-.1483 Z10.7727 C49137.142 E.01704
G1 Y-.3273 Z10.7635 C49139.051 E.01704
G1 X-14.2593 Z10.7338 E.00447
G1 X-14.1671 Y-.23 Z10.7091 E.00453
G1 X-14.0844 Y-.1414 Z10.6861 E.00410
G1 X-14.0119 Y-.2431 Z10.6594 C49140.949 E.01601
G1 X-13.8241 Z10.6018 C49142.858 E.01666
G1 X-13.6844 Y-.1015 Z10.5617 E.00675
G1 X-13.5125 Z10.5094 C49144.793 E.01635
G1 X-13.2632 Z10.4354 C49146.752 E.01739
G1 X-12.992 Z10.3588 C49148.734 E.01765
G1 X-12.7415 Z10.2899 C49150.739 E.01720
G1 X-12.4622 Y-.1672 Z10.2161 C49152.765 E.01766
G1 X-12.205 Y-.2382 Z10.1638 C49154.813 E.01710
G1 X-12.0547 Y-.1698 Z10.1384 E.00556
G1 X-11.7095 Y-.2397 Z10.0858 C49156.881 E.01838
G1 X-11.3987 Y-.1436 Z10.0675 E.01084
G1 X-11.2305 Y-.3084 Z10.0495 C49158.967 E.01571
G1 X-10.8174 Y-.2235 Z10.0568 E.01403
G1 X-10.1253 Y-.1516 Z10.2859 B68.862 E.02437
G1 X-9.8742 Z10.3064 E.00843
G1 X-9.2228 Y-.3326 Z10.6391 C49161.072 B66.933 E.02748
G1 X-8.2229 Y-.0665 Z10.9932 C49158.967 B64.99 E.03774
G1 X-7.2259 Y-.3084 Z11.3018 C49161.072 B63.035 E.03671
G1 X-6.3733 Z11.574 B61.069 E.02977
G1 X-5.4298 Z11.8131 B59.093 E.03238
G1 X-4.6599 Z12.0141 B57.108 E.02648
G1 X-3.8813 Z12.177 B55.114 E.02647
G1 X-3.7631 Y-.0439 Z12.1875 C49158.967 E.01068
G1 X-3.5224 Y-.3431 Z12.1944 C49161.072 E.01349
G1 X-2.6185 Z12.3271 B53.114 E.03039
G1 X-2.5326 Y-.0325 Z12.342 C49158.967 E.01117
G1 X-1.8628 Y-.3461 Z12.4376 C49161.072 B51.109 E.02491
G1 X-1.6808 Z12.4523 E.00607
G1 X-.8717 Y-.0029 Z12.4939 C49158.967 B49.099 E.02929
G1 Y-.333 Z12.4891 C49161.072 E.01106
G1 X.4257 Z12.5291 B47.086 E.04319
G1 X1.3665 Y-.2517 Z12.5167 B45.071 E.03141
G1 X2.4713 Y-.1751 Z12.4751 B43.055 E.03686
G1 X3.2353 Z12.3918 B41.04 E.02561
G1 X4.0212 Y-.0684 Z12.2537 B39.027 E.02678
G1 X5.0814 Y-.3637 Z12.0947 C49163.192 B37.017 E.03751
G1 X5.8913 Y-.2802 Z11.8917 B35.011 E.02791
G1 X6.8119 Y-.1563 Z11.6611 B33.011 E.03183
G1 X7.2912 Y-.017 Z11.6482 E.01661
G1 X8.0355 Y-.385 Z11.371 C49165.328 B31.018 E.03078
G1 X8.8855 Y-.2369 Z11.0595 B29.032 E.03051
G1 X9.8205 Y-.0321 Z10.709 B27.055 E.03390
G1 X10.6242 Y-.3819 Z10.3383 C49167.478 B25.089 E.03432
G1 X11.3681 Y-.2173 Z9.9296 B23.134 E.02876
G1 X11.6906 Y-.0786 Z9.9201 E.01168
G1 X12.4116 Y-.4522 Z9.4642 C49169.64 B21.19 E.03467
G1 X13.1669 Y-.2468 Z9.0055 B19.261 E.03018
G1 X14.0667 Y.0649 Z8.5031 B17.345 E.03581
G1 X14.3673 Y-.3833 Z8.4792 C49171.814 E.02553
G1 X15.0254 Y-.1844 Z7.9782 B15.444 E.02829
G1 X15.572 Y-.014 Z7.4415 B13.559 E.02610
G1 X15.8478 Y-.4867 Z7.3964 C49173.997 E.02715
G1 X16.6155 Y-.1741 Z6.824 C49173.996 B11.691 E.03351
G1 X17.3969 Y.1676 Z6.2491 B9.841 E.03421
G1 X17.9073 Y-.3227 Z5.6449 C49176.187 B8.009 E.03843
G1 X18.127 Y-.1892 Z5.6345 E.00856
G1 X18.33 Z5.0563 B6.195 E.02039
G1 X18.4252 Y-.0882 Z5.0587 E.00462
G1 X18.4816 Y.0026 Z5.0734 E.00359
G1 Y.1141 Z5.0932 E.00387
G1 Y.2728 Z5.1106 E.00532
G1 Y.3419 Z5.1163 E.00231
G1 Y-.2952 Z5.1234 C49178.385 E.03171
G1 X18.3784 Y.2555 Z5.1571 E.01867
G1 X18.1649 Y-.1949 Z5.7525 C49180.587 B8.009 E.03473
G1 Y.0257 Z5.7661 E.00741
G1 X18.1046 Y.1159 Z5.7573 E.00362
G1 Y.1963 Z5.7308 E.00319
G1 X18.01 Y.2522 Z5.6962 E.00383
G1 X17.9049 Y.2 Z5.7158 E.00396
G1 X17.5613 Y-.0143 Z5.7432 E.01350
G1 X16.8063 Y.3338 Z6.3472 C49178.385 B9.841 E.04037
G1 X16.03 Y-.0013 Z6.9353 B11.691 E.03426
G1 X15.3485 Y.3902 Z7.4964 C49176.187 B13.559 E.03762
G1 X14.6534 Y.1382 Z8.0385 B15.444 E.03049
G1 X13.8472 Y-.1415 Z8.5649 B17.345 E.03335
G1 X13.028 Y.1931 Z9.0662 C49173.996 B19.261 E.03767
G1 X12.3153 Y.0027 Z9.5309 C49173.997 B21.191 E.02900
G1 X11.58 Y.3855 Z9.9664 C49171.814 B23.134 E.03443
G1 X10.7097 Y.1596 Z10.3853 B25.089 E.03299
G1 X9.834 Y-.0352 Z10.7708 B27.055 E.03248
G1 X9.0633 Y.3438 Z11.1137 C49169.64 B29.032 E.03282
G1 X8.74 Y.2343 Z11.1298 E.01137
G1 X7.8663 Y.0912 Z11.446 B31.018 E.03127
G1 X6.9465 Y-.0375 Z11.7262 B33.011 E.03226
G1 X6.1435 Y.3364 Z11.962 C49167.478 B35.011 E.03145
G1 X5.3086 Y.2539 Z12.1655 B37.017 E.02871
G1 X4.3436 Y.167 Z12.3328 B39.027 E.03270
G1 X3.3682 Y.103 Z12.4612 B41.04 E.03279
G1 X2.442 Z12.5548 B43.055 E.03099
G1 X1.4468 Y.0391 Z12.6063 B45.071 E.03321
G1 X.2807 Z12.6113 B47.086 E.03879
G1 X-.8458 Z12.5774 B49.099 E.03749
G1 X-1.7874 Z12.5104 B51.109 E.03144
G1 X-2.8789 Y.1369 Z12.3968 B53.115 E.03665
G1 X-3.8748 Y.19 Z12.2514 B55.115 E.03352
G1 X-4.7854 Z12.0763 B57.108 E.03088
G1 X-5.7498 Y.0168 Z11.8524 C49169.64 B59.093 E.03420
G1 Y.2956 Z11.8473 C49167.478 E.01176
G1 Y.0171 Z11.8523 C49169.64 E.01174
G1 X-6.4627 Z11.6172 B61.069 E.02500
G1 X-7.2652 Y.1052 Z11.3342 B63.036 E.02845
G1 X-8.3642 Y.1816 Z10.9819 B64.99 E.03847
G1 X-9.4241 Y.2354 Z10.5946 B66.933 E.03758
G1 X-10.0881 Z10.2296 B68.862 E.02521
G1 X-10.6157 Y.0306 Z9.9811 C49171.814 B70. E.02454
G1 X-10.8965 Y.2485 Z9.949 C49169.64 E.01817
G1 X-11.2262 Z9.9219 E.01102
G1 X-11.523 Y.1955 Z9.9178 E.01003
G1 X-11.8114 Y.1368 Z9.9416 E.00982
G1 X-11.9528 Z9.968 E.00497
G1 X-12.2833 Z10.0484 C49167.478 E.01918
G1 X-12.626 Y.2188 Z10.1685 C49165.328 E.02004
G1 X-12.9704 Z10.3177 C49163.192 E.02036
G1 X-13.2225 Y.0569 Z10.4269 E.01061
G1 X-13.3634 Y.1638 Z10.4836 C49161.072 E.01757
G1 X-13.6127 Z10.5943 C49158.967 E.01896
G1 X-13.859 Z10.7039 C49156.881 E.01904
G1 X-14.1348 Z10.8258 C49154.813 E.01972
G1 X-14.3697 Z10.9313 C49152.765 E.01915
G1 X-14.5087 Z10.9879 C49150.739 E.01780
G1 X-14.7155 Y-.0226 Z11.0874 E.00983
G1 Y.1483 Z11.0958 C49148.734 E.01806
G1 X-14.7895 Y.0662 Z11.1193 E.00376
G1 Y-.0149 Z11.1291 E.00282
G1 Y-.0888 Z11.1314 E.00264
G1 Y.05 Z11.1315 C49146.752 E.01766
G1 Y-.1323 Z11.1312 E.00614
G1 Z11.1323 C49144.793 E.01689
G1 Y-.0121 Z11.1333 C49142.858 E.01711
G1 Y-.1683 Z11.1318 E.00528
G1 Y-.0034 Z11.1339 C49140.949 E.01730
G1 Y-.1065 Z11.1269 E.00345
G1 Y-.1954 Z11.1086 E.00331
G1 X-14.6998 Y-.25 Z11.0893 E.00355
G1 Y-.0906 Z11.0847 C49139.051 E.01707
G1 X-14.4659 Y-.2766 Z11.0056 E.01028
G1 X-14.3788 Z10.9745 E.00334
G1 Z10.9668 E.00168
G1 Y-.135 Z10.9738 C49137.142 E.01664
G1 Y-.3219 Z10.9649 C49139.051 E.01714
G1 X-14.2696 Z10.9402 E.00373
G1 X-14.2075 Z10.9229 E.00224
G1 Y-.1077 Z10.9241 C49137.142 E.01730
G1 Y-.2876 Z10.9146 C49139.051 E.01688
G1 X-14.0968 Y-.2229 Z10.8932 E.00432
G1 X-14.0436 Y-.1658 Z10.8783 E.00264
G1 X-13.9846 Y-.286 Z10.8547 C49140.949 E.01606
G1 X-13.8191 Y-.116 Z10.8081 E.00804
G1 X-13.6528 Z10.7562 C49142.858 E.01622
G1 X-13.4807 Y-.1758 Z10.7023 C49144.793 E.01641
G1 X-13.2232 Z10.627 C49146.752 E.01750
G1 X-12.9875 Z10.559 C49148.734 E.01703
G1 X-12.7161 Z10.4831 C49150.739 E.01753
G1 X-12.6081 Y-.1222 Z10.455 E.00412
G1 X-12.3654 Y-.1858 Z10.3931 C49152.765 E.01689
G1 X-12.0684 Y-.245 Z10.3325 C49154.813 E.01765
G1 X-11.7852 Y-.1264 Z10.2938 E.01029
G1 X-11.583 Y-.2642 Z10.2657 C49156.881 E.01614
G1 X-11.2085 Y-.1531 Z10.2454 E.01301
G1 X-10.7801 Y-.2781 Z10.2461 C49158.967 E.01977
G1 X-10.0447 Y-.1981 Z10.4802 B68.862 E.02581
G1 X-9.1301 Y-.1441 Z10.8445 B66.933 E.03279
G1 X-8.1686 Z11.1897 B64.99 E.03400
G1 X-7.382 Y-.3556 Z11.4786 C49161.072 B63.035 E.03013
G1 X-6.3404 Z11.7679 B61.069 E.03596
G1 X-5.4749 Y-.0815 Z12.0098 C49158.967 B59.093 E.03196
G1 X-4.6955 Y-.3666 Z12.2056 C49161.072 B57.108 E.02894
G1 X-3.6299 Z12.3823 B55.114 E.03593
G1 X-2.637 Z12.5225 B53.114 E.03335
G1 X-1.7079 Z12.6459 B51.109 E.03117
G1 X-.8454 Z12.6864 B49.099 E.02872
G1 X-.7601 Y-.0165 Z12.6941 C49158.967 E.01202
G1 X.1621 Y-.3343 Z12.7163 C49161.072 B47.086 E.03245
G1 X1.1942 Z12.7048 B45.071 E.03436
G1 X2.3678 Y-.213 Z12.6649 B43.055 E.03927
G1 X3.279 Y-.1467 Z12.5855 B41.04 E.03050
G1 X4.0579 Y-.0882 Z12.4492 B39.027 E.02637
G1 X4.9717 Y-.4184 Z12.2894 C49163.192 B37.017 E.03332
G1 X5.9282 Y-.308 Z12.0848 B35.011 E.03274
G1 X6.8375 Y-.1889 Z11.8531 B33.011 E.03146
G1 X7.3179 Y-.0508 Z11.84 E.01663
G1 X8.1512 Y-.399 Z11.558 C49165.328 B31.018 E.03306
G1 X9.0588 Y-.2308 Z11.2422 B29.032 E.03245
G1 X9.909 Y-.0585 Z10.8957 B27.055 E.03107
G1 X10.713 Y-.4148 Z10.5198 C49167.478 B25.089 E.03451
G1 X11.4397 Y-.2612 Z10.1119 B23.134 E.02818
G1 X11.7338 Y-.1356 Z10.1031 E.01064
G1 X12.4855 Y.067 Z9.646 B21.19 E.03003
G1 X13.3293 Y-.2587 Z9.1767 C49169.64 B19.261 E.03780
G1 X13.9967 Y-.072 Z8.6895 B17.345 E.02818
G1 X14.334 Y.1136 Z8.6602 E.01284
G1 X14.8918 Y-.3629 Z8.1603 C49171.814 B15.444 E.03500
G1 X15.4746 Y-.1907 Z7.6366 B13.559 E.02668
G1 X16.1885 Y.1058 Z7.0408 B11.691 E.03246
G1 X17.012 Y-.1936 Z6.4358 C49173.997 B9.841 E.04146
G1 X17.352 Y.0086 Z6.4179 E.01317
G1 X17.8242 Y.188 Z5.8259 B8.009 E.02588
G1 X17.8981 Y-.4662 Z5.8141 C49176.187 E.03159
G1 X18.1238 Y-.3245 Z5.7977 E.00888
G1 Z5.7989 E.00079
G1 X18.3394 Z5.2224 B6.195 E.02049
G1 X18.4104 Y-.2092 Z5.2349 E.00452
G1 Y-.1287 Z5.2492 E.00292
G1 Y-.0343 Z5.2638 E.00349
G1 Y.1388 Z5.2788 E.00581
G1 Y.2999 Z5.2904 E.00539
G1 X18.16 Y-.078 Z5.8919 C49178.385 B8.009 E.03412
G1 X18.0866 Y.3855 Z5.9164 E.01563
G1 Y-.2871 Z5.9202 C49180.587 E.03217
G1 Y-.1587 Z5.9265 E.00436
G1 X18.0349 Y-.0798 Z5.9196 E.00314
G1 Y.0123 Z5.8917 E.00360
G1 X17.9407 Y.0631 Z5.8588 E.00372
G1 X17.833 Z5.88 E.00401
G1 X17.6569 Y-.0943 Z5.8957 E.00787
G1 X16.865 Y.2364 Z6.5064 C49178.385 B9.841 E.04114
G1 X16.0588 Y-.1106 Z7.0987 B11.691 E.03522
G1 X15.4334 Y.3181 Z7.6589 C49176.187 B13.559 E.03703
G1 X14.5996 Y-.0061 Z8.2184 B15.444 E.03510
G1 X13.8973 Y.387 Z8.7341 C49173.996 B17.345 E.03638
G1 X13.0654 Y.1117 Z9.2414 B19.261 E.03368
G1 X12.27 Y-.1113 Z9.7155 C49173.997 B21.191 E.03168
G1 X11.4386 Y.2354 Z10.163 C49171.814 B23.134 E.03646
G1 X10.7218 Y.0857 Z10.568 B25.089 E.02783
G1 X9.8373 Y-.1072 Z10.9575 B27.055 E.03278
G1 X9.0067 Y.2595 Z11.3036 C49169.64 B29.032 E.03426
G1 X8.6869 Y.1552 Z11.3214 E.01120
G1 X7.8093 Y.0182 Z11.6376 B31.018 E.03136
G1 X7.0889 Y-.0575 Z11.9107 B33.011 E.02575
G1 X6.7238 Y.3253 Z11.9229 C49167.478 E.01952
G1 X5.8352 Y.2271 Z12.1607 B35.011 E.03077
G1 X5.0279 Y.1623 Z12.3584 B37.017 E.02773
G1 X4.2024 Y.108 Z12.5226 B39.027 E.02805
G1 X3.1515 Y.0441 Z12.6524 B41.04 E.03528
G1 X2.0531 Z12.7382 B43.055 E.03667
G1 X.9642 Z12.7866 B45.071 E.03629
G1 X-.0032 Z12.7933 B47.086 E.03221
G1 X-.8452 Y.3624 Z12.7636 C49165.328 B49.099 E.02998
G1 X-1.7266 Y.0384 Z12.7027 C49167.478 B51.109 E.03137
G1 X-2.8973 Y.0909 Z12.5884 B53.115 E.03916
G1 X-3.6658 Z12.4563 B55.115 E.02595
G1 X-4.6693 Y.1732 Z12.2724 B57.108 E.03404
G1 X-5.7748 Y.2396 Z12.0341 B59.093 E.03768
G1 X-6.6086 Z11.7829 B61.069 E.02900
G1 X-7.4631 Y.0531 Z11.4988 C49169.64 B63.036 E.03199
G1 X-8.34 Z11.1679 B64.99 E.03121
G1 X-9.411 Y.1516 Z10.7757 B66.933 E.03808
G1 X-10.3935 Z10.3647 B68.862 E.03543
G1 X-11.1739 Z10.0983 B70. E.02743
G1 X-11.4851 Z10.0892 E.01046
G1 X-11.6988 Y.2795 Z10.0953 C49167.478 E.01686
G1 Y.0612 Z10.1037 C49169.64 E.01639
G1 X-11.8554 Y.2375 Z10.1209 C49167.478 E.01683
G1 X-12.1876 Y.1153 Z10.207 E.01212
G1 X-12.5044 Y.1748 Z10.3179 C49165.328 E.01929
G1 X-12.8585 Z10.4731 C49163.192 E.02048
G1 X-13.0624 Y.0492 Z10.5632 E.00851
G1 X-13.3117 Z10.6697 C49161.072 E.01875
G1 X-13.5854 Z10.7945 C49158.967 E.01943
G1 X-13.7889 Y.1359 Z10.8856 C49156.881 E.01850
G1 X-14.036 Z10.9948 C49154.813 E.01910
G1 X-14.2288 Z11.0812 C49152.765 E.01833
G1 X-14.3187 Y.0744 Z11.1211 E.00386
G1 X-14.4082 Y.1913 Z11.157 C49150.739 E.01768
G1 X-14.6058 Y-.0126 Z11.252 E.00996
G1 Y.1743 Z11.2562 C49148.734 E.01811
G1 X-14.7012 Y.0787 Z11.2944 E.00467
G1 Y-.0223 Z11.3119 E.00366
G1 Y-.0993 Z11.3149 E.00305
G1 Y.0716 Z11.3155 C49146.752 E.01792
G1 Y-.0978 Z11.3161 E.00587
G1 Z11.3172 C49144.793 E.01682
G1 Y.0251 Z11.3176 C49142.858 E.01709
G1 Y-.1763 Z11.316 E.00690
G1 Y-.0088 Z11.3182 C49140.949 E.01729
G1 Y-.1106 Z11.3111 E.00353
G1 Y-.2064 Z11.2904 E.00337
G1 X-14.6309 Z11.2729 E.00290
G1 Y-.0895 Z11.2681 C49139.051 E.01661
G1 X-14.4002 Y-.2714 Z11.1905 E.01011
G1 X-14.3246 Z11.1633 E.00294
G1 X-14.2265 Z11.1318 E.00377
G1 X-14.1206 Z11.1024 E.00371
G1 X-14.0202 Y-.2089 Z11.0753 E.00403
G1 X-13.9361 Y-.1179 Z11.0515 E.00420
G1 X-13.7781 Z11.0005 C49140.949 E.01618
G1 X-13.5545 Z10.9319 C49142.858 E.01692
G1 X-13.3214 Z10.8615 C49144.793 E.01702
G1 X-13.0733 Z10.7876 C49146.752 E.01718
G1 X-12.8249 Z10.7165 C49148.734 E.01708
G1 X-12.5766 Y-.1711 Z10.6459 C49150.739 E.01706
G1 X-12.3426 Y-.242 Z10.5843 C49152.765 E.01677
G1 X-12.1123 Y-.1235 Z10.54 E.00874
G1 X-11.7827 Y-.1905 Z10.4846 C49154.813 E.01802
G1 X-11.6305 Y-.1311 Z10.4668 E.00547
G1 X-11.4089 Y-.2741 Z10.4443 C49156.881 E.01628
G1 X-11.1588 Y-.2 Z10.431 E.00869
G1 X-10.7316 Y-.1008 Z10.4419 E.01459
G1 X-10.0557 Y-.2563 Z10.6662 C49158.967 B68.862 E.02713
G1 X-9.1435 Y-.1959 Z11.031 B66.933 E.03274
G1 X-8.1705 Z11.3805 B64.99 E.03441
G1 X-7.3507 Y-.1383 Z11.6813 B63.035 E.02911
G1 X-6.3001 Z11.9714 B61.069 E.03626
G1 X-5.493 Z12.2002 B59.093 E.02791
G1 X-4.6536 Z12.4082 B57.108 E.02878
G1 X-3.6443 Z12.5804 B55.114 E.03408
G1 X-2.5697 Y-.0819 Z12.7278 B53.114 E.03613
G1 X-1.7119 Y-.4004 Z12.8394 C49161.072 B51.109 E.03073
G1 X-.8409 Z12.8803 B49.099 E.02901
G1 X.3146 Y-.3491 Z12.9153 B47.086 E.03849
G1 X1.399 Y-.2963 Z12.9083 B45.071 E.03611
G1 X2.4525 Y-.2264 Z12.864 B43.055 E.03515
G1 X3.2527 Z12.7817 B41.04 E.02680
G1 X4.0335 Y-.1194 Z12.6433 B39.027 E.02662
G1 X5.0758 Y-.4321 Z12.4823 C49163.192 B37.017 E.03712
G1 X5.9028 Y-.3503 Z12.2783 B35.011 E.02846
G1 X6.8364 Y-.2294 Z12.0458 B33.011 E.03225
G1 X7.2868 Y-.1022 Z12.0323 E.01557
G1 X8.1727 Y-.4419 Z11.7489 C49165.328 B31.018 E.03446
G1 X9.05 Y-.2884 Z11.433 B29.032 E.03143
G1 X9.9993 Y-.0833 Z11.0797 B27.055 E.03437
G1 X10.7715 Y-.4596 Z10.7022 C49167.478 B25.089 E.03398
G1 X11.5004 Y-.3095 Z10.296 B23.134 E.02820
G1 X11.8081 Y-.178 Z10.2836 E.01114
G1 X12.4449 Y-.0354 Z9.8346 B21.19 E.02635
G1 X13.2358 Y-.3938 Z9.3632 C49169.64 B19.261 E.03682
G1 X14.0521 Y-.1402 Z8.8652 B17.345 E.03291
G1 X14.7841 Y.1 Z8.3452 B15.444 E.03091
G1 X15.4435 Y-.3201 Z7.8159 C49171.814 B13.559 E.03696
G1 X15.8035 Y-.1039 Z7.764 E.01407
G1 X16.2237 Y.0065 Z7.2114 B11.691 E.02338
G1 X17.0802 Y-.2802 Z6.599 C49173.996 B9.841 E.04225
G1 X17.7483 Y-.0036 Z6.0083 B8.009 E.03106
G1 X18.0708 Y.2224 Z5.9635 E.01318
G1 Y-.4839 Z5.9629 C49176.187 E.03287
G1 X18.1493 Y-.4148 Z5.972 E.00349
G1 Y-.3551 Z5.9849 E.00241
G1 X18.3794 Z5.409 B6.195 E.02063
G1 Y-.2405 Z5.4279 E.00394
G1 Y-.1309 Z5.4401 E.00371
G1 Y-.0647 Z5.4446 E.00221
G1 X18.186 Z6.0265 B8.009 E.02046
G1 Y.2337 Z6.0429 E.01008
G1 X18.0595 Y-.0316 Z6.0708 C49178.385 E.02505
G1 X17.9953 Y.3682 Z6.0898 E.01348
G1 Y.4314 Z6.0882 E.00221
G1 Y-.268 Z6.0856 C49180.587 E.03273
G1 X17.9216 Y-.1809 Z6.062 E.00388
G1 Y-.1234 Z6.0253 E.00272
G1 X17.7932 Z6.0425 E.00442
G1 X17.7196 Y-.1951 Z6.0512 E.00343
G1 Y.4978 Z6.0526 C49178.385 E.03233
G1 X17.5864 Y.4289 Z6.0638 E.00500
G1 X16.8772 Y.1095 Z6.6717 B9.841 E.03283
G1 X16.0252 Y.4048 Z7.2719 C49176.187 B11.691 E.04143
G1 X15.4038 Y.1791 Z7.8346 B13.559 E.02887
G1 X14.6305 Y-.1029 Z8.3895 B15.444 E.03302
G1 X13.835 Y.2467 Z8.9192 C49173.996 B17.345 E.03815
G1 X13.0997 Y.0296 Z9.417 B19.261 E.03040
G1 X12.2201 Y.3492 Z9.8999 C49171.814 B21.19 E.03830
G1 X11.3528 Y.1151 Z10.3546 B23.134 E.03349
G1 X10.5416 Y-.0619 Z10.7674 B25.089 E.03084
G1 X9.6677 Y.2875 Z11.1525 C49169.64 B27.055 E.03596
G1 X8.7789 Y.122 Z11.504 B29.032 E.03226
G1 X8.0865 Y.0372 Z11.8126 B31.018 E.02537
G1 X7.2139 Y-.0816 Z12.0958 B33.011 E.03077
G1 X6.7975 Y.2941 Z12.1098 C49167.478 E.02052
G1 X5.8236 Y.1805 Z12.3523 B35.011 E.03359
G1 X5.0639 Y.1254 Z12.5501 B37.017 E.02617
G1 X4.0755 Y.0518 Z12.7154 B39.027 E.03342
G1 X3.0425 Y-.0029 Z12.8457 B41.04 E.03468
G1 X1.9535 Z12.9292 B43.055 E.03634
G1 X1.0836 Y.3343 Z12.9779 C49165.328 B45.071 E.03111
G1 X.0238 Z12.9834 B47.086 E.03525
G1 X-.9372 Z12.9527 B49.099 E.03198
G1 X-1.7767 Y-.0017 Z12.8922 C49167.478 B51.109 E.03022
G1 X-2.9357 Z12.7755 B53.115 E.03878
G1 X-3.7636 Y.3889 Z12.6341 C49165.328 B55.114 E.03117
G1 X-4.626 Y.1134 Z12.463 C49167.478 B57.108 E.03118
G1 X-5.7998 Y.1812 Z12.2213 B59.093 E.03992
G1 X-6.5839 Z11.9712 B61.069 E.02740
G1 X-7.4411 Y.2489 Z11.6824 B63.036 E.03017
G1 X-8.1588 Z11.3704 B64.99 E.02604
G1 X-8.3023 Y.0194 Z11.3574 C49169.64 E.01378
G1 X-9.3873 Z10.9591 B66.933 E.03847
G1 X-10.3725 Y.0798 Z10.543 B68.862 E.03563
G1 X-10.8343 Z10.3057 B70. E.01727
G1 Y.3024 Z10.2956 C49167.478 E.01554
G1 X-10.8942 Y.069 Z10.2992 C49169.64 E.01585
G1 X-10.9785 Z10.2881 E.00283
G1 Y.2943 Z10.281 C49167.478 E.01569
G1 Y.0632 Z10.2847 C49169.64 E.01580
G1 X-11.2012 Z10.2695 E.00744
G1 X-11.4716 Y.2369 Z10.2569 C49167.478 E.01794
G1 X-11.7304 Y.1792 Z10.2763 E.00884
G1 X-12.0663 Y.0614 Z10.3587 E.01215
G1 X-12.3195 Y.1626 Z10.4462 C49165.328 E.01809
G1 X-12.4131 Z10.4805 E.00368
G1 X-12.5933 Y.2311 Z10.5578 C49163.192 E.01708
G1 X-12.9309 Y.0226 Z10.7105 E.01414
G1 X-13.0511 Y.1616 Z10.7604 C49161.072 E.01727
G1 X-13.3118 Z10.8756 C49158.967 E.01886
G1 X-13.549 Y.0095 Z10.9898 E.01011
G1 Y.2015 Z10.9991 C49156.881 E.01764
G1 X-13.9024 Y.1449 Z11.1467 C49154.813 E.02108
G1 X-14.1797 Z11.2728 C49152.765 E.01972
G1 X-14.3256 Z11.3345 C49150.739 E.01768
G1 X-14.4879 Y.0078 Z11.4122 E.00752
G1 Y.1701 Z11.4305 C49148.734 E.01778
G1 X-14.6198 Y.0724 Z11.4725 E.00564
G1 Y-.0066 Z11.4909 E.00304
G1 X-14.6822 Y-.1005 Z11.499 E.00376
G1 Y.069 Z11.5003 C49146.752 E.01781
G1 Y-.0844 Z11.4998 E.00510
G1 Y.053 Z11.5008 C49144.793 E.01731
G1 Y-.1405 Z11.5001 E.00643
G1 Y-.0267 Z11.5018 C49142.858 E.01692
G1 Y-.1778 Z11.5003 E.00503
G1 Y-.0074 Z11.5025 C49140.949 E.01723
G1 Y-.108 Z11.4961 E.00340
G1 X-14.6262 Y-.1875 Z11.4814 E.00327
G1 X-14.554 Y-.2677 Z11.4532 E.00371
G1 Y-.089 Z11.451 C49139.051 E.01712
G1 X-14.3331 Y-.2672 Z11.375 E.00977
G1 X-14.2483 Z11.3445 E.00327
G1 Z11.3393 E.00153
G1 Y-.1133 Z11.3427 C49137.142 E.01663
G1 Y-.3141 Z11.3309 C49139.051 E.01721
G1 X-14.1099 Z11.3028 E.00471
G1 X-14.0226 Z11.2791 E.00339
G1 X-13.938 Y-.1888 Z11.2558 E.00509
G1 X-13.8723 Y-.1171 Z11.2372 E.00329
G1 X-13.7967 Y-.2337 Z11.2089 C49140.949 E.01592
G1 X-13.4654 Y-.1052 Z11.1101 C49142.858 E.01932
G1 X-13.2637 Z11.0473 C49144.793 E.01649
G1 X-12.9969 Z10.9693 C49146.752 E.01744
G1 X-12.7217 Z10.8909 C49148.734 E.01747
G1 X-12.5177 Y-.2037 Z10.8297 C49150.739 E.01653
G1 X-12.331 Y-.3057 Z10.7764 C49152.765 E.01624
G1 X-12.0527 Y-.1589 Z10.7232 E.01061
G1 X-11.8487 Y-.283 Z10.6852 C49154.813 E.01622
G1 X-11.5816 Y-.1746 Z10.6523 E.00965
G1 X-11.2021 Y-.2739 Z10.6206 C49156.881 E.01877
G1 X-10.8821 Y-.1902 Z10.6229 E.01100
G1 X-10.318 Y-.118 Z10.8491 B68.862 E.02036
G1 X-10.1438 Z10.8544 E.00590
G1 Y-.3262 Z10.8478 C49158.967 E.01411
G1 Y-.0831 Z10.8552 C49156.881 E.01471
G1 X-9.2546 Y-.2604 Z11.2112 C49158.967 B66.933 E.03428
G1 X-8.3244 Z11.5562 B64.99 E.03303
G1 X-7.3345 Y-.1801 Z11.8732 B63.035 E.03467
G1 X-6.4761 Z12.1509 B61.069 E.03001
G1 X-5.5963 Z12.3855 B59.093 E.03030
G1 X-4.7197 Z12.5975 B57.108 E.03002
G1 X-3.7658 Z12.7685 B55.114 E.03227
G1 X-2.6341 Y-.1092 Z12.9179 B53.114 E.03804
G1 X-1.6529 Z13.0418 B51.109 E.03290
G1 X-.8933 Z13.0802 B49.099 E.02533
G1 Y-.4142 Z13.0738 C49161.072 E.01025
G1 X.1935 Z13.1069 B47.086 E.03618
G1 X1.2518 Y-.3347 Z13.0956 B45.071 E.03530
G1 X2.3979 Y-.2587 Z13.0556 B43.055 E.03823
G1 X3.2253 Y-.2078 Z12.9742 B41.04 E.02771
G1 X4.0141 Y-.1513 Z12.8387 B39.027 E.02669
G1 X5.0792 Y-.0295 Z12.6791 B37.017 E.03605
G1 X5.9497 Y-.3768 Z12.473 C49163.192 B35.011 E.03275
G1 X6.9005 Y-.2525 Z12.2356 B33.011 E.03286
G1 X7.9058 Y-.0863 Z11.9562 B31.018 E.03514
G1 X8.7757 Y-.4337 Z11.6383 C49165.328 B29.032 E.03466
G1 X9.6434 Y-.2764 Z11.2896 B27.055 E.03154
G1 X10.0182 Y-.1369 Z11.2702 E.01332
G1 X10.7201 Y-.0106 Z10.898 B25.089 E.02676
G1 X11.4637 Y-.3981 Z10.4844 C49167.478 B23.134 E.03423
G1 X11.8173 Y-.2504 Z10.47 E.01275
G1 X12.4821 Y-.0997 Z10.0175 B21.19 E.02721
G1 X13.2922 Y-.4564 Z9.5412 C49169.64 B19.261 E.03737
G1 X14.1104 Y-.2069 Z9.0406 B17.345 E.03296
G1 X14.74 Y-.0275 Z8.5268 B15.444 E.02768
G1 X15.0974 Y-.4677 Z8.5007 C49171.814 E.02683
G1 X15.6792 Y-.2985 Z7.965 B13.559 E.02690
G1 X16.3331 Y-.0476 Z7.3731 B11.691 E.03050
G1 X17.1805 Y-.3473 Z6.7591 C49173.997 B9.841 E.04225
G1 X17.7694 Y-.1248 Z6.1741 C49173.996 B8.009 E.02858
G1 X18.0259 Y.0527 Z6.1396 E.01044
G1 X18.0879 Y.1141 Z6.1383 C49173.997 E.00290
G1 X18.142 Y.2088 Z6.1517 C49173.996 E.00366
G1 Y.3141 Z6.1732 E.00365
G1 Y-.3896 Z6.1759 C49176.187 E.03288
G1 Y-.2267 Z6.1916 E.00544
G1 X18.0613 Y.1582 Z6.2161 E.01311
G1 Y-.3079 Z6.2316 C49178.385 E.02783
G1 X17.9338 Y.186 Z6.2562 E.01698
G1 Y.2703 Z6.2493 E.00299
G1 X17.847 Y.3618 Z6.2216 E.00429
G1 Z6.1914 E.00246
G1 X17.6812 Z6.2174 E.00559
G1 X17.4882 Y.2258 Z6.2396 E.00789
G1 X16.982 Y.0415 Z6.8259 B9.841 E.02648
G1 X16.1128 Y.3319 Z7.4325 C49176.187 B11.691 E.04194
G1 X15.2949 Y-.0037 Z8.0228 B13.559 E.03536
G1 X14.7019 Y.4566 Z8.5536 C49173.996 B15.444 E.03585
G1 X14.0077 Y.2342 Z9.077 B17.345 E.02985
G1 X13.1843 Y-.0273 Z9.5873 B19.261 E.03337
G1 X12.318 Y.3062 Z10.0716 C49171.814 B21.19 E.03816
G1 X11.5961 Y.1374 Z10.5147 B23.134 E.02873
G1 X10.7091 Y-.0749 Z10.9395 B25.089 E.03346
G1 X10.3979 Y.3479 Z10.9642 C49169.64 E.02186
G1 X9.5203 Y.1693 Z11.3508 B27.055 E.03245
G1 X8.7749 Y.0584 Z11.6943 B29.032 E.02755
G1 X7.9879 Y-.0484 Z12.0072 B31.018 E.02839
G1 X7.0698 Y.312 Z12.2888 C49167.478 B33.011 E.03525
G1 X6.2781 Y.2277 Z12.5321 B35.011 E.02769
G1 X5.3018 Y.1227 Z12.7398 B37.017 E.03338
G1 X4.2712 Y.0352 Z12.9077 B39.027 E.03485
G1 X3.2929 Y-.0215 Z13.0343 B41.04 E.03287
G1 X2.316 Y.3462 Z13.1244 C49165.328 B43.055 E.03497
G1 X1.2447 Z13.1732 B45.071 E.03569
G1 X.0531 Y.2888 Z13.1746 B47.086 E.03968
G1 X-.8833 Z13.1468 B49.099 E.03116
G1 X-1.7182 Z13.0831 B51.109 E.02785
G1 X-2.8527 Y-.0085 Z12.9727 C49167.478 B53.115 E.03934
G1 X-3.7133 Y.3412 Z12.8278 C49165.328 B55.114 E.03161
G1 X-4.7716 Y.0688 Z12.6416 C49167.478 B57.108 E.03735
G1 X-5.8031 Y.1197 Z12.4105 B59.093 E.03520
G1 X-6.254 Z12.2005 B61.069 E.01654
G1 X-6.6905 Z12.1457 E.01469
G1 X-7.4844 Y.1843 Z11.863 B63.036 E.02811
G1 X-8.2835 Z11.5378 B64.99 E.02871
G1 X-9.4424 Y.2373 Z11.126 B66.933 E.04094
G1 X-10.2911 Z10.7296 B68.862 E.03116
G1 X-10.6684 Z10.4941 B70. E.01479
G1 X-11.117 Z10.4465 E.01506
G1 X-11.4472 Y.151 Z10.4334 E.01136
G1 X-11.6774 Y.0996 Z10.4475 E.00786
G1 X-12.0088 Y.2061 Z10.5258 C49165.328 E.01912
G1 X-12.3214 Y.2793 Z10.6378 C49163.192 E.01901
G1 Y.0413 Z10.6546 C49165.328 E.01724
G1 X-12.5258 Y.1649 Z10.7334 C49163.192 E.01764
G1 X-12.8528 Z10.8793 C49161.072 E.01981
G1 X-13.1123 Y.0096 Z10.9969 E.01079
G1 X-13.3548 Z11.1104 C49158.967 E.01865
G1 X-13.6175 Y.0655 Z11.232 C49156.881 E.01919
G1 X-13.8404 Z11.333 C49154.813 E.01853
G1 X-14.0581 Y.1163 Z11.4294 C49152.765 E.01857
G1 X-14.2352 Z11.5078 C49150.739 E.01801
G1 X-14.3578 Y.0378 Z11.5669 E.00522
G1 X-14.4284 Y.1814 Z11.5979 C49148.734 E.01765
G1 X-14.5504 Y.0475 Z11.6561 E.00633
G1 Y-.0302 Z11.6747 E.00302
G1 X-14.609 Y-.0839 Z11.6808 E.00265
G1 Y.0943 Z11.6832 C49146.752 E.01782
G1 Y-.1105 Z11.6838 E.00682
G1 Y-.009 Z11.6854 C49144.793 E.01695
G1 Z11.6859 C49142.858 E.01643
G1 Y-.1288 Z11.6854 E.00399
G1 Y.0322 Z11.6869 C49140.949 E.01705
G1 Y-.0735 Z11.6841 E.00352
G1 Y-.1269 Z11.6783 E.00186
G1 Y.0524 Z11.6756 C49139.051 E.01719
G1 Y-.1759 Z11.669 C49140.949 E.01785
G1 X-14.4714 Y-.285 Z11.6313 E.00597
G1 Y-.1027 Z11.6281 C49139.051 E.01708
G1 X-14.2773 Y-.255 Z11.5636 E.00848
G1 X-14.2042 Z11.5366 E.00293
G1 X-14.1186 Y-.311 Z11.5088 E.00353
G1 X-14.0157 Z11.4803 E.00360
G1 X-13.9422 Y-.2522 Z11.4603 E.00320
G1 X-13.8161 Y-.1244 Z11.425 E.00609
G1 X-13.7582 Y-.2655 Z11.4022 C49140.949 E.01600
G1 X-13.5975 Y-.0986 Z11.3552 E.00786
G1 X-13.4177 Z11.3002 C49142.858 E.01616
G1 X-13.2009 Z11.2326 C49144.793 E.01671
G1 X-13.0898 Y-.2618 Z11.1961 C49146.752 E.01632
G1 Z11.1907 E.00091
G1 X-12.8418 Z11.1227 C49148.734 E.01709
G1 X-12.6223 Y-.1257 Z11.0651 E.00880
G1 X-12.3269 Z10.9798 C49150.739 E.01765
G1 X-12.0095 Y-.2023 Z10.9089 C49152.765 E.01797
G1 X-11.7453 Y-.3054 Z10.862 C49154.813 E.01693
G1 X-11.5844 Y-.2376 Z10.8404 E.00585
G1 X-11.3224 Y-.142 Z10.823 E.00929
G1 X-11.0654 Y-.2972 Z10.8087 C49156.881 E.01663
G1 X-10.9066 Z10.8089 E.00547
G1 X-10.5714 Y-.178 Z10.8281 E.01185
G1 X-10.0601 Y-.1227 Z11.0511 B68.862 E.01864
G1 X-9.9467 Y-.356 Z11.0529 C49158.967 E.01482
G1 X-9.3254 Y-.0671 Z11.4006 C49156.881 B66.933 E.02794
G1 Y-.3222 Z11.3944 C49158.967 E.01413
G1 X-8.3671 Y-.2665 Z11.7423 B64.99 E.03396
G1 X-7.3765 Z12.06 B63.035 E.03463
G1 X-6.538 Y-.2088 Z12.3379 B61.069 E.02944
G1 X-5.6429 Z12.5753 B59.093 E.03080
G1 X-4.3726 Z12.8124 B57.108 E.04300
G1 X-3.4932 Y-.1523 Z12.9812 B55.114 E.02984
G1 X-2.6658 Z13.1092 B53.114 E.02785
G1 X-1.6824 Z13.2368 B51.109 E.03300
G1 X-.8906 Y-.0908 Z13.274 B49.099 E.02644
G1 X.1691 Y-.4112 Z13.3008 C49161.072 B47.086 E.03684
G1 X1.2294 Z13.2891 B45.071 E.03530
G1 X2.4267 Y-.2806 Z13.2515 B43.055 E.04008
G1 X3.1172 Z13.1698 B41.04 E.02315
G1 X4.0077 Y-.1801 Z13.0319 B39.027 E.03016
G1 X5.0664 Y-.0631 Z12.8737 B37.017 E.03581
G1 X6.1017 Y-.3791 Z12.662 C49163.192 B35.011 E.03745
G1 X7.1656 Y-.2211 Z12.4204 B33.011 E.03666
G1 X8.1575 Y-.0518 Z12.1394 B31.018 E.03475
G1 X8.9873 Y-.4182 Z11.8154 C49165.328 B29.032 E.03392
G1 X9.9147 Y-.2352 Z11.4615 B27.055 E.03357
G1 X10.6315 Y-.1129 Z11.0963 B25.089 E.02707
G1 X11.4376 Y.0712 Z10.6754 B23.133 E.03086
G1 X11.8309 Y-.3202 Z10.6565 C49167.478 B23.134 E.02365
G1 X12.4975 Y-.1742 Z10.2025 B21.19 E.02726
G1 X13.3519 Y.0776 Z9.7225 B19.261 E.03366
G1 X14.1657 Y-.275 Z9.2162 C49169.64 B17.345 E.03834
G1 X14.7852 Y-.1052 Z8.7007 B15.444 E.02740
G1 X15.5539 Y-.4808 Z8.1559 C49171.814 B13.559 E.03904
G1 X15.7396 Y-.377 Z8.1344 E.00711
G1 X16.3642 Y-.15 Z7.546 B11.691 E.02952
G1 X17.0497 Y.1289 Z6.9471 B9.841 E.03166
G1 X17.3015 Y-.4025 Z6.9178 C49173.996 E.02939
G1 X17.7212 Y-.2869 Z6.3458 B8.009 E.02391
G1 X17.9713 Y-.1274 Z6.3196 E.00991
G1 X18.0494 Y-.047 Z6.3179 E.00373
G1 X18.1 Y.0494 Z6.3243 C49173.997 E.00363
G1 Y.146 Z6.3371 C49173.996 E.00330
G1 Y.2731 Z6.3541 E.00426
G1 Y.3419 Z6.36 E.00236
G1 Y-.3365 Z6.3633 C49176.187 E.03225
G1 X17.947 Y.3043 Z6.4051 E.02196
G1 Y-.2215 Z6.4173 C49178.385 E.02884
G1 X17.8699 Y.0295 Z6.4259 E.00874
G1 Y.1356 Z6.4092 E.00392
G1 X17.7679 Y.2061 Z6.3762 E.00427
G1 Z6.358 E.00126
G1 X17.6479 Z6.3832 E.00412
G1 X17.5062 Y.0994 Z6.4019 E.00593
G1 X17.2432 Z6.9627 B9.841 E.02062
G1 X16.8393 Y-.1785 Z7.0104 E.01638
G1 X16.0296 Y.1532 Z7.618 C49176.187 B11.691 E.04091
G1 X15.3095 Y-.1134 Z8.1949 B13.559 E.03194
G1 X14.7198 Y.3543 Z8.7281 C49173.996 B15.444 E.03594
G1 X13.9231 Y.0833 Z9.2654 C49173.997 B17.345 E.03321
G1 X13.1916 Y-.1215 Z9.7661 B19.261 E.03026
G1 X12.4723 Y.2906 Z10.2381 C49171.814 B21.19 E.03545
G1 X11.687 Y.0941 Z10.689 B23.134 E.03082
G1 X11.3194 Y-.0607 Z10.7245 E.01332
G1 X10.4244 Y.286 Z11.149 C49169.64 B25.089 E.03730
G1 X9.7356 Y.1773 Z11.5211 B27.055 E.02629
G1 X8.8122 Y.0084 Z11.8803 B29.032 E.03343
G1 X8.5747 Y-.0614 Z11.8985 E.00825
G1 X7.7386 Y.3237 Z12.2082 C49167.478 B31.018 E.03373
G1 X6.7765 Y.1926 Z12.4929 B33.011 E.03365
G1 X5.813 Y.0885 Z12.7349 B35.011 E.03322
G1 X4.975 Y.0266 Z12.936 B37.017 E.02874
G1 X4.0129 Y-.0369 Z13.0995 B39.027 E.03253
G1 X3.2792 Y.3608 Z13.2228 C49165.328 B41.04 E.02836
G1 X2.1336 Y.2968 Z13.3146 B43.055 E.03828
G1 X1.0778 Z13.3633 B45.071 E.03517
G1 X.0357 Z13.3661 B47.086 E.03469
G1 X-.7847 Z13.3432 B49.099 E.02734
G1 X-1.7878 Z13.2708 B51.109 E.03348
G1 X-2.8423 Z13.156 B53.114 E.03529
G1 X-3.8301 Z13.0094 B55.114 E.03321
G1 X-4.6598 Y.0024 Z12.8396 C49167.478 B57.108 E.03038
G1 X-5.7959 Y.0584 Z12.5974 B59.093 E.03868
G1 X-6.2892 Y.3614 Z12.3756 C49165.328 B61.069 E.02207
G1 Y.0642 Z12.379 C49167.478 E.01264
G1 Y.3639 Z12.3684 C49165.328 E.01281
G1 X-6.4774 Y.0772 Z12.3551 C49167.478 E.01399
G1 X-7.3186 Z12.071 B63.036 E.02955
G1 X-8.234 Y.1341 Z11.7297 B64.99 E.03255
G1 X-9.416 Z11.3112 B66.933 E.04171
G1 X-10.2556 Z10.9149 B68.862 E.03089
G1 X-10.6796 Z10.674 B70. E.01622
G1 X-11.1015 Z10.6236 E.01415
G1 X-11.4251 Y.0651 Z10.6077 E.01102
G1 X-11.6148 Z10.6177 E.00648
G1 X-11.7495 Y.208 Z10.6463 C49165.328 E.01608
G1 X-11.8991 Y.1534 Z10.6833 E.00544
G1 X-12.2636 Y.2088 Z10.8178 C49163.192 E.02004
G1 X-12.4654 Y.0937 Z10.9138 E.00836
G1 X-12.6782 Y.1929 Z11.0082 C49161.072 E.01773
G1 X-12.9969 Z11.1497 C49158.967 E.01968
G1 X-13.289 Y-.0055 Z11.2922 E.01267
G1 X-13.4144 Y.1237 Z11.3509 C49156.881 E.01742
G1 X-13.6441 Z11.4541 C49154.813 E.01844
G1 X-13.8915 Z11.566 C49152.765 E.01889
G1 X-14.1326 Z11.6764 C49150.739 E.01887
G1 X-14.2701 Y.0247 Z11.7419 E.00604
G1 X-14.3567 Y.1588 Z11.781 C49148.734 E.01758
G1 X-14.4964 Y.003 Z11.8462 E.00729
G1 Y-.0823 Z11.8622 E.00316
G1 Y.1057 Z11.8652 C49146.752 E.01788
G1 X-14.55 Y-.0978 Z11.868 E.00700
G1 Z11.8675 E.00123
G1 Y-.0119 Z11.8698 C49144.793 E.01679
G1 Y-.1434 Z11.868 E.00437
G1 Y-.0489 Z11.8702 C49142.858 E.01664
G1 Y-.1609 Z11.8691 E.00373
G1 Y.0041 Z11.8713 C49140.949 E.01703
G1 Y-.0904 Z11.8674 E.00317
G1 Y-.1728 Z11.8545 E.00317
G1 X-14.4316 Y-.2612 Z11.8265 E.00500
G1 Z11.8166 E.00120
G1 X-14.3792 Y-.0978 Z11.8127 C49139.051 E.01684
G1 X-14.1916 Y-.2638 Z11.7409 E.00867
G1 X-14.1008 Z11.7088 E.00344
G1 X-14.016 Z11.6838 E.00324
G1 X-13.9198 Z11.6574 E.00335
G1 X-13.8269 Y-.2053 Z11.6318 E.00375
G1 X-13.7404 Y-.1108 Z11.6071 E.00434
G1 X-13.5279 Z11.5391 C49140.949 E.01666
G1 X-13.3279 Z11.4776 C49142.858 E.01633
G1 X-13.0482 Z11.393 C49144.793 E.01761
G1 X-12.8799 Y-.1646 Z11.3413 C49146.752 E.01588
G1 X-12.6648 Y-.003 Z11.2823 E.00916
G1 X-12.583 Y-.1665 Z11.256 C49148.734 E.01573
G1 X-12.3105 Z11.1749 C49150.739 E.01724
G1 X-12.1841 Z11.1467 E.00442
G1 X-11.9159 Y-.221 Z11.0886 C49152.765 E.01682
G1 X-11.7548 Y-.1442 Z11.064 E.00599
G1 X-11.5153 Y-.2745 Z11.0255 C49154.813 E.01647
G1 X-11.1685 Y-.1494 Z11.0043 E.01228
G1 X-10.9203 Y-.3183 Z10.9958 C49156.881 E.01649
G1 X-10.2876 Y-.2205 Z11.2257 B68.862 E.02263
G1 X-9.3443 Y-.1206 Z11.5892 B66.933 E.03379
G1 X-8.4286 Y-.3238 Z11.9269 C49158.967 B64.99 E.03470
G1 Y-.052 Z11.934 C49156.881 E.01365
G1 Y-.3217 Z11.9287 C49158.967 E.01362
G1 X-7.3783 Z12.2518 B63.035 E.03658
G1 X-6.3486 Y-.2406 Z12.5445 B61.069 E.03571
G1 X-5.6854 Z12.7654 B59.093 E.02325
G1 X-4.3928 Z13.0039 B57.108 E.04374
G1 X-3.5775 Y-.1847 Z13.1708 B55.114 E.02774
G1 X-2.7396 Z13.2981 B53.114 E.02819
G1 X-1.7018 Z13.4305 B51.109 E.03483
G1 X-.8589 Y-.1122 Z13.4705 B49.099 E.02817
G1 X.2895 Y-.4304 Z13.4997 C49161.072 B47.086 E.03965
G1 X1.0961 Z13.4799 B45.071 E.02685
G1 Y-.0147 Z13.486 C49158.967 E.01394
G1 X1.9798 Y-.3626 Z13.4366 C49161.072 B43.055 E.03173
G1 X2.3498 Z13.4431 E.01240
G1 X3.1278 Y-.2763 Z13.3641 B41.04 E.02617
G1 X4.0146 Y-.2076 Z13.2265 B39.027 E.02993
G1 X5.0576 Y-.0958 Z13.0684 B37.017 E.03528
G1 X6.1052 Y-.4159 Z12.8539 C49163.192 B35.011 E.03788
G1 X7.184 Y-.2578 Z12.613 B33.011 E.03714
G1 X8.1416 Y-.1035 Z12.3329 B31.018 E.03358
G1 X9.0337 Y-.4569 Z12.0041 C49165.328 B29.032 E.03555
G1 X9.9671 Y-.2755 Z11.6493 B27.055 E.03376
G1 X10.6984 Y-.1502 Z11.2805 B25.089 E.02756
G1 X11.5029 Y.0293 Z10.8593 B23.133 E.03079
G1 X12.2529 Y-.3716 Z10.4285 C49167.478 B21.19 E.03521
G1 X12.6466 Y-.1848 Z10.3751 E.01460
G1 X13.3582 Y-.0076 Z9.9063 B19.261 E.02895
G1 X14.2079 Y-.3501 Z9.3937 C49169.64 B17.345 E.03921
G1 X14.8681 Y-.1637 Z8.8728 B15.444 E.02865
G1 X15.5329 Y.04 Z8.3404 B13.559 E.02913
G1 X15.8433 Y-.4296 Z8.2977 C49171.814 E.02743
G1 X16.4604 Y-.2112 Z7.7083 B11.691 E.02930
G1 X17.3083 Y.1686 Z7.0868 B9.841 E.03718
G1 X17.6732 Y-.4445 Z6.5155 C49173.996 B8.009 E.03776
G1 X17.9355 Y-.2847 Z6.4943 E.01024
G1 X18.0005 Y-.2194 Z6.4956 E.00306
G1 Y-.1394 Z6.5032 E.00309
G1 X18.0738 Y-.0216 Z6.5148 C49173.997 E.00463
G1 Y.1294 Z6.5226 E.00508
G1 X18.0161 Y.2756 Z6.5348 C49173.996 E.00524
G1 Y-.2508 Z6.5474 C49176.187 E.02888
G1 X17.8457 Y.3891 Z6.5907 E.02207
G1 Y-.2783 Z6.594 C49178.385 E.03180
G1 Y-.1453 Z6.5977 E.00456
G1 X17.7819 Y-.0714 Z6.5888 E.00326
G1 X17.7292 Y.0096 Z6.5615 E.00334
G1 Z6.5309 E.00236
G1 X17.5854 Z6.5577 E.00486
G1 X17.5073 Z6.5679 E.00306
G1 X17.1996 Y-.0898 Z7.1338 B9.841 E.02168
G1 X16.9778 Y.4663 Z7.1594 C49176.187 E.02944
G1 X16.1268 Y.0861 Z7.7774 B11.691 E.03720
G1 X15.531 Y-.1067 Z8.339 B13.559 E.02798
G1 X14.9294 Y.3638 Z8.8777 C49173.996 B15.444 E.03643
G1 X14.2061 Y.1294 Z9.4105 C49173.997 B17.345 E.03088
G1 X13.7545 Y-.106 Z9.4668 C49173.996 E.01704
G1 X13.0719 Y.3235 Z9.9592 C49171.814 B19.261 E.03553
G1 X12.1962 Y.0731 Z10.4514 B21.19 E.03443
G1 X11.3048 Y.4158 Z10.9072 C49169.64 B23.134 E.03798
G1 X10.6504 Y.3029 Z11.313 B25.089 E.02589
G1 X9.8318 Y.1439 Z11.7022 B27.055 E.03061
G1 X8.9308 Y-.016 Z12.0574 B29.032 E.03265
G1 X8.0408 Y.357 Z12.379 C49167.478 B31.018 E.03531
G1 X7.1424 Y.231 Z12.6663 B33.011 E.03165
G1 X6.7611 Y.1404 Z12.6845 E.01305
G1 X5.8003 Y.0413 Z12.9272 B35.011 E.03313
G1 X4.9371 Y-.0221 Z13.128 B37.017 E.02955
G1 X4.015 Y.3578 Z13.2877 C49165.328 B39.027 E.03397
G1 X2.9659 Y.291 Z13.4177 B41.04 E.03523
G1 X2.1111 Z13.5054 B43.055 E.02860
G1 X1.0525 Y.2266 Z13.5551 B45.071 E.03531
G1 X.0345 Z13.5586 B47.086 E.03386
G1 X-.9835 Z13.527 B49.099 E.03388
G1 X-1.8565 Z13.4597 B51.109 E.02912
G1 X-2.9087 Z13.3432 B53.114 E.03521
G1 X-3.6577 Z13.2131 B55.114 E.02529
G1 X-4.651 Z13.027 B57.108 E.03364
G1 X-5.3469 Y.2803 Z12.8309 B59.093 E.02411
G1 X-6.3175 Y.0009 Z12.5651 C49167.478 B61.069 E.03562
G1 X-6.3851 Y.3086 Z12.5504 C49165.328 E.01318
G1 X-6.4631 Y.0112 Z12.546 C49167.478 E.01303
G1 X-7.328 Z12.2552 B63.036 E.03036
G1 X-8.2329 Z11.9155 B64.99 E.03219
G1 X-9.3852 Y.3461 Z11.4906 C49165.328 B66.933 E.04393
G1 X-9.4481 Y.0796 Z11.4894 C49167.478 E.01490
G1 X-10.1285 Z11.1165 B68.862 E.02581
G1 X-10.6881 Z10.8515 B70. E.02060
G1 X-11.0568 Z10.803 E.01248
G1 X-11.3741 Y.2271 Z10.7772 C49165.328 E.01838
G1 X-11.5596 Z10.787 E.00635
G1 X-11.8264 Y.0865 Z10.8526 E.01027
G1 X-11.9958 Y.0098 Z10.9117 E.00649
G1 Y.2351 Z10.9168 C49163.192 E.01668
G1 X-12.3773 Y.0403 Z11.0796 E.01524
G1 X-12.6051 Y.1367 Z11.183 C49161.072 E.01789
G1 X-12.8658 Y.2011 Z11.301 C49158.967 E.01850
G1 X-13.1433 Y-.0016 Z11.4354 E.01227
G1 X-13.3307 Y.0867 Z11.5259 C49156.881 E.01781
G1 X-13.5971 Z11.6473 C49154.813 E.01901
G1 X-13.8633 Z11.7687 C49152.765 E.01914
G1 X-14.0406 Y.1565 Z11.8484 C49150.739 E.01789
G1 X-14.1597 Y.0365 Z11.9055 E.00594
G1 X-14.2788 Y.1421 Z11.9611 C49148.734 E.01754
G1 X-14.4213 Y-.0145 Z12.027 E.00738
G1 Y-.0941 Z12.0444 E.00304
G1 X-14.4726 Y.1018 Z12.0483 C49146.752 E.01796
G1 Y-.0383 Z12.053 E.00467
G1 Y-.1572 Z12.0512 E.00397
G1 Y-.0159 Z12.0531 C49144.793 E.01712
G1 Z12.0543 C49142.858 E.01626
G1 Y-.1985 Z12.0528 E.00608
G1 Y-.0187 Z12.0554 C49140.949 E.01712
G1 Y-.1116 Z12.0494 E.00310
G1 Y-.1909 Z12.0356 E.00305
G1 X-14.3217 Y-.304 Z11.9937 E.00642
G1 Y-.1085 Z11.9909 C49139.051 E.01709
G1 X-14.135 Y-.2523 Z11.9292 E.00810
G1 X-14.0526 Z11.8994 E.00321
G1 X-13.9645 Y-.3027 Z11.873 E.00349
G1 X-13.8601 Z11.8443 E.00370
G1 X-13.7757 Y-.2181 Z11.821 E.00405
G1 X-13.6963 Y-.1318 Z11.7984 E.00397
G1 Y-.3082 Z11.7813 C49140.949 E.01625
G1 X-13.4621 Y-.0981 Z11.7242 E.01064
G1 X-13.3165 Y-.1739 Z11.6785 C49142.858 E.01581
G1 X-13.1177 Z11.615 C49144.793 E.01634
G1 X-12.8651 Z11.5391 C49146.752 E.01713
G1 X-12.6069 Y-.254 Z11.4635 C49148.734 E.01725
G1 X-12.4721 Y-.1573 Z11.427 E.00565
G1 X-12.2018 Y-.2135 Z11.348 C49150.739 E.01712
G1 X-12.0714 Y-.1363 Z11.3204 E.00512
G1 X-11.7829 Y-.2208 Z11.2615 C49152.765 E.01720
G1 X-11.6661 Y-.1641 Z11.2439 E.00436
G1 X-11.4422 Y-.3087 Z11.2104 C49154.813 E.01628
G1 X-11.1581 Y-.2033 Z11.1934 E.01009
G1 X-10.9284 Y-.1302 Z11.1922 E.00802
G1 X-10.2374 Y-.2657 Z11.4146 C49156.881 B68.862 E.02747
G1 X-9.32 Y-.168 Z11.7809 B66.933 E.03301
G1 X-8.4416 Y-.3767 Z12.1158 C49158.967 B64.99 E.03362
G1 X-8.1276 Y-.0646 Z12.1553 C49156.881 E.01776
G1 X-7.3834 Y-.3198 Z12.4428 C49158.967 B63.035 E.02926
G1 X-6.5674 Z12.7192 B61.069 E.02867
G1 X-5.6855 Z12.9587 B59.093 E.03044
G1 X-4.3974 Y-.2332 Z13.1983 B57.108 E.04367
G1 X-3.5696 Z13.365 B55.114 E.02809
G1 X-2.6726 Z13.4994 B53.114 E.03020
G1 X-1.7543 Y-.1701 Z13.6227 B51.109 E.03089
G1 X-.7651 Z13.6687 B49.099 E.03296
G1 X.2537 Y-.0814 Z13.6996 B47.086 E.03403
G1 X1.0961 Y-.4306 Z13.6736 C49161.072 B45.071 E.03038
G1 Y-.0404 Z13.6799 C49158.967 E.01305
G1 X1.4572 Y-.3943 Z13.6904 C49161.072 E.01692
G1 X2.352 Y-.3442 Z13.6385 B43.055 E.02986
G1 X3.1378 Z13.5581 B41.04 E.02631
G1 X4.0895 Y-.2237 Z13.4212 B39.027 E.03223
G1 X5.2045 Y-.0945 Z13.2601 B37.017 E.03772
G1 X6.1364 Y-.4471 Z13.0465 C49163.192 B35.011 E.03473
G1 X7.1897 Y-.2982 Z12.8055 B33.011 E.03628
G1 X8.1825 Y-.1367 Z12.5232 B31.018 E.03475
G1 X9.0497 Y.011 Z12.1988 B29.032 E.03119
G1 X9.9973 Y-.324 Z11.8375 C49165.328 B27.055 E.03763
G1 X10.7378 Y-.199 Z11.4666 B25.089 E.02786
G1 X11.5067 Y-.0395 Z11.0471 B23.133 E.02961
G1 X12.2938 Y-.4318 Z10.6108 C49167.478 B21.19 E.03608
G1 X13.1423 Y-.1986 Z10.1092 B19.261 E.03369
G1 X13.9619 Y.0402 Z9.6073 B17.345 E.03294
G1 X14.835 Y-.2836 Z9.0566 C49169.64 B15.444 E.04052
G1 X15.5415 Y-.0642 Z8.5175 B13.559 E.03045
G1 X15.8321 Y.1055 Z8.4821 E.01125
G1 X16.4958 Y-.3116 Z7.8815 C49171.814 B11.691 E.03889
G1 X17.2745 Y.0183 Z7.2626 B9.841 E.03486
G1 X17.6476 Y.1089 Z6.6876 B8.009 E.02300
G1 X17.7859 Y.1944 Z6.6743 E.00543
G1 Y-.4909 Z6.6702 C49173.996 E.03207
G1 X17.9172 Y-.423 Z6.667 E.00492
G1 X17.9728 Y-.3589 Z6.6731 E.00283
G1 Y-.2834 Z6.6834 E.00282
G1 X18.0284 Y-.1779 Z6.6957 E.00399
G1 Y-.0246 Z6.7 C49173.997 E.00515
G1 X17.9599 Y.1882 Z6.7109 C49173.996 E.00744
G1 X17.8531 Y-.0453 Z6.7431 C49176.187 E.02428
G1 X17.7616 Y.384 Z6.7698 E.01463
G1 Z6.7686 E.00154
G1 Y-.2682 Z6.7662 C49178.385 E.03138
G1 X17.6841 Y-.1792 Z6.7415 E.00401
G1 X17.6268 Y-.1194 Z6.7044 E.00302
G1 X17.5076 Y-.1756 Z6.7362 E.00451
G1 X17.2496 Z7.2957 B9.841 E.02050
G1 Y.4859 Z7.2992 C49176.187 E.03116
G1 X16.9234 Y.297 Z7.3378 E.01260
G1 X16.0807 Y-.0661 Z7.9574 B11.691 E.03683
G1 X15.3104 Y.3001 Z8.5451 C49173.997 B13.559 E.03957
G1 X14.7125 Y.1275 Z9.0842 C49173.996 B15.444 E.02738
G1 X13.9802 Y-.0944 Z9.6164 B17.345 E.03100
G1 X13.1794 Y.2827 Z10.1288 C49171.814 B19.261 E.03789
G1 X12.4055 Y.0802 Z10.611 B21.19 E.03107
G1 X11.5966 Y-.1098 Z11.0656 B23.134 E.03150
G1 X10.699 Y.2488 Z11.4955 C49169.64 B25.089 E.03769
G1 X9.9186 Y.1077 Z11.8821 B27.055 E.02935
G1 X9.5269 Y-.0243 Z11.9137 E.01379
G1 X8.733 Y.3805 Z12.2601 C49167.478 B29.032 E.03364
G1 X7.7745 Y.228 Z12.5875 B31.018 E.03407
G1 X6.939 Y.1322 Z12.8662 B33.011 E.02947
G1 X5.9132 Y.0158 Z13.114 B35.011 E.03531
G1 X4.9169 Y-.067 Z13.3178 B37.017 E.03394
G1 X4.005 Y.3193 Z13.4808 C49165.328 B39.027 E.03376
G1 X3.1157 Z13.6089 B41.04 E.02993
G1 X2.1017 Y.2222 Z13.6989 B43.055 E.03401
G1 X.9698 Z13.7449 B45.071 E.03770
G1 X-.0083 Z13.7492 B47.086 E.03257
G1 X-.8718 Y.1708 Z13.7233 B49.099 E.02878
G1 X-1.7342 Z13.6568 B51.109 E.02877
G1 X-2.903 Z13.5367 B53.114 E.03908
G1 X-3.6535 Z13.4052 B55.114 E.02536
G1 X-4.4493 Z13.2322 B57.108 E.02711
G1 X-5.3866 Y.2274 Z13.0158 B59.093 E.03205
G1 X-6.3512 Z12.7458 B61.069 E.03332
G1 X-6.5094 Z12.7221 E.00540
G1 X-7.3577 Z12.4329 B63.035 E.02984
G1 X-8.2055 Z12.0994 B64.99 E.03034
G1 Y-.0119 Z12.1013 C49167.478 E.01298
G1 X-9.4456 Z11.6697 B66.933 E.04367
G1 Y.2698 Z11.6621 C49165.328 E.01508
G1 X-10.1507 Z11.2883 B68.862 E.02655
G1 X-10.7261 Z11.0207 B70. E.02114
G1 X-11.1103 Y.1868 Z10.974 E.01316
G1 X-11.3064 Z10.9573 E.00662
G1 X-11.513 Y.109 Z10.9625 E.00734
G1 X-11.7754 Y.0115 Z11.0282 E.00956
G1 X-11.8706 Y.2113 Z11.0599 C49163.192 E.01649
G1 X-12.1026 Y.0925 Z11.1613 E.00930
G1 X-12.3353 Y.2026 Z11.2655 C49161.072 E.01777
G1 X-12.6603 Y-.0024 Z11.4173 E.01374
G1 X-12.7626 Y.1714 Z11.4634 C49158.967 E.01705
G1 X-13.0697 Z11.6111 C49156.881 E.01948
G1 X-13.2819 Y.0234 Z11.7137 E.00926
G1 X-13.4768 Y.1023 Z11.805 C49154.813 E.01789
G1 X-13.6798 Y.1636 Z11.8974 C49152.765 E.01799
G1 X-13.8731 Y-.0169 Z11.9889 E.00931
G1 X-14.0036 Y.0943 Z12.0478 C49150.739 E.01754
G1 X-14.1442 Y.1857 Z12.1125 C49148.734 E.01752
G1 X-14.3556 Y-.0443 Z12.212 E.01090
G1 Y-.1002 Z12.2255 E.00220
G1 Y.1076 Z12.2293 C49146.752 E.01796
G1 X-14.4145 Y.0065 Z12.2372 E.00390
G1 Y-.1446 Z12.2358 E.00503
G1 Y.0497 Z12.2373 C49144.793 E.01762
G1 Y-.0419 E.00305
G1 Z12.2386 C49142.858 E.01622
G1 Y-.189 Z12.2372 E.00489
G1 Y-.0029 Z12.2399 C49140.949 E.01713
G1 Y-.0975 Z12.2358 E.00317
G1 Y-.1789 Z12.223 E.00312
G1 X-14.2972 Y-.2665 Z12.1951 E.00496
G1 X-14.2471 Z12.1749 E.00238
G1 Y-.1009 Z12.1766 C49139.051 E.01664
G1 X-14.0678 Y-.2481 Z12.1136 E.00799
G1 Z12.1081 E.00060
G1 Y-.034 Z12.1119 C49137.142 E.01715
G1 Y-.27 Z12.1003 C49139.051 E.01750
G1 X-13.9486 Z12.0723 E.00417
G1 X-13.846 Z12.0438 E.00361
G1 X-13.7661 Z12.0218 E.00278
G1 X-13.6885 Y-.1928 Z12. E.00371
G1 Z11.9896 E.00182
G1 X-13.6062 Y-.3234 Z11.9684 C49140.949 E.01587
G1 X-13.4569 Y-.1647 Z11.9276 E.00737
G1 X-13.2284 Z11.8558 C49142.858 E.01669
G1 X-12.9553 Z11.7732 C49144.793 E.01739
G1 X-12.7368 Z11.7058 C49146.752 E.01638
G1 X-12.5518 Y-.2839 Z11.6486 C49148.734 E.01630
G1 X-12.3455 Y-.1381 Z11.5934 E.00860
G1 X-12.1588 Y-.2551 Z11.5395 C49150.739 E.01604
G1 X-11.917 Y-.1129 Z11.4842 E.00951
G1 X-11.7103 Y-.2492 Z11.4444 C49152.765 E.01610
G1 X-11.4571 Y-.1313 Z11.4099 E.00936
G1 X-11.1944 Y-.0245 Z11.3882 E.00946
G1 X-10.9117 Y-.1812 Z11.3816 C49154.813 E.01685
G1 X-10.6847 Y-.1163 Z11.3932 E.00786
G1 X-10.207 Y-.3157 Z11.6041 C49156.881 B68.862 E.02227
G1 X-9.3192 Y-.2198 Z11.9705 B66.933 E.03210
G1 X-8.4183 Y-.1456 Z12.3155 B64.99 E.03218
G1 X-7.4335 Y-.3728 Z12.6278 C49158.967 B63.035 E.03632
G1 X-6.5913 Z12.9084 B61.069 E.02954
G1 X-5.7334 Y-.005 Z13.1517 C49156.881 B59.093 E.03283
G1 Y-.3138 Z13.1481 C49158.967 E.01241
G1 X-4.3666 Z13.393 B57.108 E.04621
G1 X-3.5608 Y-.2478 Z13.5589 B55.114 E.02745
G1 X-2.7238 Z13.6879 B53.114 E.02818
G1 X-1.8168 Z13.8122 B51.109 E.03048
G1 X-.796 Y-.1601 Z13.8598 B49.099 E.03412
G1 X.4376 Y-.0856 Z13.898 B47.086 E.04112
G1 X1.4247 Y-.426 Z13.8838 C49161.072 B45.071 E.03478
G1 X2.3246 Z13.8313 B43.055 E.03003
G1 X3.1403 Y-.3317 Z13.7525 B41.04 E.02744
G1 X4.0817 Y-.2549 Z13.614 B39.027 E.03175
G1 X5.1085 Y-.1479 Z13.4554 B37.017 E.03474
G1 X6.0983 Y-.026 Z13.2457 B35.011 E.03390
G1 X6.8256 Y-.4339 Z13.01 C49163.192 B33.011 E.03003
G1 X7.9116 Y-.2658 Z12.7263 B31.018 E.03775
G1 X8.9695 Y-.0683 Z12.3953 B29.032 E.03745
G1 X9.9809 Y-.3899 Z12.0281 C49165.328 B27.055 E.03935
G1 X10.7364 Y-.2637 Z11.656 B25.089 E.02832
G1 X11.5802 Y-.0785 Z11.2299 B23.133 E.03204
G1 X12.3689 Y-.4772 Z10.7892 C49167.478 B21.19 E.03630
G1 X13.1373 Y-.2856 Z10.2951 B19.261 E.03105
G1 X14.0462 Y-.009 Z9.781 B17.345 E.03593
G1 X14.9309 Y-.3353 Z9.2263 C49169.64 B15.444 E.04093
G1 X15.6877 Y-.0902 Z8.6774 B13.559 E.03215
G1 X16.206 Y.05 Z8.1232 B11.691 E.02567
G1 X16.5732 Y-.3862 Z8.0485 C49171.814 E.02835
G1 X17.2945 Y-.0969 Z7.4329 B9.841 E.03298
G1 X17.3828 Y-.0409 Z7.4218 E.00350
G1 X17.6821 Z6.8527 B8.009 E.02143
G1 X17.8569 Y.1107 Z6.8375 E.00771
G1 X17.9177 Y.1679 Z6.8409 E.00278
G1 X17.9694 Y.2633 Z6.8563 E.00364
G1 Z6.8588 E.00052
G1 Y-.4173 Z6.8618 C49173.997 E.03211
G1 Y-.325 Z6.8742 C49173.996 E.00314
G1 Y-.1421 Z6.8809 E.00611
G1 X17.9174 Y.0269 Z6.8838 E.00588
G1 X17.8128 Y-.221 Z6.9149 C49176.187 E.02438
G1 X17.7219 Y.204 Z6.942 E.01448
G1 Y.295 Z6.9359 E.00332
G1 X17.6225 Y.3724 Z6.9115 E.00427
G1 Z6.8811 E.00232
G1 X17.5455 Z6.8911 E.00282
G1 X17.2854 Z7.4544 B9.841 E.02065
G1 X17.1264 Y.2946 Z7.4798 E.00595
G1 X16.8748 Y.1349 Z7.5151 E.00998
G1 X16.2361 Y-.0972 Z8.1063 B11.691 E.02996
G1 X15.4635 Y.2735 Z8.6986 C49173.997 B13.559 E.03984
G1 X14.6393 Y-.022 Z9.2729 C49173.996 B15.444 E.03483
G1 X13.93 Y.3997 Z9.8012 C49171.814 B17.345 E.03706
G1 X13.2815 Y.2389 Z10.2978 B19.261 E.02769
G1 X12.4283 Y.0026 Z10.7921 B21.19 E.03372
G1 X12.1951 Y-.1007 Z10.8211 E.00854
G1 X11.4116 Y.3043 Z11.2695 C49169.64 B23.134 E.03592
G1 X10.46 Y.0853 Z11.7078 B25.089 E.03560
G1 X9.5294 Y-.0887 Z12.1018 B27.055 E.03411
G1 X8.5947 Y.2805 Z12.4632 C49167.478 B29.032 E.03712
G1 X7.8393 Y.1923 Z12.7734 B31.018 E.02732
G1 X7.0528 Y.1092 Z13.0509 B33.011 E.02788
G1 X6.0819 Y.0014 Z13.2983 B35.011 E.03351
G1 X5.2175 Y-.0673 Z13.5048 B37.017 E.02965
G1 X4.1763 Y.3054 Z13.6724 C49165.328 B39.027 E.03757
G1 X3.1448 Y.2349 Z13.8037 B41.04 E.03466
G1 X2.1105 Z13.893 B43.055 E.03457
G1 X1.0731 Y.1517 Z13.9398 B45.071 E.03465
G1 X-.0045 Z13.9438 B47.086 E.03585
G1 X-.9496 Z13.9134 B49.099 E.03146
G1 X-1.8823 Z13.8444 B51.109 E.03111
G1 X-2.8258 Z13.733 B53.114 E.03160
G1 X-3.6382 Z13.5978 B55.114 E.02739
G1 X-4.4621 Z13.4225 B57.108 E.02802
G1 X-5.4174 Z13.2023 B59.093 E.03262
G1 X-6.3823 Z12.9297 B61.069 E.03337
G1 X-7.5162 Y.205 Z12.5969 B63.035 E.03934
G1 X-8.3965 Z12.2574 B64.99 E.03138
G1 X-9.4628 Z11.8455 B66.933 E.03802
G1 X-10.3578 Z11.435 B68.862 E.03278
G1 X-10.8309 Y.1433 Z11.1859 B70. E.01790
G1 X-11.1627 Z11.1456 E.01122
G1 X-11.4554 Y.0379 Z11.1368 E.01035
G1 X-11.6674 Y.2102 Z11.1836 C49163.192 E.01716
G1 X-12.0062 Y.0443 Z11.3238 E.01339
G1 Y.2902 Z11.3205 C49161.072 E.01689
G1 Y.0183 Z11.3458 C49163.192 E.01741
G1 X-12.31 Y.1166 Z11.4662 C49161.072 E.01893
G1 Y.3373 Z11.4794 C49158.967 E.01682
G1 X-12.5766 Y.1973 Z11.587 E.01064
G1 X-12.8449 Y.0099 Z11.7179 E.01172
G1 X-12.9556 Y.1773 Z11.77 C49156.881 E.01714
G1 X-13.0654 Y.3396 Z11.8175 C49154.813 E.01706
G1 X-13.3898 Y.075 Z11.9797 E.01493
G1 X-13.6243 Z12.0867 C49152.765 E.01837
G1 X-13.8572 Y.1389 Z12.1946 C49150.739 E.01852
G1 X-14.0288 Y-.0336 Z12.2759 E.00853
G1 X-14.1356 Y.0976 Z12.3265 C49148.734 E.01747
G1 X-14.2982 Y-.0846 Z12.4003 E.00848
G1 Y.1268 Z12.4065 C49146.752 E.01790
G1 Y.0334 Z12.4196 E.00348
G1 X-14.349 Y-.1679 Z12.4201 E.00691
G1 Y-.0283 Z12.4214 C49144.793 E.01697
G1 Y-.1546 Z12.4194 E.00420
G1 Y-.0477 Z12.4222 C49142.858 E.01651
G1 Y-.1782 Z12.4217 E.00434
G1 Y.0111 Z12.4241 C49140.949 E.01710
G1 Y-.1147 Z12.4182 E.00423
G1 X-14.2978 Y-.1908 Z12.4054 E.00308
G1 X-14.2161 Y-.2826 Z12.3735 E.00422
G1 Z12.3597 E.00165
G1 X-14.1533 Y-.1086 Z12.3563 C49139.051 E.01676
G1 X-13.9873 Y-.2533 Z12.2927 E.00762
G1 X-13.8931 Z12.2602 E.00354
G1 X-13.7999 Z12.2344 E.00345
G1 X-13.7114 Z12.2101 E.00306
G1 X-13.6396 Z12.1898 E.00290
G1 X-13.5682 Y-.1298 Z12.1692 E.00479
G1 X-13.5128 Y-.2962 Z12.1461 C49140.949 E.01601
G1 X-13.3856 Y-.161 Z12.111 E.00628
G1 X-13.1492 Z12.0367 C49142.858 E.01674
G1 X-12.9053 Z11.9621 C49144.793 E.01680
G1 X-12.6588 Z11.8866 C49146.752 E.01680
G1 X-12.3807 Y-.2293 Z11.8043 C49148.734 E.01735
G1 X-12.0963 Y-.2841 Z11.7229 C49150.739 E.01728
G1 X-11.8217 Y-.1222 Z11.6638 E.01078
G1 X-11.4922 Y-.2053 Z11.6046 C49152.765 E.01773
G1 X-11.1812 Y-.332 Z11.5718 C49154.813 E.01740
G1 X-10.9594 Y-.2527 Z11.5671 E.00784
G1 Y.0088 Z11.5712 C49152.765 E.01567
G1 Y-.2524 Z11.5671 C49154.813 E.01566
G1 X-10.6481 Y-.1587 Z11.5832 E.01083
G1 X-10.2558 Z11.7965 B68.862 E.01492
G1 Y-.3811 Z11.7893 C49156.881 E.01438
G1 X-9.3884 Y-.0077 Z12.1578 C49154.813 B66.933 E.03555
G1 Y-.2815 Z12.1543 C49156.881 E.01450
G1 X-8.4568 Y-.1997 Z12.502 B64.99 E.03319
G1 X-7.4035 Y-.1187 Z12.8308 B63.035 E.03680
G1 X-6.5962 Y-.3886 Z13.0997 C49158.967 B61.069 E.03075
G1 X-5.548 Z13.3561 B59.093 E.03592
G1 X-4.4105 Y-.3024 Z13.5843 B57.108 E.03869
G1 X-3.4698 Z13.7578 B55.114 E.03183
G1 X-2.6478 Z13.8925 B53.114 E.02775
G1 X-1.788 Y-.2307 Z14.0104 B51.109 E.02896
G1 X-.7562 Z14.0565 B49.099 E.03439
G1 X.4892 Y-.1042 Z14.0933 B47.086 E.04165
G1 X1.4163 Y-.0488 Z14.084 B45.071 E.03089
G1 X2.2741 Y-.4119 Z14.0239 C49161.072 B43.055 E.03117
G1 X3.2115 Y-.3512 Z13.9466 B41.04 E.03135
G1 X4.1734 Y-.27 Z13.8093 B39.027 E.03243
G1 X5.3283 Y-.1316 Z13.646 B37.017 E.03907
G1 X6.0609 Y-.0703 Z13.4394 B35.011 E.02540
G1 X7.1234 Y-.4012 Z13.1935 C49163.192 B33.011 E.03891
G1 X8.0605 Y-.2676 Z12.9112 B31.018 E.03285
G1 X9.0759 Y-.0829 Z12.5805 B29.032 E.03604
G1 X10.0459 Y-.4266 Z12.2145 C49165.328 B27.055 E.03841
G1 X10.8386 Y-.2881 Z11.8353 B25.089 E.02959
G1 X11.6927 Y-.101 Z11.409 B23.133 E.03235
G1 X12.4203 Y.0487 Z10.975 B21.19 E.02861
G1 X13.1334 Y-.3729 Z10.4826 C49167.478 B19.261 E.03600
G1 X14.0156 Y-.1165 Z9.9676 B17.345 E.03503
G1 X14.7357 Y.0905 Z9.4372 B15.444 E.03053
G1 X15.4918 Y-.3036 Z8.876 C49169.64 B13.559 E.03913
G1 X15.8961 Y-.0817 Z8.8317 E.01541
G1 X16.6409 Y-.4672 Z8.217 C49171.814 B11.691 E.04047
G1 X17.1994 Y-.2846 Z7.6221 B9.841 E.02781
G1 X17.3519 Y-.188 Z7.5986 E.00605
G1 X17.6476 Z7.03 B8.009 E.02135
G1 X17.8215 Y-.0413 Z7.0074 E.00761
G1 X17.8929 Y.0289 Z7.0134 E.00334
G1 Y.1044 Z7.0267 E.00290
G1 X17.9528 Y.206 Z7.0452 E.00397
G1 Y.3518 Z7.0584 E.00495
G1 Y-.3288 Z7.0598 C49173.996 E.03211
G1 X17.8558 Y-.0413 Z7.0657 E.01009
G1 X17.7979 Y.2048 Z7.0793 E.00842
G1 X17.7348 Y-.209 Z7.0998 C49176.187 E.02652
G1 Y-.0852 Z7.1072 E.00422
G1 X17.4575 Z7.6718 B9.841 E.02096
G1 Y.0764 Z7.6747 E.00550
G1 X17.3781 Y.1551 Z7.6624 E.00374
G1 Y.2107 Z7.6394 E.00253
G1 X17.2879 Z7.6133 E.00334
G1 X17.1861 Z7.6412 E.00353
G1 X16.8171 Y-.0318 Z7.6958 E.01480
G1 X16.1193 Y.3805 Z8.2986 C49173.996 B11.691 E.03936
G1 X15.3942 Y.1163 Z8.8868 B13.559 E.03227
G1 X14.6046 Y-.1485 Z9.4574 B15.444 E.03358
G1 X13.7423 Y.2002 Z10.0119 C49171.814 B17.345 E.04000
G1 X13.0963 Y.053 Z10.5061 B19.261 E.02749
G1 X12.3961 Y-.0994 Z10.9797 B21.19 E.02857
G1 X11.5201 Y.2724 Z11.4429 C49169.64 B23.134 E.03809
G1 X10.7751 Y.1327 Z11.8621 B25.089 E.02881
G1 X10.4883 Y.0248 Z11.8927 E.01024
G1 X9.5358 Y.3853 Z12.2851 C49167.478 B27.055 E.03822
G1 X8.8229 Y.2939 Z12.6307 B29.032 E.02653
G1 X7.9034 Y.1562 Z12.9586 B31.018 E.03279
G1 X6.9701 Y.0398 Z13.2452 B33.011 E.03270
G1 X6.0645 Y-.0491 Z13.4893 B35.011 E.03134
G1 X4.9803 Y.316 Z13.6973 C49165.328 B37.017 E.03917
G1 X4.1704 Y.265 Z13.8646 B39.027 E.02756
G1 X3.2012 Y.2031 Z13.9951 B41.04 E.03259
G1 X2.1442 Y.1497 Z14.0845 B43.055 E.03533
G1 X1.0286 Z14.1289 B45.071 E.03716
G1 X.0552 Y.095 Z14.1387 B47.086 E.03243
G1 X-.8811 Z14.1084 B49.099 E.03116
G1 X-1.9122 Z14.0318 B51.109 E.03439
G1 X-2.9014 Z13.92 B53.114 E.03311
G1 X-3.7405 Z13.7798 B55.114 E.02830
G1 X-4.6694 Z13.5948 B57.108 E.03151
G1 X-5.6414 Z13.364 B59.093 E.03324
G1 X-6.4113 Z13.1175 B61.069 E.02691
G1 X-7.2511 Z12.8211 B63.035 E.02966
G1 X-8.3725 Z12.4448 B64.99 E.03937
G1 X-9.481 Z12.0268 B66.933 E.03941
G1 X-10.2308 Z11.6392 B68.862 E.02807
G1 X-10.7952 Z11.3681 B70. E.02084
G1 X-11.2064 Y.0074 Z11.319 E.01408
G1 X-11.409 Y.2223 Z11.3091 C49163.192 E.01723
G1 X-11.6121 Y.1441 Z11.3612 E.00744
G1 X-11.9123 Y-.0045 Z11.4863 E.01189
G1 X-11.9887 Y.2084 Z11.5206 C49161.072 E.01660
G1 X-12.1859 Y.0926 Z11.619 E.00828
G1 Y.3465 Z11.6121 C49158.967 E.01713
G1 Y.0831 Z11.627 C49161.072 E.01729
G1 X-12.4568 Y.1792 Z11.7432 C49158.967 E.01839
G1 X-12.6196 Y.0687 Z11.8221 E.00705
G1 Y.3079 Z11.8268 C49156.881 E.01725
G1 Y.0382 Z11.8437 C49158.967 E.01779
G1 X-12.8957 Y.1231 Z11.9569 C49156.881 E.01872
G1 X-13.1743 Z12.0912 C49154.813 E.01890
G1 X-13.4203 Y.1993 Z12.2063 C49152.765 E.01851
G1 X-13.7113 Z12.3399 C49150.739 E.01933
G1 X-13.9427 Y-.0458 Z12.4502 E.01180
G1 X-14.0745 Y.0645 Z12.5139 C49148.734 E.01748
G1 X-14.1988 Y-.0701 Z12.5706 E.00638
G1 Y.1491 Z12.5789 C49146.752 E.01791
G1 X-14.2614 Y.0737 Z12.5975 E.00332
G1 Y-.0224 Z12.6055 E.00327
G1 Y-.1478 Z12.6049 E.00423
G1 Y.0162 Z12.6063 C49144.793 E.01712
G1 Y-.1306 Z12.6047 E.00493
G1 Y-.0535 Z12.607 C49142.858 E.01624
G1 Y-.1841 Z12.6058 E.00439
G1 Y.0125 Z12.6084 C49140.949 E.01712
G1 Y-.0941 Z12.605 E.00356
G1 Y-.1715 Z12.5944 E.00267
G1 X-14.173 Y-.2631 Z12.5675 E.00433
G1 X-14.1015 Y-.3299 Z12.5389 E.00339
G1 Y-.1096 Z12.5388 C49139.051 E.01719
G1 X-13.9227 Y-.247 Z12.478 E.00777
G1 X-13.8484 Z12.4515 E.00285
G1 X-13.7663 Z12.4285 E.00319
G1 X-13.669 Z12.4018 E.00344
G1 X-13.5929 Z12.3803 E.00275
G1 X-13.51 Y-.1358 Z12.3567 E.00468
G1 Y-.3371 Z12.3406 C49140.949 E.01636
G1 X-13.291 Y-.1324 Z12.2867 E.01013
G1 X-13.0528 Z12.2125 C49142.858 E.01668
G1 X-12.8176 Z12.1406 C49144.793 E.01658
G1 X-12.5952 Y-.2167 Z12.0714 C49146.752 E.01653
G1 X-12.4539 Y-.1055 Z12.0328 E.00612
G1 X-12.2228 Y-.1867 Z11.9633 C49148.734 E.01642
G1 X-11.9228 Y-.2443 Z11.8827 C49150.739 E.01741
G1 X-11.766 Y-.1525 Z11.8471 E.00616
G1 X-11.4487 Y-.2461 Z11.7926 C49152.765 E.01749
G1 X-11.3592 Z11.7809 E.00329
G1 X-11.1783 Y-.1284 Z11.7719 E.00719
G1 X-10.9454 Y-.3052 Z11.7566 C49154.813 E.01626
G1 X-10.2821 Y-.175 Z11.9845 B68.862 E.02373
G1 X-9.4039 Y-.343 Z12.3404 C49156.881 B66.933 E.03394
G1 X-8.4716 Y-.251 Z12.6909 B64.99 E.03327
G1 X-7.4512 Y-.1689 Z13.0163 B63.035 E.03573
G1 X-6.2809 Y-.0879 Z13.3266 B61.069 E.04036
G1 X-5.596 Y-.3908 Z13.5422 C49158.967 B59.093 E.02679
G1 X-4.4625 Z13.775 B57.108 E.03852
G1 X-3.611 Y.0284 Z13.9442 C49156.881 B55.114 E.03236
G1 X-2.8837 Y-.3043 Z14.0688 C49158.967 B53.114 E.02715
G1 X-2.6755 Z14.083 E.00696
G1 X-1.7557 Z14.2043 B51.109 E.03090
G1 X-.8008 Y-.2148 Z14.2503 B49.099 E.03194
G1 X.2065 Y-.1643 Z14.2805 B47.086 E.03356
G1 X1.0674 Z14.2632 B45.071 E.02867
G1 X2.3485 Y-.433 Z14.2208 C49161.072 B43.055 E.04366
G1 X3.1693 Z14.1414 B41.04 E.02747
G1 X4.1323 Y-.3084 Z14.0021 B39.027 E.03263
G1 X5.2739 Y-.1785 Z13.8421 B37.017 E.03858
G1 X6.1484 Y-.0849 Z13.631 B35.011 E.03008
G1 X7.1566 Y-.4356 Z13.3834 C49163.192 B33.011 E.03750
G1 X8.0233 Y-.326 Z13.1053 B31.018 E.03049
G1 X9.0776 Y-.1344 Z12.7715 B29.032 E.03733
G1 X10.0438 Y-.4871 Z12.4035 C49165.328 B27.055 E.03842
G1 X10.9429 Y-.3126 Z12.0167 B25.089 E.03307
G1 X11.7643 Y-.1421 Z11.5925 B23.133 E.03127
G1 X12.5411 Y.0283 Z11.1467 B21.19 E.03032
G1 X13.2842 Y-.3878 Z10.6502 C49167.478 B19.261 E.03675
G1 X14.1617 Y-.1355 Z10.1345 B17.345 E.03488
G1 X15.0795 Y-.461 Z9.5685 C49169.64 B15.444 E.04197
G1 X15.8138 Y-.2397 Z9.0208 B13.559 E.03134
G1 X16.4187 Y-.0535 Z8.4444 B11.691 E.02847
G1 X17.0772 Y-.4852 Z7.8194 C49171.814 B9.841 E.03979
G1 X17.3725 Y-.3023 Z7.7692 E.01167
G1 X17.6477 Z7.2044 B8.009 E.02091
G1 X17.8063 Y-.1781 Z7.181 E.00674
G1 X17.8589 Y-.1224 Z7.1833 E.00255
G1 Y-.0447 Z7.1976 E.00300
G1 X17.9202 Y.0594 Z7.2176 E.00407
G1 Y.2063 Z7.2343 E.00502
G1 X17.869 Y.2873 Z7.2395 E.00319
G1 Y-.2708 Z7.2427 C49173.996 E.02930
G1 X17.7467 Y.1216 Z7.2591 E.01368
G1 X17.4409 Y.3559 Z7.8371 C49173.997 B9.841 E.02310
G1 Y-.3134 Z7.8395 C49176.187 E.03142
G1 X17.3858 Y-.103 Z7.8482 E.00724
G1 Y-.031 Z7.8422 E.00266
G1 X17.3041 Y.0315 Z7.8243 E.00347
G1 X17.243 Y.0837 Z7.7903 E.00290
G1 X17.1429 Z7.8182 E.00376
G1 X16.8583 Y-.1364 Z7.8616 E.01205
G1 X16.1504 Y.2762 Z8.4699 C49173.996 B11.691 E.03967
G1 X15.5361 Y.0823 Z9.0411 B13.559 E.02864
G1 X14.6846 Y.4266 Z9.6224 C49171.814 B15.444 E.04066
G1 X13.825 Y.1436 Z10.1813 B17.345 E.03538
G1 X13.1711 Y-.0043 Z10.6787 B19.261 E.02776
G1 X12.4503 Y.4357 Z11.1544 C49169.64 B21.19 E.03587
G1 X11.5893 Y.2233 Z11.6217 B23.134 E.03334
G1 X11.2699 Y.0922 Z11.6627 E.01156
G1 X10.4897 Y-.0449 Z12.0795 B25.089 E.02977
G1 X9.5592 Y.3304 Z12.4746 C49167.478 B27.055 E.03782
G1 X8.6473 Y.1819 Z12.8391 B29.032 E.03304
G1 X7.8859 Y.0972 Z13.1503 B31.018 E.02750
G1 X6.9929 Y-.0056 Z13.4343 B33.011 E.03135
G1 X6.0826 Y-.0931 Z13.6793 B35.011 E.03149
G1 X4.9847 Y.276 Z13.8885 C49165.328 B37.017 E.03964
G1 X4.0181 Y.2043 Z14.0573 B39.027 E.03272
G1 X3.0102 Y.1435 Z14.1881 B41.04 E.03387
G1 X1.9534 Z14.2753 B43.055 E.03531
G1 X1.0234 Y.071 Z14.3235 B45.071 E.03107
G1 X.0086 Y.4493 Z14.3195 C49163.192 B47.086 E.03603
G1 X-.6956 Y.0469 Z14.3078 C49165.328 B49.099 E.02699
G1 X-1.9117 Z14.2249 B51.109 E.04054
G1 X-2.7772 Y.4084 Z14.111 C49163.192 B53.114 E.03162
G1 X-2.903 Y.0443 Z14.1102 C49165.328 E.01331
G1 X-3.5361 Y.4037 Z13.9813 C49163.192 B55.114 E.02498
G1 X-3.6507 Y.0458 Z13.9773 C49165.328 E.01329
G1 X-3.7749 Y.4021 Z13.9603 C49163.192 E.01342
G1 X-4.6974 Y.0572 Z13.7808 C49165.328 B57.108 E.03380
G1 X-5.6566 Z13.5507 B59.093 E.03281
G1 X-6.4417 Z13.2978 B61.069 E.02744
G1 Z13.2909 E.00153
G1 X-6.4917 Y.394 Z13.2829 C49163.192 E.01391
G1 Y.0712 Z13.2843 C49165.328 E.01351
G1 X-7.5713 Z12.9611 B63.035 E.03748
G1 X-8.2864 Z12.6451 B64.99 E.02600
G1 X-9.4612 Z12.2126 B66.933 E.04165
G1 X-9.9725 Y.3247 Z11.8626 C49163.192 B68.862 E.02547
G1 X-10.7679 Y-.0091 Z11.5552 C49165.328 B70. E.03326
G1 X-11.1793 Y.1959 Z11.4954 C49163.192 E.02073
G1 X-11.384 Z11.4913 E.00700
G1 X-11.5534 Y.0778 Z11.5416 E.00707
G1 X-11.7079 Y.0051 Z11.5997 E.00600
G1 X-11.92 Y.1519 Z11.7002 C49161.072 E.01732
G1 X-12.2461 Y.2176 Z11.854 C49158.967 E.01930
G1 X-12.5589 Y.0106 Z12.0064 E.01347
G1 X-12.7974 Y.0984 Z12.1242 C49156.881 E.01808
G1 X-13.0412 Y.168 Z12.2426 C49154.813 E.01821
G1 X-13.326 Z12.3755 C49152.765 E.01899
G1 X-13.5704 Y-.036 Z12.4938 E.01130
G1 X-13.6824 Y.1154 Z12.5438 C49150.739 E.01735
G1 X-13.8689 Y.1842 Z12.6304 C49148.734 E.01768
G1 X-14.1233 Y-.0878 Z12.7512 E.01302
G1 Y.1404 Z12.7596 C49146.752 E.01795
G1 X-14.1884 Y.0665 Z12.7794 E.00334
G1 Y-.0232 Z12.7888 E.00309
G1 Y-.144 Z12.789 E.00411
G1 Y.0396 Z12.7904 C49144.793 E.01727
G1 Y-.1846 Z12.7878 E.00751
G1 Y-.0849 Z12.7908 C49142.858 E.01630
G1 Y-.2164 Z12.7895 E.00446
G1 Y-.0119 Z12.7927 C49140.949 E.01715
G1 Y-.131 Z12.7855 E.00398
G1 Y-.2119 Z12.7702 E.00297
G1 X-14.0346 Y-.3327 Z12.7231 E.00669
G1 Y-.1027 Z12.7244 C49139.051 E.01726
G1 X-13.8509 Y-.2462 Z12.6605 E.00804
G1 X-13.7605 Z12.6301 E.00338
G1 X-13.6708 Z12.6057 E.00332
G1 Z12.6011 E.00129
G1 Y-.0307 Z12.6013 C49137.142 E.01680
G1 Y-.2713 Z12.5919 C49139.051 E.01722
G1 X-13.6045 Z12.5874 E.00222
G1 Y-.016 Z12.5888 C49137.142 E.01731
G1 Y-.2535 Z12.5802 C49139.051 E.01705
G1 X-13.5005 Y-.1952 Z12.5578 E.00403
G1 X-13.4223 Y-.1079 Z12.5349 E.00397
G1 X-13.3135 Y-.23 Z12.4966 C49140.949 E.01570
G1 X-13.1333 Y-.2843 Z12.44 C49142.858 E.01596
G1 X-12.9136 Z12.3688 C49144.793 E.01645
G1 X-12.6137 Y-.0494 Z12.2843 E.01298
G1 X-12.3935 Y-.1255 Z12.2182 C49146.752 E.01623
G1 X-12.1837 Y-.2262 Z12.1545 C49148.734 E.01615
G1 X-12.0086 Y-.3647 Z12.1005 C49150.739 E.01593
G1 X-11.7466 Y-.2041 Z12.0407 E.01041
G1 X-11.5049 Y-.3379 Z11.9937 C49152.765 E.01643
G1 X-11.3311 Y-.2523 Z11.9711 E.00649
G1 X-11.1531 Y-.175 Z11.9612 E.00646
G1 X-10.9628 Y-.3706 Z11.9426 C49154.813 E.01590
G1 X-10.6637 Y-.2713 Z11.9597 E.01050
G1 X-10.2635 Z12.1738 B68.862 E.01518
G1 X-9.4049 Y-.1093 Z12.5368 B66.933 E.03147
G1 X-8.3744 Y-.2862 Z12.892 C49156.881 B64.99 E.03808
G1 X-7.4993 Y-.2214 Z13.2028 B63.035 E.03096
G1 X-6.2632 Y-.1255 Z13.5194 B61.069 E.04256
G1 X-5.5309 Z13.7505 B59.093 E.02556
G1 X-4.5244 Y-.3888 Z13.9613 C49158.967 B57.108 E.03573
G1 X-3.4576 Z14.1463 B55.114 E.03604
G1 X-2.6497 Y-.3205 Z14.2818 B53.114 E.02734
G1 X-1.7365 Z14.3993 B51.109 E.03064
G1 X-.8408 Y-.2492 Z14.4437 B49.099 E.02992
G1 X.1932 Y-.1942 Z14.4746 B47.086 E.03446
G1 X1.0305 Z14.4559 B45.071 E.02789
G1 X2.3143 Y-.0411 Z14.4185 B43.055 E.04302
G1 X3.1946 Y-.4166 Z14.3342 C49161.072 B41.04 E.03220
G1 X3.3583 Y.0538 Z14.3359 C49158.967 E.01707
G1 X4.0889 Y-.3496 Z14.1963 C49161.072 B39.027 E.02859
G1 X5.2357 Y-.2217 Z14.0348 B37.017 E.03875
G1 X6.2487 Y-.0971 Z13.8244 B35.011 E.03466
G1 X7.215 Y-.4645 Z13.5744 C49163.192 B33.011 E.03648
G1 X8.1489 Y-.3362 Z13.2901 B31.018 E.03275
G1 X9.0606 Y-.1925 Z12.9637 B29.032 E.03256
G1 X10.0526 Y.0032 Z12.5975 B27.055 E.03577
G1 X10.8534 Y-.413 Z12.2133 C49165.328 B25.089 E.03529
G1 X11.7332 Y-.2261 Z11.7816 B23.133 E.03318
G1 X12.5143 Y-.0628 Z11.3409 B21.19 E.03032
G1 X13.2366 Y.1069 Z10.8462 B19.26 E.02966
G1 X14.1089 Y-.2543 Z10.3244 C49167.478 B17.345 E.03997
G1 X14.8292 Y-.0577 Z9.7908 B15.444 E.03052
G1 X15.5165 Y-.5029 Z9.2311 C49169.64 B13.559 E.03831
G1 X16.205 Y-.2966 Z8.6626 B11.691 E.03048
G1 X16.4307 Y-.1657 Z8.6245 E.00877
G1 X17.1503 Y.1227 Z7.9858 B9.841 E.03341
G1 X17.2588 Y-.5005 Z7.9639 C49171.814 E.03030
G1 X17.3683 Y-.4327 Z7.9444 E.00433
G1 X17.6422 Z7.3806 B8.009 E.02085
G1 X17.7802 Y-.3234 Z7.3592 E.00590
G1 X17.8409 Y-.2517 Z7.3613 E.00312
G1 Y-.1884 Z7.3699 E.00237
G1 Y-.1025 Z7.386 E.00332
G1 Y.0066 Z7.4019 E.00382
G1 Y.2414 Z7.4211 E.00791
G1 X17.7357 Y-.1487 Z7.4287 C49173.997 E.02619
G1 X17.4197 Y.1294 Z8.0072 B9.841 E.02380
G1 X17.3518 Y.406 Z8.0223 C49173.996 E.00949
G1 Y-.2826 Z8.0221 C49176.187 E.03181
G1 Y-.1913 Z8.0167 E.00337
G1 X17.2505 Y-.1166 Z7.993 E.00426
G1 Z7.9695 E.00193
G1 X17.1973 Z7.9668 E.00217
G1 X17.0985 Z7.9943 E.00342
G1 X16.9899 Y-.1857 Z8.0112 E.00432
G1 Y.4839 Z8.0161 C49173.996 E.03107
G1 X16.8285 Y.4064 Z8.0372 C49173.997 E.00600
G1 X16.2612 Y.2211 Z8.6264 B11.691 E.02789
G1 X15.5818 Y-.0075 Z9.2114 C49173.996 B13.559 E.03077
G1 X14.7615 Y.3621 Z9.7906 C49171.814 B15.444 E.04020
G1 X13.906 Y.0856 Z10.351 B17.345 E.03524
G1 X13.0962 Y-.1322 Z10.8732 B19.261 E.03286
G1 X12.2812 Y.2716 Z11.3643 C49169.64 B21.19 E.03772
G1 X11.5637 Y.1338 Z11.8117 B23.134 E.02849
G1 X10.6398 Y-.0626 Z12.2503 B25.089 E.03464
G1 X9.6787 Y.3085 Z12.6511 C49167.478 B27.055 E.03872
G1 X8.7142 Y.1436 Z13.0233 B29.032 E.03482
G1 X7.7167 Y.0009 Z13.3525 B31.018 E.03526
G1 X6.9205 Y-.0717 Z13.6285 B33.011 E.02813
G1 X6.0898 Y.3503 Z13.8676 C49165.328 B35.011 E.03289
G1 X4.9737 Y.2317 Z14.0811 B37.017 E.03800
G1 X4.1766 Z14.248 B39.027 E.02713
G1 X3.1764 Y.1217 Z14.3791 B41.04 E.03375
G1 X1.9725 Y.0561 Z14.4673 B43.055 E.04021
G1 X1.2549 Z14.5202 B45.071 E.02394
G1 X.015 Z14.5193 B47.086 E.04127
G1 X-.7882 Y.3981 Z14.4906 C49163.192 B49.099 E.02907
G1 X-1.5975 Y-.004 Z14.4338 C49165.328 B51.109 E.03018
G1 X-2.796 Z14.3056 B53.114 E.04009
G1 Y.3623 Z14.2979 C49163.192 E.01272
G1 X-3.6668 Z14.1607 B55.114 E.02932
G1 X-4.5225 Y.0007 Z13.9855 C49165.328 B57.108 E.03194
G1 X-5.4839 Z13.7608 B59.093 E.03284
G1 X-6.4726 Z13.481 B61.069 E.03418
G1 Z13.4739 E.00153
G1 Y.3368 Z13.468 C49163.192 E.01387
G1 X-6.5311 Y.0084 Z13.4719 C49165.328 E.01374
G1 X-7.4103 Z13.1736 B63.035 E.03088
G1 X-8.2818 Z12.8307 B64.99 E.03115
G1 X-9.3295 Z12.4231 B66.933 E.03741
G1 X-9.9955 Y.2529 Z12.0422 C49163.192 B68.862 E.02951
G1 X-10.8393 Y.1797 Z11.7212 B70. E.03013
G1 X-11.2421 Y.1047 Z11.6704 E.01373
G1 X-11.3124 Z11.6675 E.00240
G1 Y.3561 Z11.6598 C49161.072 E.01625
G1 Y.0764 Z11.6717 C49163.192 E.01679
G1 Y.3432 Z11.6659 C49161.072 E.01658
G1 X-11.3907 Y.0597 Z11.6828 C49163.192 E.01710
G1 X-11.5451 Y-.0087 Z11.7364 E.00589
G1 X-11.8217 Y.1132 Z11.8643 C49161.072 E.01819
G1 X-12.1889 Z12.0373 C49158.967 E.02017
G1 X-12.4726 Y-.0298 Z12.179 E.01157
G1 X-12.7316 Y.0499 Z12.3071 C49156.881 E.01836
G1 X-12.9748 Y.1249 Z12.4277 C49154.813 E.01818
G1 X-13.2304 Y.1753 Z12.5468 C49152.765 E.01839
G1 X-13.4806 Y-.0522 Z12.6659 E.01193
G1 X-13.7293 Z12.7825 C49150.739 E.01857
G1 X-13.8616 Y.0944 Z12.8447 C49148.734 E.01754
G1 X-14.0284 Y-.0846 Z12.9231 E.00854
G1 Y.1442 Z12.9354 C49146.752 E.01788
G1 X-14.1203 Y.0481 Z12.9633 E.00452
G1 Y-.0438 Z12.9728 E.00317
G1 Y-.1735 E.00441
G1 Y.0053 Z12.9748 C49144.793 E.01715
G1 Y-.0949 Z12.9741 E.00345
G1 Y.0176 Z12.9747 C49142.858 E.01632
G1 Y-.2286 Z12.9735 E.00824
G1 Y-.0159 Z12.9769 C49140.949 E.01719
G1 Y-.1273 Z12.9706 E.00372
G1 Y-.2092 Z12.9561 E.00293
G1 X-13.9849 Y-.3193 Z12.9145 E.00597
G1 Z12.9053 E.00109
G1 X-13.9315 Y-.1169 Z12.9015 C49139.051 E.01686
G1 X-13.7868 Y-.2397 Z12.8461 E.00658
G1 X-13.7199 Z12.8225 E.00258
G1 Y-.0229 Z12.8227 C49137.142 E.01684
G1 Y-.2782 Z12.8138 C49139.051 E.01745
G1 Y-.0272 Z12.8178 C49137.142 E.01738
G1 Y-.2797 Z12.8122 C49139.051 E.01741
G1 X-13.5876 Z12.7862 E.00449
G1 X-13.488 Z12.7581 E.00372
G1 X-13.4004 Y-.1554 Z12.733 E.00513
G1 Z12.727 E.00110
G1 X-13.3343 Y-.3274 Z12.7064 C49140.949 E.01594
G1 X-13.1913 Y-.1716 Z12.6667 E.00716
G1 X-12.8934 Y-.1184 Z12.5739 C49142.858 E.01775
G1 X-12.6428 Z12.4964 C49144.793 E.01669
G1 X-12.3883 Y-.1891 Z12.4194 C49146.752 E.01680
G1 X-12.1393 Y-.2621 Z12.3441 C49148.734 E.01661
G1 X-11.939 Y-.1232 Z12.2918 E.00829
G1 X-11.6848 Y-.2314 Z12.2259 C49150.739 E.01656
G1 X-11.3517 Y-.0506 Z12.1704 E.01274
G1 X-10.9911 Y-.1629 Z12.1395 C49152.765 E.01805
G1 X-10.5534 Y-.2908 Z12.1536 C49154.813 E.01969
G1 X-9.8501 Y-.164 Z12.4003 B68.862 E.02515
G1 X-8.9797 Y-.3669 Z12.7663 C49156.881 B66.933 E.03388
G1 X-8.2655 Z13.0945 B64.99 E.02619
G1 X-7.4844 Y-.2659 Z13.3961 B63.035 E.02805
G1 X-6.2733 Y-.1663 Z13.7104 B61.069 E.04175
G1 X-5.4791 Z13.9485 B59.093 E.02760
G1 X-4.6187 Y-.0886 Z14.1529 B57.107 E.02953
G1 X-3.7662 Y-.4083 Z14.3178 C49158.967 B55.114 E.03112
G1 X-2.7863 Z14.4616 B53.114 E.03297
G1 X-2.7083 Z14.4692 E.00305
G1 Y.0094 Z14.4763 C49156.881 E.01429
G1 X-1.7774 Y-.3245 Z14.5919 C49158.967 B51.109 E.03319
G1 X-.8493 Z14.6368 B49.099 E.03094
G1 X.4888 Y-.1867 Z14.6761 B47.086 E.04476
G1 X1.3767 Y-.1344 Z14.6657 B45.071 E.02958
G1 X2.3069 Y-.0706 Z14.6136 B43.055 E.03106
G1 X3.1661 Y-.4546 Z14.5284 C49161.072 B41.04 E.03167
G1 X4.1098 Y-.3796 Z14.3893 B39.027 E.03182
G1 X4.9756 Y-.3127 Z14.2343 B37.017 E.02934
G1 X5.9286 Y-.213 Z14.0234 B35.011 E.03263
G1 X6.8521 Y-.1068 Z13.7864 B33.011 E.03191
G1 X7.9706 Y-.4353 Z13.4896 C49163.192 B31.018 E.04120
G1 X9.0284 Y-.2557 Z13.1586 B29.032 E.03735
G1 X9.9 Y-.1117 Z12.8003 B27.055 E.03171
G1 X10.7327 Y.0369 Z12.4142 B25.089 E.03093
G1 X11.4753 Y-.4019 Z11.9988 C49165.328 B23.133 E.03488
G1 X11.6895 Y-.3149 Z11.9724 E.00774
G1 X12.5412 Y-.128 Z11.525 B21.19 E.03260
G1 X13.4363 Y-.4883 Z11.0021 C49167.478 B19.261 E.04017
G1 X14.2315 Y-.2864 Z10.4936 B17.345 E.03210
G1 X14.9815 Y-.0755 Z9.9509 B15.444 E.03158
G1 X15.6432 Y.1099 Z9.3991 B13.559 E.02931
G1 X16.4116 Y-.2936 Z8.8079 C49169.64 B11.691 E.04055
G1 X17.1328 Y-.0149 Z8.1691 B9.841 E.03336
G1 X17.3978 Y.1582 Z8.1181 E.01066
G1 X17.6759 Z7.5528 B8.009 E.02096
G1 X17.7331 Y.2144 Z7.542 E.00269
G1 Y-.4829 Z7.5402 C49171.814 E.03224
G1 X17.7977 Y-.42 Z7.5391 E.00300
G1 Y-.3311 Z7.5474 E.00335
G1 X17.8593 Y-.2406 Z7.5602 E.00367
G1 Y-.1221 Z7.5756 E.00403
G1 X17.7623 Y.1648 Z7.6024 E.01011
G1 X17.4037 Y-.1175 Z8.1781 C49173.997 B9.841 E.03292
G1 X17.3049 Y.2838 Z8.1998 E.01376
G1 Y.3675 Z8.1909 E.00318
G1 X17.2042 Y.4304 Z8.1685 C49173.996 E.00402
G1 X17.1542 Z8.1418 E.00222
G1 X17.0781 Z8.1658 C49173.997 E.00266
G1 X16.9418 Y.3496 Z8.1913 E.00534
G1 X16.4608 Y.2211 Z8.7675 B11.691 E.02533
G1 X15.7162 Y-.0465 Z9.367 B13.559 E.03302
G1 X15.4927 Y-.1733 Z9.4045 C49173.996 E.00864
G1 X14.7068 Y.224 Z9.9813 C49171.814 B15.444 E.03966
G1 X13.8796 Y-.0268 Z10.5385 B17.345 E.03420
G1 X13.0049 Y.3432 Z11.0708 C49169.64 B19.261 E.03976
G1 X12.1244 Y.1198 Z11.575 B21.19 E.03456
G1 X11.3711 Y-.0208 Z12.024 B23.134 E.02954
G1 X10.6121 Y.4227 Z12.4377 C49167.478 B25.089 E.03496
G1 X9.6606 Y.2386 Z12.8429 B27.055 E.03494
G1 X8.7042 Y.0823 Z13.2131 B29.032 E.03450
G1 X7.767 Y-.0411 Z13.5388 B31.018 E.03325
G1 X6.8781 Y.3719 Z13.8187 C49165.328 B33.011 E.03497
G1 X5.9628 Y.2787 Z14.0644 B35.011 E.03167
G1 X4.9153 Y.1793 Z14.2749 B37.017 E.03569
G1 X4.0951 Z14.4393 B39.027 E.02786
G1 X3.0855 Y.071 Z14.5706 B41.04 E.03405
G1 X1.976 Y.0158 Z14.6598 B43.055 E.03707
G1 X1.2501 Z14.7112 B45.071 E.02421
G1 X.0609 Z14.7118 B47.086 E.03958
G1 X-.7693 Y-.0426 Z14.6879 B49.099 E.02769
G1 X-1.6002 Y.3421 Z14.6205 C49163.192 B51.109 E.03060
G1 Y-.0506 Z14.6247 C49165.328 E.01321
G1 X-2.8165 Z14.4965 B53.114 E.04068
G1 X-3.6617 Z14.3577 B55.114 E.02849
G1 X-4.501 Y.3042 Z14.1743 C49163.192 B57.108 E.03142
G1 Y-.0546 Z14.1766 C49165.328 E.01318
G1 X-5.4965 Y.2911 Z13.9445 C49163.192 B59.093 E.03653
G1 X-6.5058 Z13.6604 B61.069 E.03488
G1 X-7.4575 Z13.3489 B63.035 E.03332
G1 X-8.3293 Z13.0054 B64.99 E.03121
G1 X-9.3541 Y.2015 Z12.5998 B66.933 E.03678
G1 X-9.9926 Z12.2277 B68.862 E.02459
G1 X-10.8066 Y.1102 Z11.9068 B70. E.02926
G1 X-11.1072 Y.0549 Z11.8636 E.01027
G1 Y.3332 Z11.8565 C49161.072 E.01652
G1 Y.0519 Z11.8613 C49163.192 E.01657
G1 Y.3273 Z11.8526 C49161.072 E.01650
G1 Y.0479 Z11.8585 C49163.192 E.01657
G1 Y.325 Z11.8515 C49161.072 E.01656
G1 X-11.1738 Y.0414 Z11.8556 C49163.192 E.01682
G1 X-11.3019 Z11.8507 E.00440
G1 Y.2828 Z11.8471 C49161.072 E.01607
G1 Y-.0064 Z11.8611 C49163.192 E.01696
G1 X-11.4538 Y.218 Z11.8986 C49161.072 E.01678
G1 X-11.7671 Y.0487 Z12.0514 E.01289
G1 X-12.0301 Y.1676 Z12.175 C49158.967 E.01803
G1 X-12.3027 Y-.0106 Z12.3099 E.01173
G1 X-12.5438 Y.0918 Z12.4303 C49156.881 E.01796
G1 X-12.7768 Y.1886 Z12.5431 C49154.813 E.01788
G1 X-13.0877 Z12.6931 C49152.765 E.01935
G1 X-13.2872 Y.0278 Z12.7931 E.00915
G1 X-13.531 Z12.9047 C49150.739 E.01829
G1 X-13.7227 Y.1456 Z12.9948 C49148.734 E.01789
G1 X-13.926 Y-.0725 Z13.0915 E.01043
G1 Y.154 Z13.1073 C49146.752 E.01776
G1 X-14.0305 Y.071 Z13.1379 E.00455
G1 Y.0019 Z13.1518 E.00259
G1 Y-.0903 Z13.1576 E.00349
G1 X-14.0808 Y-.1726 Z13.1569 E.00321
G1 Y.0261 Z13.1589 C49144.793 E.01732
G1 Y-.0864 Z13.158 E.00374
G1 Y.0124 Z13.1587 C49142.858 E.01615
G1 Y.1787 Z13.1581 C49140.949 E.01656
G1 Y-.1256 Z13.1591 C49142.858 E.01860
G1 Y-.2317 Z13.1578 E.00353
G1 Y.025 Z13.161 C49140.949 E.01779
G1 Y-.0995 Z13.1578 E.00416
G1 Y-.1698 Z13.1493 E.00259
G1 X-13.9909 Y-.2529 Z13.1276 E.00414
G1 X-13.9042 Y-.3349 Z13.0934 E.00413
G1 Y-.102 Z13.0904 C49139.051 E.01719
G1 X-13.7235 Y-.2325 Z13.0318 E.00767
G1 Z13.0245 E.00080
G1 Y.0112 Z13.0267 C49137.142 E.01725
G1 Y-.2563 Z13.0155 C49139.051 E.01768
G1 X-13.5802 Z12.9873 E.00491
G1 X-13.476 Z12.9585 E.00360
G1 X-13.3813 Y-.2025 Z12.9313 E.00373
G1 X-13.3167 Y-.1321 Z12.9129 E.00324
G1 Y-.3556 Z12.8973 C49140.949 E.01648
G1 X-13.1976 Y-.2524 Z12.872 E.00531
G1 X-12.9642 Z12.7976 C49142.858 E.01652
G1 X-12.7543 Y-.0557 Z12.7375 E.00978
G1 X-12.5649 Y-.1442 Z12.6771 C49144.793 E.01586
G1 X-12.2776 Z12.5912 C49146.752 E.01718
G1 X-11.9895 Y-.2249 Z12.5069 C49148.734 E.01724
G1 X-11.8397 Y-.1215 Z12.4675 E.00619
G1 X-11.6841 Y-.2944 Z12.4204 C49150.739 E.01573
G1 X-11.4406 Y-.1547 Z12.3808 E.00943
G1 X-11.3192 Y-.3703 Z12.3518 C49152.765 E.01569
G1 Y-.0894 Z12.3593 C49150.739 E.01627
G1 Y-.3693 Z12.3516 C49152.765 E.01625
G1 X-10.967 Y-.2078 Z12.3282 E.01291
G1 X-10.7705 Y-.1328 Z12.3383 E.00700
G1 X-10.551 Y-.3461 Z12.3419 C49154.813 E.01616
G1 X-9.8741 Y-.2212 Z12.5866 B68.862 E.02430
G1 X-8.9847 Y-.1111 Z12.9634 B66.933 E.03234
G1 X-8.2731 Y-.3717 Z13.2833 C49156.881 B64.99 E.02911
G1 X-7.5056 Y-.3188 Z13.5831 B63.035 E.02746
G1 X-6.2895 Y-.2102 Z13.9001 B61.069 E.04196
G1 X-5.3466 Y-.1531 Z14.1541 B59.093 E.03253
G1 X-4.3859 Y-.0997 Z14.3663 B57.107 E.03277
G1 X-3.4904 Y-.4219 Z14.5287 C49158.967 B55.114 E.03239
G1 X-2.7487 Y-.0264 Z14.6633 C49156.881 B53.114 E.02851
G1 Y-.3973 Z14.6594 C49158.967 E.01280
G1 X-1.8297 Z14.7821 B51.109 E.03085
G1 Y.0177 Z14.7874 C49156.881 E.01398
G1 X-.8658 Y-.3162 Z14.8299 C49158.967 B49.099 E.03398
G1 X.4843 Y-.2166 Z14.8698 B47.086 E.04505
G1 X1.3708 Y-.1661 Z14.859 B45.071 E.02953
G1 X2.2876 Y-.1033 Z14.8067 B43.055 E.03061
G1 X3.1553 Y-.0443 Z14.7277 B41.04 E.02905
G1 X4.0929 Y-.4185 Z14.5819 C49161.072 B39.027 E.03430
G1 X5.184 Y-.3055 Z14.4209 B37.017 E.03688
G1 X6.1313 Y-.2042 Z14.2128 B35.011 E.03243
G1 X7.1246 Y-.0737 Z13.9672 B33.011 E.03431
G1 X8.1767 Y-.4254 Z13.6713 C49163.192 B31.018 E.03949
G1 X9.0882 Y-.2893 Z13.3452 B29.032 E.03252
G1 X9.9341 Y-.1568 Z12.9884 B27.055 E.03085
G1 X10.7267 Y-.0274 Z12.6041 B25.089 E.02961
G1 X11.4646 Y-.4758 Z12.1896 C49165.328 B23.133 E.03489
G1 X12.2598 Y-.3229 Z11.7396 B21.19 E.03081
G1 X12.6463 Y-.1579 Z11.699 E.01404
G1 X13.3977 Y.0192 Z11.1961 B19.26 E.03064
G1 X14.1784 Y-.405 Z10.6841 C49167.478 B17.345 E.03843
G1 X14.9266 Y-.205 Z10.1432 B15.444 E.03142
G1 X15.7102 Y.0406 Z9.5706 B13.559 E.03330
G1 X16.3552 Y-.4393 Z8.9959 C49169.64 B11.691 E.03875
G1 X16.5872 Y-.3071 Z8.9567 E.00898
G1 X17.1748 Y-.1154 Z8.3424 B9.841 E.02898
G1 X17.4051 Y.0353 Z8.295 E.00929
G1 X17.6808 Z7.7312 B8.009 E.02087
G1 X17.7547 Y.1133 Z7.7224 E.00358
G1 X17.8067 Y.2013 Z7.7256 E.00340
G1 Y.3098 Z7.7369 E.00371
G1 Y-.3827 Z7.7386 C49171.814 E.03219
G1 Y-.2666 Z7.7485 E.00388
G1 X17.7383 Y.0101 Z7.7764 E.00953
G1 X17.4318 Y.17 Z8.3519 B9.841 E.02233
G1 X17.3785 Y.3763 Z8.3583 E.00709
G1 Y-.1019 Z8.3634 C49173.997 E.02722
G1 X17.2691 Y.1329 Z8.3762 C49173.996 E.00863
G1 Y.2039 Z8.3704 C49173.997 E.00268
G1 X17.175 Y.2721 Z8.3502 C49173.996 E.00392
G1 X17.12 Z8.3202 C49173.997 E.00252
G1 X17.0298 Z8.3492 C49173.996 E.00315
G1 X16.8552 Y.1638 Z8.3857 E.00694
G1 X16.1531 Y-.0895 Z9.0014 C49173.997 B11.691 E.03218
G1 X15.4408 Y.3441 Z9.5923 C49171.814 B13.559 E.03922
G1 X14.7124 Y.1207 Z10.1625 B15.444 E.03165
G1 X13.8849 Y-.1224 Z10.7202 B17.345 E.03416
G1 X13.0315 Y.2663 Z11.2523 C49169.64 B19.261 E.03945
G1 X12.2698 Y.1 Z11.7378 B21.19 E.03055
G1 X11.3982 Y-.0869 Z12.2061 B23.134 E.03349
G1 X10.4537 Y.2946 Z12.6463 C49167.478 B25.089 E.03917
G1 X9.5269 Y.1315 Z13.0493 B27.055 E.03405
G1 X8.6887 Y.0201 Z13.4051 B29.032 E.03051
G1 X7.725 Y.4139 Z13.7294 C49165.328 B31.018 E.03753
G1 X6.9165 Y.3327 Z14.0076 B33.011 E.02857
G1 X5.9527 Y.2307 Z14.2569 B35.011 E.03329
G1 X4.9416 Y.14 Z14.466 B37.017 E.03447
G1 X3.9143 Y.0658 Z14.6338 B39.027 E.03471
G1 X2.9633 Y.014 Z14.7641 B41.04 E.03197
G1 X1.9961 Z14.8513 B43.055 E.03232
G1 X1.0714 Y-.0543 Z14.898 B45.071 E.03088
G1 X.2242 Z14.9099 B47.086 E.02819
G1 X-.5484 Y.3322 Z14.885 C49163.192 B49.099 E.02876
G1 X-1.9011 Z14.7939 B51.109 E.04512
G1 X-2.8176 Y.2728 Z14.6818 B53.114 E.03077
G1 X-3.6585 Z14.5438 B55.114 E.02834
G1 X-4.5361 Z14.3605 B57.108 E.02983
G1 X-5.5191 Z14.1314 B59.093 E.03359
G1 X-6.5356 Y.2198 Z13.8451 B61.069 E.03517
G1 X-7.6269 Z13.5081 B63.035 E.03800
G1 X-8.4586 Y.1687 Z13.1706 B64.99 E.02990
G1 X-9.297 Z12.7966 B66.933 E.03055
G1 X-10.0735 Y.1007 Z12.3977 B68.862 E.02912
G1 X-10.7687 Y.3315 Z12.0908 C49161.072 B70. E.02956
G1 X-10.9972 Y-.0022 Z12.0612 C49163.192 E.01911
G1 X-11.0561 Y.2728 Z12.0477 C49161.072 E.01652
G1 Y-.0159 Z12.0501 C49163.192 E.01666
G1 Y.2681 Z12.0443 C49161.072 E.01658
G1 Y-.022 Z12.0452 C49163.192 E.01674
G1 X-11.2296 Y.2324 Z12.0269 C49161.072 E.01721
G1 X-11.3184 Z12.048 E.00326
G1 X-11.4491 Y.1337 Z12.1048 E.00576
G1 X-11.7614 Y.2384 Z12.257 C49158.967 E.01877
G1 X-12.1012 Y.0266 Z12.4245 E.01444
G1 X-12.41 Y.095 Z12.5795 C49156.881 E.01906
G1 X-12.6526 Y.1932 Z12.6983 C49154.813 E.01795
G1 X-12.9434 Y-.0451 Z12.8426 E.01339
G1 X-13.1283 Y.0736 Z12.9316 C49152.765 E.01749
G1 X-13.4038 Z13.0606 C49150.739 E.01875
G1 X-13.6504 Y.1244 Z13.179 C49148.734 E.01839
G1 X-13.8319 Y-.0693 Z13.2637 E.00927
G1 Y.1562 Z13.2826 C49146.752 E.01767
G1 X-13.9691 Y.0419 Z13.3248 E.00610
G1 Y-.0365 Z13.3377 E.00285
G1 Y-.1581 Z13.3413 E.00431
G1 Y.0662 Z13.3427 C49144.793 E.01761
G1 Y-.0882 Z13.343 E.00534
G1 Y.0128 Z13.3429 C49142.858 E.01611
G1 Y-.2232 Z13.3421 E.00799
G1 Y.0101 Z13.3453 C49140.949 E.01738
G1 Y-.1057 Z13.3418 E.00402
G1 Y-.1799 Z13.3321 E.00250
G1 X-13.9185 Y-.2614 Z13.3098 E.00328
G1 Z13.2947 E.00183
G1 Y-.036 Z13.2995 C49139.051 E.01713
G1 X-13.8654 Y-.3114 Z13.2889 C49140.949 E.01791
G1 Z13.2762 E.00151
G1 X-13.8057 Y-.102 Z13.2733 C49139.051 E.01685
G1 X-13.6448 Y-.2363 Z13.2118 E.00727
G1 X-13.5643 Z13.186 E.00299
G1 X-13.4739 Z13.1615 E.00332
G1 X-13.4007 Z13.141 E.00258
G1 Y.0176 Z13.1418 C49137.142 E.01709
G1 Y-.2377 Z13.1326 C49139.051 E.01714
G1 X-13.2982 Y-.1821 Z13.1114 E.00394
G1 X-13.2362 Y-.1127 Z13.0937 E.00315
G1 Y-.3258 Z13.0744 C49140.949 E.01629
G1 X-13.134 Y-.258 Z13.0577 E.00412
G1 X-12.7926 Y-.1617 Z12.9534 C49142.858 E.01877
G1 X-12.6054 Y-.2497 Z12.8919 C49144.793 E.01588
G1 X-12.4331 Y-.368 Z12.8353 C49146.752 E.01587
G1 X-12.1504 Y-.1373 Z12.7591 E.01240
G1 X-11.9375 Y-.2552 Z12.6948 C49148.734 E.01609
G1 X-11.7531 Y-.1272 Z12.6457 E.00764
G1 X-11.6129 Y-.3167 Z12.6052 C49150.739 E.01569
G1 X-11.5575 Y-.0023 Z12.6001 C49148.734 E.01714
G1 X-11.2528 Y-.1145 Z12.5473 C49150.739 E.01707
G1 X-11.1519 Y-.3502 Z12.531 C49152.765 E.01566
G1 Y-.0527 Z12.5364 C49150.739 E.01645
G1 X-11.0509 Y-.3041 Z12.5245 C49152.765 E.01582
G1 X-10.8939 Y-.235 Z12.5212 E.00570
G1 X-10.57 Y-.1121 Z12.5378 E.01154
G1 X-9.9002 Y-.2797 Z12.7738 C49154.813 B68.862 E.02698
G1 X-9.0459 Y-.1751 Z13.1461 B66.933 E.03119
G1 X-8.1314 Y-.3966 Z13.4888 C49156.881 B64.99 E.03471
G1 X-7.2692 Y-.3292 Z13.8046 B63.035 E.03062
G1 X-6.3028 Y-.2561 Z14.0919 B61.069 E.03362
G1 X-5.3854 Y-.1995 Z14.3431 B59.093 E.03169
G1 X-4.4026 Y-.1367 Z14.5571 B57.107 E.03352
G1 X-3.4608 Y-.0863 Z14.7327 B55.114 E.03191
G1 X-2.7628 Y-.4395 Z14.848 C49158.967 B53.114 E.02652
G1 X-1.8492 Z14.9732 B51.109 E.03069
G1 Y-.0125 Z14.9805 C49156.881 E.01443
G1 X-1.6931 Y-.3883 Z14.9777 C49158.967 E.01370
G1 X-.8619 Z15.0247 B49.099 E.02772
G1 Y.0526 Z15.0293 C49156.881 E.01472
G1 X.2357 Y-.2814 Z15.0569 C49158.967 B47.086 E.03817
G1 X1.2027 Y-.2211 Z15.0456 B45.071 E.03223
G1 X2.3615 Y-.1209 Z15.0045 B43.055 E.03871
G1 X3.3603 Y-.0359 Z14.92 B41.04 E.03346
G1 X4.2301 Y-.4295 Z14.7773 C49161.072 B39.027 E.03252
G1 X5.327 Y-.3117 Z14.6123 B37.017 E.03710
G1 X6.2614 Y-.2109 Z14.4021 B35.011 E.03203
G1 X7.0738 Y-.1311 Z14.1622 B33.011 E.02830
G1 X8.0036 Y-.005 Z13.8777 B31.018 E.03261
G1 X9.0622 Y-.3521 Z13.5386 C49163.192 B29.032 E.04031
G1 X10.0203 Y-.1856 Z13.1733 B27.055 E.03455
G1 X10.8163 Y-.0559 Z12.7858 B25.089 E.02976
G1 X11.7303 Y-.4428 Z12.349 C49165.328 B23.133 E.03889
G1 X12.4621 Y-.3149 Z11.9056 B21.19 E.02877
G1 X13.0947 Y-.2147 Z11.4467 B19.26 E.02621
G1 X13.4648 Y-.0345 Z11.3771 E.01389
G1 X14.3004 Y-.4383 Z10.8516 C49167.478 B17.345 E.03971
G1 X15.005 Y-.2638 Z10.3146 B15.444 E.03003
G1 X15.7728 Y-.0316 Z9.7418 B13.559 E.03278
G1 X16.5627 Y-.4394 Z9.1424 C49169.64 B11.691 E.04128
G1 X17.0275 Y-.3356 Z8.5615 B9.841 E.02498
G1 X17.3853 Y-.1028 Z8.4763 E.01448
G1 Z8.4727 E.00185
G1 X17.7093 Z7.91 B8.009 E.02166
G1 X17.7702 Y.0401 Z7.911 E.00517
G1 Y.1476 Z7.9181 E.00371
G1 Y.2614 Z7.925 E.00384
G1 Y.3614 Z7.9296 E.00335
G1 Y-.3238 Z7.9313 C49171.814 E.03198
G1 Z7.9335 E.00131
G1 X17.4526 Y-.1907 Z8.5063 B9.841 E.02223
G1 X17.3532 Y.1891 Z8.5368 E.01310
G1 X17.3025 Y-.3115 Z8.5444 C49173.997 E.02759
G1 X17.235 Y-.0175 Z8.5509 E.01003
G1 X17.1787 Y.0789 Z8.5426 C49173.996 E.00372
G1 X17.1091 Y.1446 Z8.5114 E.00335
G1 Z8.5004 E.00103
G1 X16.9916 Z8.5332 C49173.997 E.00414
G1 X16.8226 Y.0134 Z8.5691 C49173.996 E.00721
G1 X16.2693 Y-.1428 Z9.1564 C49173.997 B11.691 E.02734
G1 X15.497 Y.2626 Z9.7621 C49171.814 B13.559 E.04041
G1 X14.6877 Y.0019 Z10.3494 B15.444 E.03437
G1 X13.8217 Y.3774 Z10.9134 C49169.64 B17.345 E.04052
G1 X13.1405 Y.2283 Z11.4195 B19.261 E.02866
G1 X12.4125 Y.0781 Z11.9031 B21.19 E.02950
G1 X11.49 Y-.1282 Z12.3804 B23.134 E.03522
G1 X10.6069 Y.2813 Z12.8173 C49167.478 B25.089 E.03790
G1 X9.643 Y.1062 Z13.2231 B27.055 E.03527
G1 X8.6323 Y.4823 Z13.5939 C49165.328 B29.032 E.03944
G1 X7.6993 Y.3549 Z13.9221 B31.018 E.03317
G1 X6.8896 Y.2777 Z14.2001 B33.011 E.02859
G1 X5.8981 Y.1742 Z14.4491 B35.011 E.03417
G1 X4.9243 Y.0925 Z14.6584 B37.017 E.03324
G1 X3.9115 Y.0211 Z14.8266 B39.027 E.03423
G1 X2.962 Y-.0296 Z14.9544 B41.04 E.03191
G1 X2.0458 Z15.0427 B43.055 E.03064
G1 X1.0366 Y.3303 Z15.0861 C49163.192 B45.071 E.03569
G1 X.1495 Z15.096 B47.086 E.02952
G1 X-.7261 Y.2771 Z15.0662 B49.099 E.02919
G1 X-1.8257 Z14.9901 B51.109 E.03667
G1 X-2.8086 Y.227 Z14.8757 B53.114 E.03295
G1 X-3.8226 Z14.7187 B55.114 E.03413
G1 X-4.7488 Z14.5291 B57.108 E.03147
G1 X-5.7512 Y.1718 Z14.2893 B59.093 E.03433
G1 X-6.5633 Z14.0325 B61.069 E.02833
G1 X-7.5188 Z13.713 B63.035 E.03353
G1 X-8.481 Y.4204 Z13.3449 C49161.072 B64.99 E.03676
G1 X-9.487 Y.0457 Z12.9447 C49163.192 B66.933 E.03986
G1 X-10.1531 Z12.5628 B68.862 E.02555
G1 X-10.9438 Y.2257 Z12.2457 C49161.072 B70. E.03194
G1 X-11.2063 Y.1636 Z12.2111 E.00905
G1 X-11.3902 Y.0744 Z12.2882 E.00727
G1 X-11.6905 Y.1914 Z12.437 C49158.967 E.01853
G1 X-11.8944 Y.0667 Z12.5391 E.00864
G1 X-12.1411 Y.194 Z12.6573 C49156.881 E.01780
G1 X-12.4307 Y-.0177 Z12.8076 E.01294
G1 X-12.5737 Y.1605 Z12.8797 C49154.813 E.01707
G1 X-12.8713 Z13.0216 C49152.765 E.01888
G1 X-13.1524 Y-.0441 Z13.1581 E.01242
G1 X-13.4146 Z13.282 C49150.739 E.01852
G1 X-13.6512 Y.0254 Z13.3967 C49148.734 E.01828
G1 X-13.7532 Y-.0831 Z13.4426 E.00518
G1 X-13.811 Y.1337 Z13.4686 C49146.752 E.01758
G1 X-13.8878 Y.043 Z13.503 E.00412
G1 Y-.031 Z13.5188 E.00283
G1 X-13.9461 Y-.1324 Z13.5256 E.00390
G1 Z13.5253 E.00123
G1 Y.0773 Z13.5267 C49144.793 E.01733
G1 Y-.0758 Z13.5262 E.00509
G1 Y.0044 Z13.5265 C49142.858 E.01589
G1 Y-.2533 Z13.5258 E.00857
G1 Y-.0291 Z13.5296 C49140.949 E.01716
G1 Y-.141 Z13.5227 E.00378
G1 X-13.8871 Y-.2221 Z13.5076 E.00337
G1 X-13.7552 Y-.3546 Z13.456 E.00645
G1 Y-.1088 Z13.4533 C49139.051 E.01724
G1 X-13.5849 Y-.2266 Z13.3989 E.00712
G1 X-13.5133 Z13.3752 E.00272
G1 X-13.4218 Z13.3505 E.00344
G1 Z13.3423 E.00161
G1 Y.0083 Z13.3445 C49137.142 E.01685
G1 Y-.2603 Z13.337 C49139.051 E.01743
G1 X-13.2891 Z13.3128 E.00463
G1 X-13.2084 Y-.1536 Z13.2896 E.00452
G1 Z13.2788 E.00194
G1 X-13.1327 Y-.3327 Z13.2603 C49140.949 E.01587
G1 X-12.9182 Y-.0954 Z13.1989 E.01083
G1 X-12.6704 Z13.1206 C49142.858 E.01650
G1 X-12.3926 Z13.035 C49144.793 E.01699
G1 X-12.1563 Y-.2091 Z12.9629 C49146.752 E.01652
G1 X-11.8796 Y-.2803 Z12.8802 C49148.734 E.01688
G1 X-11.7192 Y-.1672 Z12.8383 E.00667
G1 X-11.5147 Y-.3211 Z12.7815 C49150.739 E.01599
G1 Y-.0107 Z12.7801 C49148.734 E.01696
G1 X-11.4584 Y-.2882 Z12.7718 C49150.739 E.01633
G1 Y.0147 Z12.7724 C49148.734 E.01673
G1 X-11.3898 Y-.2484 Z12.7607 C49150.739 E.01606
G1 Y.0442 Z12.7633 C49148.734 E.01645
G1 Y-.2405 Z12.7584 C49150.739 E.01630
G1 X-11.1349 Y-.1103 Z12.7278 E.00957
G1 Y-.3935 Z12.7181 C49152.765 E.01616
G1 X-10.8746 Y-.2828 Z12.7084 E.00942
G1 X-10.2062 Y-.1264 Z12.9417 B68.862 E.02411
G1 X-10.0047 Y-.3664 Z12.952 C49154.813 E.01582
G1 X-9.8763 Y-.0159 Z12.9718 C49152.765 E.01710
G1 X-9.1679 Y-.2558 Z13.3212 C49154.813 B66.933 E.02954
G1 X-8.1028 Y-.1142 Z13.6908 B64.99 E.03779
G1 X-7.2332 Y-.3722 Z13.9991 C49156.881 B63.035 E.03303
G1 X-6.2913 Y.0487 Z14.2899 C49154.813 B61.069 E.03644
G1 X-5.5976 Y-.2708 Z14.5104 C49156.881 B59.093 E.02728
G1 X-4.42 Y-.178 Z14.7507 B57.107 E.04009
G1 X-3.4316 Y-.1163 Z14.927 B55.114 E.03346
G1 X-2.5486 Z15.0771 B53.114 E.02983
G1 X-1.815 Y-.4381 Z15.1683 C49158.967 B51.109 E.02691
G1 X-.8296 Y-.3829 Z15.2192 B49.099 E.03287
G1 X.4818 Y-.2806 Z15.259 B47.086 E.04377
G1 X1.3535 Z15.2451 B45.071 E.02904
G1 X2.3091 Y-.1634 Z15.1946 B43.055 E.03207
G1 X3.3086 Y-.0796 Z15.1155 B41.04 E.03346
G1 X4.1859 Y-.006 Z14.973 B39.027 E.02966
G1 X5.0838 Y-.4039 Z14.8091 C49161.072 B37.017 E.03370
G1 X6.2216 Y-.2628 Z14.5946 B35.011 E.03880
G1 X7.2382 Y-.1295 Z14.3482 B33.011 E.03507
G1 X8.0967 Y-.0232 Z14.0643 B31.018 E.03028
G1 X9.0532 Y-.4103 Z13.7306 C49163.192 B29.032 E.03776
G1 X9.8641 Y-.2985 Z13.3769 B27.055 E.02966
G1 X10.8655 Y-.1014 Z12.971 B25.089 E.03653
G1 X11.7257 Y.0689 Z12.5417 B23.133 E.03247
G1 X12.5017 Y-.3753 Z12.0883 C49165.328 B21.19 E.03677
G1 X13.1707 Y-.2626 Z11.6228 B19.26 E.02736
G1 X13.9128 Y-.0882 Z11.0935 B17.345 E.03087
G1 X14.7588 Y-.4873 Z10.54 C49167.478 B15.444 E.04058
G1 X15.6817 Y-.1868 Z9.9359 B13.559 E.03802
G1 X16.5231 Y.1008 Z9.3329 B11.691 E.03573
G1 X16.6263 Y.1643 Z9.3115 E.00409
G1 X17.0223 Y-.4615 Z8.7451 C49169.64 B9.841 E.03766
G1 X17.3325 Y-.2653 Z8.6717 E.01245
G1 X17.4145 Y-.1817 Z8.6614 E.00391
G1 Y-.0956 Z8.6633 E.00325
G1 X17.7426 Z8.1013 B8.009 E.02165
G1 Y.0385 Z8.1066 E.00450
G1 Y.1149 Z8.107 E.00255
G1 X17.4708 Z8.6699 B9.841 E.02080
G1 Y.3085 Z8.673 E.00661
G1 X17.3601 Y-.1433 Z8.6952 C49171.814 E.02683
G1 X17.2552 Y.2675 Z8.7239 E.01413
G1 Y.3736 Z8.7273 E.00364
G1 Y-.3051 Z8.7278 C49173.996 E.03144
G1 X17.1907 Y-.159 Z8.7288 E.00531
G1 Y-.074 Z8.7179 C49173.997 E.00320
G1 X17.091 Y-.0181 Z8.6967 E.00387
G1 Z8.683 C49173.996 E.00123
G1 X17.0367 Z8.6898 E.00192
G1 X16.9339 Z8.7223 C49173.997 E.00370
G1 X16.8452 Y-.1002 Z8.7413 C49173.996 E.00407
G1 X16.4887 Z9.2915 B11.691 E.02184
G1 X16.2134 Y.3835 Z9.3446 C49171.814 E.02771
G1 X15.5122 Y.1581 Z9.9397 B13.559 E.03149
G1 X14.6924 Y-.1009 Z10.5306 B15.444 E.03470
G1 X13.8579 Y.2989 Z11.093 C49169.64 B17.345 E.04004
G1 X13.0656 Y.1031 Z11.619 B19.261 E.03229
G1 X12.269 Y-.0671 Z12.1123 B21.19 E.03167
G1 X11.3503 Y.3263 Z12.5879 C49167.478 B23.134 E.03947
G1 X10.4073 Y.1418 Z13.0309 B25.089 E.03519
G1 X9.6282 Y.0369 Z13.4158 B27.055 E.02911
G1 X8.6269 Y-.1149 Z13.7903 B29.032 E.03591
G1 X7.7848 Y.3254 Z14.1051 C49165.328 B31.018 E.03469
G1 X6.8377 Y.2163 Z14.3941 B33.011 E.03313
G1 X5.8899 Y.125 Z14.6413 B35.011 E.03272
G1 X4.8891 Y.0415 Z14.8482 B37.017 E.03410
G1 X3.9851 Y-.0139 Z15.016 B39.027 E.03064
G1 X3.1714 Z15.1426 B41.04 E.02742
G1 X2.0659 Y.3408 Z15.2307 C49163.192 B43.055 E.03881
G1 X1.0888 Z15.2796 B45.071 E.03257
G1 X.0107 Y.2495 Z15.2798 B47.086 E.03599
G1 X-.9061 Z15.2507 B49.099 E.03052
G1 X-1.8255 Z15.1805 B51.109 E.03071
G1 X-2.8251 Y.1775 Z15.0626 B53.114 E.03356
G1 X-3.8343 Z14.9071 B55.114 E.03397
G1 X-4.7593 Z14.7173 B57.108 E.03144
G1 X-5.7591 Y.1131 Z14.4769 B59.093 E.03427
G1 X-6.5924 Z14.2126 B61.069 E.02908
G1 X-7.5143 Z13.9018 B63.035 E.03239
G1 X-8.3925 Y.0378 Z13.5532 B64.99 E.03153
G1 Y.3631 Z13.5394 C49161.072 E.01504
G1 X-9.4299 Y-.0205 Z13.139 C49163.192 B66.933 E.04081
G1 X-10.1976 Y.2481 Z12.7366 C49161.072 B68.862 E.03269
G1 X-10.9121 Y.1607 Z12.4336 B70. E.02598
G1 X-11.1662 Y.0988 Z12.3985 E.00878
G1 Z12.4163 E.00185
G1 X-11.2212 Y.3685 Z12.4107 C49158.967 E.01649
G1 Y.0578 Z12.4327 C49161.072 E.01721
G1 Z12.4391 E.00148
G1 X-11.2716 Y.3431 Z12.4346 C49158.967 E.01681
G1 Y.0461 Z12.4435 C49161.072 E.01695
G1 Y.3384 Z12.4392 C49158.967 E.01687
G1 Y.027 Z12.4623 C49161.072 E.01730
G1 X-11.3227 Z12.4692 E.00173
G1 Y.312 Z12.4658 C49158.967 E.01678
G1 Y.0146 Z12.4738 C49161.072 E.01701
G1 X-11.5778 Y.1699 Z12.5972 C49158.967 E.01777
G1 X-11.8331 Y.309 Z12.7165 C49156.881 E.01774
G1 X-12.1014 Y.1291 Z12.8556 E.01170
G1 X-12.3626 Y-.0641 Z12.9913 E.01171
G1 X-12.5261 Y.1058 Z13.0707 C49154.813 E.01716
G1 X-12.8038 Y.1698 Z13.2051 C49152.765 E.01848
G1 X-13.0733 Y-.0709 Z13.3382 E.01281
G1 X-13.3133 Y-.008 Z13.4512 C49150.739 E.01809
G1 X-13.5345 Y.0538 Z13.5577 C49148.734 E.01786
G1 X-13.631 Y-.0503 Z13.602 E.00495
G1 X-13.7004 Y.163 Z13.6329 C49146.752 E.01747
G1 X-13.8198 Y.0247 Z13.6869 E.00634
G1 Y-.0574 Z13.7037 E.00312
G1 X-13.879 Y-.1529 Z13.7093 E.00374
G1 Z13.709 E.00126
G1 Y.0414 Z13.711 C49144.793 E.01705
G1 Y-.0981 Z13.7108 E.00464
G1 Y-.0025 Z13.7112 C49142.858 E.01591
G1 Y-.2108 Z13.7108 E.00693
G1 Y.0173 Z13.7137 C49140.949 E.01715
G1 Y-.1233 Z13.7094 E.00469
G1 Y-.1994 Z13.6976 E.00295
G1 X-13.8118 Y.042 Z13.6921 C49139.051 E.01735
G1 Y-.2574 Z13.6818 C49140.949 E.01820
G1 X-13.7226 Y-.3253 Z13.6541 E.00384
G1 Y-.0717 Z13.6512 C49139.051 E.01734
G1 Y-.368 Z13.6357 C49140.949 E.01812
G1 X-13.6569 Y-.1083 Z13.6364 C49139.051 E.01749
G1 X-13.5124 Y-.2259 Z13.5811 E.00647
G1 X-13.4277 Z13.555 E.00314
G1 X-13.3367 Z13.5303 E.00335
G1 Z13.5253 E.00126
G1 Y.0226 Z13.5251 C49137.142 E.01697
G1 Y-.251 Z13.5165 C49139.051 E.01744
G1 X-13.202 Z13.4916 E.00478
G1 X-13.1166 Y-.1207 Z13.467 E.00524
G1 Y-.3665 Z13.4521 C49140.949 E.01663
G1 X-12.9999 Y-.2605 Z13.4268 E.00531
G1 X-12.6221 Y-.1369 Z13.3112 C49142.858 E.01963
G1 X-12.3905 Y-.1984 Z13.2372 C49144.793 E.01623
G1 X-12.1566 Y-.2801 Z13.1649 C49146.752 E.01628
G1 X-11.9026 Y-.3666 Z13.088 C49148.734 E.01655
G1 X-11.7865 Y.0089 Z13.0619 C49146.752 E.01886
G1 X-11.5416 Y-.1116 Z12.9916 C49148.734 E.01625
G1 X-11.2022 Y-.2027 Z12.9276 C49150.739 E.01764
G1 X-10.8905 Y-.3481 Z12.896 C49152.765 E.01721
G1 X-10.7372 Y.0224 Z12.9098 C49150.739 E.01837
G1 X-10.5754 Y-.218 Z12.9147 C49152.765 E.01574
G1 X-9.9132 Y-.3922 Z13.1488 C49154.813 B68.862 E.02680
G1 X-9.0114 Y-.2658 Z13.5318 B66.933 E.03286
G1 X-8.2108 Y-.185 Z13.8688 B64.99 E.02901
G1 X-7.4035 Y-.1132 Z14.1758 B63.035 E.02883
G1 X-7.2373 Y-.4237 Z14.1894 C49156.881 E.01460
G1 X-6.5643 Y-.0436 Z14.4535 C49154.813 B61.069 E.02829
G1 X-6.3262 Y-.3509 Z14.4709 C49156.881 E.01501
G1 X-5.5553 Z14.7078 B59.093 E.02686
G1 X-4.6771 Y-.2549 Z14.9174 B57.107 E.03020
G1 X-3.4599 Y-.1551 Z15.1172 B55.114 E.04116
G1 X-2.5615 Z15.2693 B53.114 E.03034
G1 X-1.8196 Y-.0794 Z15.3679 B51.109 E.02502
G1 X-.8431 Y-.014 Z15.4151 B49.099 E.03259
G1 Y-.4224 Z15.4093 C49158.967 E.01363
G1 Y-.0111 Z15.4155 C49156.881 E.01374
G1 X.4623 Y-.3183 Z15.4498 C49158.967 B47.086 E.04462
G1 X1.3356 Y-.2681 Z15.4383 B45.071 E.02909
G1 X2.2475 Y-.2083 Z15.3866 B43.055 E.03045
G1 X3.2376 Y-.1271 Z15.3078 B41.04 E.03314
G1 X4.1543 Y-.0487 Z15.1659 B39.027 E.03096
G1 X4.399 Y.0052 Z15.1729 E.00834
G1 X4.948 Y-.472 Z15.0037 C49161.072 B37.017 E.02557
G1 X6.1342 Y-.3261 Z14.7905 B35.011 E.04038
G1 X7.1518 Y-.1984 Z14.5423 B33.011 E.03510
G1 X8.102 Y-.0698 Z14.2548 B31.018 E.03329
G1 X9.1286 Y-.4418 Z13.9154 C49163.192 B29.032 E.03966
G1 X9.9712 Y-.3213 Z13.5571 B27.055 E.03072
G1 X10.8705 Y-.164 Z13.16 B25.089 E.03311
G1 X11.6238 Y-.0439 Z12.7439 B23.133 E.02890
G1 X12.3722 Y-.5036 Z12.2896 C49165.328 B21.19 E.03630
G1 X13.1968 Y-.3334 Z11.8071 B19.26 E.03228
G1 X13.9438 Y-.1626 Z11.2768 B17.345 E.03099
G1 X14.8038 Y.0778 Z10.7207 B15.444 E.03499
G1 X15.5486 Y-.3634 Z10.144 C49167.478 B13.559 E.03967
G1 X15.7645 Y-.2479 Z10.1033 E.00826
G1 X16.5659 Y.0101 Z9.5057 B11.691 E.03434
G1 X16.9917 Y.084 Z8.938 B9.841 E.02373
G1 X17.1203 Y.1642 Z8.9082 E.00514
G1 Y-.5097 Z8.8985 C49169.64 E.03107
G1 X17.2824 Y-.4215 Z8.8705 E.00621
G1 X17.3638 Y-.329 Z8.8602 E.00411
G1 X17.4154 Y-.2135 Z8.8544 E.00421
G1 Y-.0946 Z8.8548 E.00398
G1 Y.1497 Z8.8486 E.00821
G1 X17.3629 Y.2275 Z8.8496 E.00312
G1 Y-.3135 Z8.8608 C49171.814 E.02840
G1 X17.165 Y.2979 Z8.9064 E.02143
G1 Y.4205 Z8.9027 E.00428
G1 Z8.9001 E.00171
G1 X17.1111 Y-.245 Z8.8975 C49173.996 E.03103
G1 X17.0602 Y-.1771 Z8.876 C49173.997 E.00291
G1 Z8.8597 C49173.996 E.00137
G1 X16.9643 Z8.8855 C49173.997 E.00332
G1 X16.9005 Z8.9063 C49173.996 E.00231
G1 Y.4835 Z8.911 C49171.814 E.03070
G1 X16.8463 Z8.9166 E.00188
G1 X16.5112 Z9.4623 B11.691 E.02133
G1 X16.3174 Y.3261 Z9.5024 E.00841
G1 X15.6644 Y.1312 Z10.0908 B13.559 E.02994
G1 X14.9158 Y-.09 Z10.6707 B15.444 E.03234
G1 X14.0864 Y.3187 Z11.2345 C49169.64 B17.345 E.04017
G1 X13.2342 Y.0914 Z11.7748 B19.261 E.03440
G1 X12.429 Y-.0834 Z12.2728 B21.19 E.03202
G1 X11.6558 Y.376 Z12.7299 C49167.478 B23.134 E.03661
G1 X10.6998 Y.1756 Z13.1829 B25.089 E.03581
G1 X9.7614 Y.0144 Z13.5894 B27.055 E.03443
G1 X8.7045 Y.3904 Z13.9686 C49165.328 B29.032 E.04086
G1 X7.7788 Y.2699 Z14.2971 B31.018 E.03291
G1 X6.8718 Y.1726 Z14.5828 B33.011 E.03179
G1 X5.8929 Y.0768 Z14.8324 B35.011 E.03375
G1 X4.8897 Y-.0063 Z15.041 B37.017 E.03419
G1 X3.9716 Y-.0623 Z15.2066 B39.027 E.03108
G1 X2.9863 Y.3479 Z15.3342 C49163.192 B41.04 E.03595
G1 X2.0651 Z15.4221 B43.055 E.03082
G1 X1.2405 Y.2694 Z15.473 B45.071 E.02760
G1 X.0227 Y.2065 Z15.4718 B47.086 E.04056
G1 X-.7985 Z15.4475 B49.099 E.02733
G1 X-1.665 Z15.3806 B51.109 E.02894
G1 X-2.8617 Y.1259 Z15.2493 B53.114 E.04013
G1 X-3.7073 Z15.1089 B55.114 E.02851
G1 X-4.5797 Z14.9246 B57.108 E.02968
G1 X-5.5799 Y.0637 Z14.6901 B59.093 E.03423
G1 X-6.6216 Z14.3951 B61.069 E.03603
G1 X-7.5514 Y-.0006 Z14.0819 B63.035 E.03270
G1 X-8.4523 Z13.7277 B64.99 E.03222
G1 X-9.2537 Y.2551 Z13.3587 C49161.072 B66.933 E.03261
G1 X-10.1318 Y.1899 Z12.9365 B68.862 E.03248
G1 X-10.8827 Y.4015 Z12.6136 C49158.967 B70. E.03108
G1 X-10.9649 Z12.6005 E.00285
G1 Y.0765 Z12.6079 C49161.072 E.01722
G1 Y.3789 Z12.5991 C49158.967 E.01677
G1 Y.0741 Z12.6065 C49161.072 E.01681
G1 Y.3754 Z12.5973 C49158.967 E.01676
G1 Y.0712 Z12.6048 C49161.072 E.01681
G1 Y.3745 Z12.5969 C49158.967 E.01681
G1 X-11.0918 Z12.5818 E.00435
G1 Y.0364 Z12.5851 C49161.072 E.01763
G1 Y.3309 Z12.5832 C49158.967 E.01679
G1 X-11.1697 Y.0115 Z12.6056 C49161.072 E.01750
G1 X-11.4449 Y.1589 Z12.7449 C49158.967 E.01803
G1 X-11.74 Y-.0203 Z12.8921 E.01248
G1 X-11.9789 Y.1228 Z13.0104 C49156.881 E.01766
G1 X-12.2769 Y.2065 Z13.1632 C49154.813 E.01868
G1 X-12.618 Y-.0642 Z13.3343 E.01556
G1 X-12.9192 Z13.4809 C49152.765 E.01901
G1 X-13.1681 Y.0378 Z13.5981 C49150.739 E.01830
G1 X-13.3987 Y.1019 Z13.7073 C49148.734 E.01788
G1 X-13.5587 Y-.0703 Z13.7835 E.00822
G1 X-13.621 Y.1567 Z13.8119 C49146.752 E.01754
G1 X-13.7515 Y.0069 Z13.8706 E.00689
G1 Y-.0896 Z13.8891 E.00363
G1 X-13.8126 Y-.1822 Z13.8933 E.00369
G1 Y.0725 Z13.8951 C49144.793 E.01785
G1 Y-.1103 Z13.8944 E.00608
G1 Y-.0115 Z13.8954 C49142.858 E.01586
G1 Y-.2612 Z13.8942 E.00830
G1 Y-.019 Z13.8982 C49140.949 E.01730
G1 Y-.143 Z13.8916 E.00417
G1 X-13.7568 Y-.2221 Z13.8776 E.00325
G1 X-13.6606 Y-.3234 Z13.8405 E.00481
G1 X-13.5972 Y-.3823 Z13.8149 E.00300
G1 Y-.1251 Z13.8115 C49139.051 E.01728
G1 X-13.4308 Y-.2291 Z13.7598 E.00675
G1 X-13.3434 Z13.7354 E.00316
G1 X-13.2464 Z13.7086 E.00344
G1 X-13.1658 Z13.6853 E.00280
G1 X-13.0968 Y-.1696 Z13.6653 E.00310
G1 Y-.1136 Z13.6509 E.00254
G1 X-13.0174 Y-.3591 Z13.6346 C49140.949 E.01673
G1 X-12.9316 Y-.2607 Z13.611 E.00441
G1 X-12.5566 Y-.1435 Z13.4962 C49142.858 E.01947
G1 X-12.3409 Y-.2243 Z13.4265 C49144.793 E.01601
G1 X-12.0429 Z13.3367 C49146.752 E.01720
G1 X-11.7566 Y-.3274 Z13.2497 C49148.734 E.01714
G1 X-11.622 Y.0693 Z13.2164 C49146.752 E.01934
G1 X-11.4386 Y-.1052 Z13.1698 C49148.734 E.01570
G1 X-11.1668 Y-.2422 Z13.117 C49150.739 E.01657
G1 X-10.8829 Y-.4034 Z13.0856 C49152.765 E.01682
G1 X-10.7816 Y-.0485 Z13.0978 C49150.739 E.01765
G1 X-10.1636 Y-.2156 Z13.3239 C49152.765 B68.862 E.02555
G1 X-9.9438 Y-.1357 Z13.3428 E.00780
G1 X-9.1066 Y-.3453 Z13.7062 C49154.813 B66.933 E.03298
G1 X-8.0917 Y-.2054 Z14.0732 B64.99 E.03620
G1 X-7.2361 Y-.1241 Z14.3888 B63.035 E.03045
G1 X-6.3808 Y-.4081 Z14.6552 C49156.881 B61.069 E.03218
G1 X-5.5742 Z14.8973 B59.093 E.02806
G1 X-4.6836 Y-.2987 Z15.1086 B57.107 E.03066
G1 X-3.4411 Y-.1904 Z15.3121 B55.114 E.04203
G1 X-2.5933 Z15.4585 B53.114 E.02865
G1 X-1.7943 Y-.1132 Z15.5612 B51.109 E.02692
G1 X-.8016 Y-.4565 Z15.6022 C49158.967 B49.099 E.03498
G1 X.4472 Y-.3559 Z15.6416 B47.086 E.04169
G1 Y.0789 Z15.6456 C49156.881 E.01448
G1 X1.3346 Y-.3051 Z15.6308 C49158.967 B45.071 E.03221
G1 X2.2431 Y-.2433 Z15.5796 B43.055 E.03033
G1 X3.1766 Y-.1758 Z15.5011 B41.04 E.03124
G1 X4.1699 Y-.081 Z15.36 B39.027 E.03352
G1 X5.1978 Y-.4614 Z15.1908 C49161.072 B37.017 E.03743
G1 X6.1705 Y-.3615 Z14.9815 B35.011 E.03326
G1 X7.2008 Y-.2312 Z14.7322 B33.011 E.03552
G1 X8.0541 Y-.1327 Z14.4487 B31.018 E.03009
G1 X9.0539 Y.0264 Z14.1169 B29.032 E.03544
G1 X9.8786 Y-.4124 Z13.7553 C49163.192 B27.055 E.03547
G1 X10.87 Y-.2286 Z13.3489 B25.089 E.03616
G1 X11.492 Y-.1666 Z12.9529 B23.133 E.02461
G1 X12.4399 Y.0456 Z12.4742 B21.19 E.03602
G1 X13.2395 Y-.3984 Z11.9891 C49165.328 B19.26 E.03815
G1 X14.0162 Y-.2174 Z11.451 B17.345 E.03200
G1 X14.8781 Y.0193 Z10.8933 B15.444 E.03504
G1 X15.6236 Y-.4294 Z10.3135 C49167.478 B13.559 E.03987
G1 X15.8223 Y-.3238 Z10.2753 E.00759
G1 X16.5415 Y-.117 Z9.6899 B11.691 E.03160
G1 X16.9515 Y-.0606 Z9.1301 B9.841 E.02315
G1 X17.1809 Y.0817 Z9.0799 E.00913
G1 X17.255 Y.1525 Z9.0682 E.00343
G1 X17.3067 Y.2309 Z9.0626 E.00313
G1 Y-.4516 Z9.0609 C49169.64 E.03142
G1 Y-.3384 Z9.0551 E.00406
G1 X17.3608 Y-.2235 Z9.0438 E.00424
G1 Y.0038 Z9.0262 E.00770
G1 X17.2659 Y.2469 Z9.0254 E.00868
G1 X17.1854 Y-.1494 Z9.0548 C49171.814 E.02554
G1 X17.0856 Y.2428 Z9.0803 E.01349
G1 X17.0333 Y.3388 Z9.064 E.00368
G1 Y.3911 Z9.0384 E.00248
G1 X16.9023 Z9.0779 E.00463
G1 Z9.0918 E.00216
G1 X16.5256 Y.3315 Z9.6377 B11.691 E.02215
G1 X16.2344 Y.1546 Z9.7002 E.01152
G1 X15.7046 Y.0396 Z10.2629 B13.559 E.02599
G1 X15.4227 Y-.1163 Z10.3222 E.01089
G1 X14.6818 Y.3344 Z10.8981 C49169.64 B15.444 E.03927
G1 X13.8428 Y.099 Z11.4675 B17.345 E.03462
G1 X12.9901 Y-.1081 Z12.0061 B19.261 E.03425
G1 X12.2231 Y.353 Z12.4923 C49167.478 B21.19 E.03719
G1 X11.3591 Y.1803 Z12.9636 B23.134 E.03324
G1 X10.4266 Y.0106 Z13.4061 B25.089 E.03479
G1 X9.5509 Y-.1164 Z13.805 B27.055 E.03228
G1 X8.8018 Y.3617 Z14.1494 C49165.328 B29.032 E.03355
G1 X7.9533 Y.2623 Z14.4719 B31.018 E.03037
G1 X6.8326 Y.113 Z14.7752 B33.011 E.03893
G1 X5.9671 Y.0419 Z15.0189 B35.011 E.03000
G1 X5.1124 Y-.0164 Z15.223 B37.017 E.02929
G1 X3.9626 Y-.1103 Z15.3974 B39.027 E.03881
G1 X2.9569 Y.3002 Z15.5247 C49163.192 B41.04 E.03656
G1 X2.0251 Z15.6131 B43.055 E.03117
G1 X1.2354 Y.2252 Z15.6639 B45.071 E.02644
G1 X.0097 Y.1616 Z15.6618 B47.086 E.04082
G1 X-.8284 Z15.6356 B49.099 E.02790
G1 X-1.8719 Y.1032 Z15.5573 B51.109 E.03486
G1 X-2.893 Z15.4359 B53.114 E.03422
G1 X-3.7361 Z15.2951 B55.114 E.02848
G1 X-4.5753 Y.4193 Z15.108 C49161.072 B57.108 E.03099
G1 Y.0323 C49163.192 E.01414
G1 X-5.6203 Z14.8718 B59.093 E.03565
G1 X-6.6329 Y-.0329 Z14.5808 B61.069 E.03511
G1 Y.3256 Z14.5729 C49161.072 E.01447
G1 Y-.0346 Z14.5762 C49163.192 E.01452
G1 Y.3233 Z14.5689 C49161.072 E.01452
G1 X-6.6975 Y-.037 Z14.5706 C49163.192 E.01470
G1 Y.3211 Z14.5654 C49161.072 E.01449
G1 X-7.547 Z14.2659 B63.035 E.02998
G1 X-8.4288 Y.2385 Z13.9148 B64.99 E.03169
G1 X-9.3988 Y.1655 Z13.5136 B66.933 E.03500
G1 X-10.1011 Z13.1263 B68.862 E.02671
G1 X-10.9083 Y.3298 Z12.7924 C49158.967 B70. E.03243
G1 Y.018 Z12.7982 C49161.072 E.01689
G1 Y.3276 Z12.7911 C49158.967 E.01685
G1 X-11.0818 Z12.7706 E.00604
G1 X-11.1376 Y-.0613 Z12.8049 C49161.072 E.01890
G1 Y.2399 Z12.8096 C49158.967 E.01691
G1 X-11.4315 Y.0802 Z12.954 E.01212
G1 X-11.7612 Y.1816 Z13.115 C49156.881 E.01906
G1 X-12.0007 Y.0148 Z13.2408 E.01057
G1 X-12.1966 Y.1779 Z13.3405 C49154.813 E.01724
G1 X-12.4788 Y-.0461 Z13.4828 E.01289
G1 X-12.6072 Y.1547 Z13.5435 C49152.765 E.01708
G1 X-12.9079 Z13.6892 C49150.739 E.01885
G1 X-13.2007 Y-.0919 Z13.8307 E.01357
G1 X-13.4078 Y-.0046 Z13.9291 C49148.734 E.01761
G1 X-13.5129 Y.1816 Z13.9771 C49146.752 E.01717
G1 X-13.5933 Y.0929 Z14.015 E.00417
G1 Y.3509 Z14.0243 C49144.793 E.01773
G1 X-13.6542 Y.0242 Z14.0421 C49146.752 E.01907
G1 X-13.7081 Y-.0498 Z14.0643 E.00313
G1 Y-.1497 Z14.0761 E.00352
G1 Z14.0769 E.00162
G1 Y.07 Z14.0793 C49144.793 E.01726
G1 Y-.1592 Z14.0783 E.00772
G1 Y-.0273 Z14.0798 C49142.858 E.01606
G1 Y-.2578 Z14.0786 E.00777
G1 Y-.0091 Z14.0824 C49140.949 E.01734
G1 Y-.1331 Z14.0776 E.00420
G1 Y-.2131 Z14.0645 E.00272
G1 X-13.6247 Y-.2973 Z14.0369 E.00405
G1 X-13.5294 Y-.3854 Z13.9991 E.00450
G1 Y-.1147 Z13.9984 C49139.051 E.01743
G1 X-13.3777 Y-.2171 Z13.9497 E.00630
G1 X-13.2861 Z13.923 E.00337
G1 X-13.182 Z13.8942 E.00375
G1 X-13.1105 Z13.8735 E.00249
G1 X-13.0467 Z13.8549 E.00249
G1 X-12.9806 Y-.1103 Z13.8358 E.00422
G1 Y-.3626 Z13.8195 C49140.949 E.01662
G1 X-12.8929 Y-.2936 Z13.8035 E.00375
G1 X-12.6397 Z13.7229 C49142.858 E.01657
G1 X-12.3961 Y-.3502 Z13.6445 C49144.793 E.01643
G1 X-12.1466 Y-.1179 Z13.5751 E.01157
G1 X-11.8694 Y-.184 Z13.4922 C49146.752 E.01672
G1 X-11.5423 Y-.2375 Z13.3927 C49148.734 E.01758
G1 X-11.3562 Y-.1118 Z13.35 E.00760
G1 X-11.0499 Y-.238 Z13.2989 C49150.739 E.01702
G1 X-10.854 Y-.1353 Z13.2875 E.00737
G1 X-10.6191 Y-.3456 Z13.29 C49152.765 E.01631
G1 X-9.951 Y-.191 Z13.5329 B68.862 E.02420
G1 X-9.1592 Y-.415 Z13.8881 C49154.813 B66.933 E.03174
G1 X-9.0782 Y-.0554 Z13.9075 C49152.765 E.01635
G1 X-9.0031 Y-.37 Z13.9119 C49154.813 E.01518
G1 X-8.3235 Y.026 Z14.2388 C49152.765 B64.99 E.03001
G1 X-7.507 Y-.2339 Z14.5429 C49154.813 B63.035 E.03153
G1 X-6.397 Y-.0992 Z14.8516 B61.069 E.03858
G1 X-5.5136 Y-.3964 Z15.0944 C49156.881 B59.093 E.03271
G1 X-4.6732 Y-.3435 Z15.3001 B57.107 E.02883
G1 Y.0403 Z15.3074 C49154.813 E.01398
G1 X-3.4321 Y-.2298 Z15.5054 C49156.881 B55.114 E.04295
G1 X-2.6574 Z15.6449 B53.114 E.02621
G1 X-1.8081 Y-.154 Z15.7525 B51.109 E.02859
G1 X-.8028 Y-.0754 Z15.8048 B49.099 E.03358
G1 X.0926 Y-.4502 Z15.8238 C49158.967 B47.086 E.03230
G1 X.4405 Y-.3935 Z15.8345 E.01173
G1 Y.0471 Z15.8397 C49156.881 E.01467
G1 X1.3241 Y-.3444 Z15.8233 C49158.967 B45.071 E.03219
G1 X2.2805 Y-.2747 Z15.7746 B43.055 E.03194
G1 X3.2312 Y-.2024 Z15.6939 B41.04 E.03182
G1 X4.2387 Y-.1054 Z15.5537 B39.027 E.03399
G1 X5.2323 Y-.4977 Z15.3826 C49161.072 B37.017 E.03655
G1 X6.2122 Y.1138 Z15.175 C49158.967 B35.011 E.03976
G1 X6.9937 Y-.3344 Z14.9339 C49161.072 B33.011 E.03218
G1 X8.1499 Y-.155 Z14.6366 B31.018 E.04015
G1 X8.968 Y-.0565 Z14.3161 B29.032 E.02941
G1 X9.8362 Y-.4878 Z13.9496 C49163.192 B27.055 E.03654
G1 X10.9255 Y-.2749 Z13.5348 B25.089 E.03941
G1 X11.7117 Y-.1497 Z13.1129 B23.133 E.02997
G1 X12.6572 Y.0625 Z12.6358 B21.19 E.03592
G1 X13.3314 Y-.4422 Z12.1608 C49165.328 B19.26 E.03616
G1 X14.1433 Y-.2484 Z11.6169 B17.345 E.03314
G1 X15.02 Y-.0056 Z11.0537 B15.444 E.03559
G1 X15.8721 Y-.4062 Z10.4508 C49167.478 B13.559 E.04214
G1 X16.5192 Y-.2427 Z9.8722 B11.691 E.02938
G1 X16.5907 Z9.8609 E.00273
G1 X16.96 Y-.1747 Z9.3095 B9.841 E.02219
G1 X17.0973 Y-.0903 Z9.2825 E.00544
G1 X17.1882 Y.0009 Z9.2711 E.00430
G1 X17.2438 Y.0981 Z9.2659 E.00373
G1 Y.2216 Z9.2578 E.00426
G1 Y.3184 Z9.2451 E.00344
G1 Y-.3621 Z9.2411 C49169.64 E.03134
G1 Y-.1283 Z9.2057 E.00787
G1 Y.1178 Z9.1972 E.00832
G1 X17.1176 Y-.264 Z9.2193 C49171.814 E.02542
G1 X17.0241 Y.0997 Z9.2487 E.01253
G1 Y.1852 Z9.2364 E.00324
G1 X16.9433 Z9.2206 E.00306
G1 Z9.2308 E.00142
G1 X16.5965 Z9.7808 B11.691 E.02166
G1 X16.5037 Z9.8177 E.00332
G1 X16.3249 Y.0878 Z9.8603 E.00692
G1 X15.7087 Y-.0721 Z10.4431 B13.559 E.02871
G1 X15.4154 Y.4343 Z10.5043 C49169.64 E.02760
G1 X14.5775 Y.1765 Z11.1056 B15.444 E.03536
G1 X13.9197 Y.0408 Z11.6371 B17.345 E.02849
G1 X13.2253 Y-.0934 Z12.1469 B19.261 E.02900
G1 X12.3288 Y.3177 Z12.6597 C49167.478 B21.19 E.04008
G1 X11.3329 Y.096 Z13.1558 B23.134 E.03773
G1 X10.4607 Y-.0476 Z13.5904 B25.089 E.03276
G1 X9.526 Y.3735 Z13.9955 C49165.328 B27.055 E.03854
G1 X8.646 Y.257 Z14.3555 B29.032 E.03186
G1 X7.7017 Y.1406 Z14.6849 B31.018 E.03349
G1 X6.7955 Y.0518 Z14.969 B33.011 E.03172
G1 X5.9924 Y-.0037 Z15.2082 B35.011 E.02793
G1 X5.0993 Y-.0691 Z15.4139 B37.017 E.03056
G1 X3.9799 Y.33 Z15.5851 C49163.192 B39.027 E.04024
G1 X2.955 Y.2562 Z15.7157 B41.04 E.03445
G1 X2.1052 Z15.8053 B43.055 E.02845
G1 X1.2468 Y.1811 Z15.8549 B45.071 E.02871
G1 X.0167 Y.1137 Z15.852 B47.086 E.04097
G1 X-.8535 Z15.8241 B49.099 E.02897
G1 X-1.7201 Z15.7576 B51.109 E.02895
G1 X-2.8852 Y.0196 Z15.6258 B53.114 E.03912
G1 Y.4232 Z15.6186 C49161.072 E.01390
G1 X-3.733 Y-.0019 Z15.484 C49163.192 B55.114 E.03219
G1 X-4.6061 Z15.2997 B57.108 E.02969
G1 X-5.622 Y-.0609 Z15.0598 B59.093 E.03477
G1 X-6.675 Y.2639 Z14.7583 C49161.072 B61.069 E.03888
G1 X-7.5164 Z14.4592 B63.035 E.02973
G1 X-8.3412 Y.1852 Z14.121 B64.99 E.02976
G1 X-9.423 Y.0935 Z13.6948 B66.933 E.03879
G1 X-10.0656 Y.3928 Z13.3145 C49158.967 B68.862 E.02945
G1 X-10.3506 Y.0063 Z13.2578 C49161.072 E.02046
G1 X-10.8545 Y.2755 Z12.9888 C49158.967 B70. E.02484
G1 Z12.9788 E.00162
G1 Y-.0559 Z12.9815 C49161.072 E.01732
G1 X-10.9083 Y.261 Z12.9771 C49158.967 E.01709
G1 Y-.0578 Z12.9798 C49161.072 E.01703
G1 Y.2568 Z12.9741 C49158.967 E.01696
G1 X-11.0241 Z12.9594 E.00400
G1 X-11.3719 Y.0278 Z13.1407 E.01511
G1 X-11.6817 Y.1463 Z13.2938 C49156.881 E.01865
G1 X-11.9422 Y-.0362 Z13.4292 E.01150
G1 X-12.1222 Y.1443 Z13.5229 C49154.813 E.01713
G1 X-12.3928 Y-.071 Z13.6566 E.01233
G1 X-12.5386 Y.1213 Z13.7291 C49152.765 E.01710
G1 X-12.7667 Y.232 Z13.8359 C49150.739 E.01759
G1 X-13.0855 Y-.0734 Z13.9918 E.01557
G1 X-13.3272 Y-.0156 Z14.1093 C49148.734 E.01801
G1 X-13.3928 Y-.0875 Z14.1384 E.00338
G1 X-13.4969 Y.1068 Z14.1864 C49146.752 E.01725
G1 X-13.6352 Y-.0593 Z14.246 E.00746
G1 Y-.1601 Z14.2594 E.00359
G1 Z14.2607 E.00172
G1 Y.0757 Z14.2633 C49144.793 E.01744
G1 Y-.1781 Z14.2619 E.00857
G1 Y-.1178 Z14.2646 C49142.858 E.01551
G1 Y.1131 Z14.2651 C49140.949 E.01701
G1 Y-.2482 Z14.2631 C49142.858 E.01936
G1 Y.0005 Z14.2667 C49140.949 E.01728
G1 Y-.1324 Z14.2623 E.00454
G1 Y-.1992 Z14.2524 E.00225
G1 X-13.5836 Y-.2755 Z14.2313 E.00314
G1 X-13.4591 Y-.3899 Z14.1822 E.00586
G1 Y-.1134 Z14.1813 C49139.051 E.01747
G1 X-13.2953 Y-.2202 Z14.1292 E.00673
G1 X-13.2141 Z14.1066 E.00295
G1 X-13.1149 Z14.079 E.00352
G1 X-13.0345 Z14.0556 E.00279
G1 X-12.9637 Y-.1627 Z14.0351 E.00311
G1 Y-.1062 Z14.0206 E.00255
G1 X-12.8685 Y-.3452 Z13.9995 C49140.949 E.01658
G1 X-12.7851 Y-.2491 Z13.9761 E.00430
G1 X-12.4895 Z13.8838 C49142.858 E.01728
G1 X-12.1903 Z13.7911 C49144.793 E.01722
G1 X-12.0608 Y-.1096 Z13.7539 E.00645
G1 X-11.8184 Y-.2099 Z13.6797 C49146.752 E.01621
G1 X-11.5652 Y-.3229 Z13.6016 C49148.734 E.01640
G1 X-11.3256 Y-.1532 Z13.5414 E.00997
G1 X-11.0976 Y-.3257 Z13.4953 C49150.739 E.01612
G1 Y.0179 Z13.4961 C49148.734 E.01731
G1 X-10.852 Y-.1903 Z13.476 C49150.739 E.01657
G1 X-10.7243 Y-.1274 Z13.4788 E.00474
G1 X-10.6654 Y-.4244 Z13.4737 C49152.765 E.01609
G1 X-10.6005 Y-.0696 Z13.4861 C49150.739 E.01731
G1 X-10.0232 Y-.2701 Z13.7131 C49152.765 B68.862 E.02468
G1 Y.0766 Z13.7202 C49150.739 E.01655
G1 X-9.1079 Y-.1151 Z14.0923 C49152.765 B66.933 E.03515
G1 X-8.21 Y-.3381 Z14.4383 C49154.813 B64.99 E.03427
G1 X-7.4066 Y-.2608 Z14.7463 B63.035 E.02873
G1 X-6.3562 Y-.1364 Z15.0477 B61.069 E.03658
G1 X-5.5488 Y-.4529 Z15.2806 C49156.881 B59.093 E.03061
G1 X-4.612 Y-.3801 Z15.4972 B57.107 E.03207
G1 X-3.4558 Y-.2749 Z15.6969 B55.114 E.03918
G1 X-2.4529 Y-.205 Z15.8652 B53.114 E.03390
G1 X-1.6493 Z15.9491 B51.109 E.02690
G1 X-.7884 Y-.112 Z15.9994 B49.099 E.02885
G1 X.4264 Y-.4376 Z16.0274 C49158.967 B47.086 E.04185
G1 X1.3428 Y-.3789 Z16.0172 B45.071 E.03054
G1 X2.2895 Y-.3128 Z15.9675 B43.055 E.03161
G1 X3.1843 Y-.25 Z15.8861 B41.04 E.02996
G1 X4.2326 Y-.1472 Z15.7458 B39.027 E.03534
G1 X5.2899 Y-.0274 Z15.5796 B37.017 E.03582
G1 X6.1239 Y-.4638 Z15.364 C49161.072 B35.011 E.03298
G1 X7.1936 Y-.3303 Z15.1174 B33.011 E.03678
G1 X8.1734 Y-.1995 Z14.8263 B31.018 E.03427
G1 X9.0971 Y-.0694 Z14.4953 B29.032 E.03292
G1 X10.0233 Y-.4882 Z14.1229 C49163.192 B27.055 E.03806
G1 X10.888 Y-.3555 Z13.727 B25.089 E.03194
G1 X11.6382 Y-.2506 Z13.3138 B23.133 E.02870
G1 X12.5303 Y-.0683 Z12.8375 B21.19 E.03418
G1 X13.3873 Y-.5029 Z12.3391 C49165.328 B19.26 E.03965
G1 X14.1862 Y-.3196 Z11.7981 B17.345 E.03267
G1 X15.0252 Y-.1019 Z11.2382 B15.444 E.03432
G1 X15.7071 Y.0653 Z10.6702 B13.559 E.03004
G1 X16.3126 Y-.4636 Z10.0896 C49167.478 B11.691 E.03877
G1 X16.6558 Y-.2792 Z10.0311 E.01310
G1 Z10.0297 E.00052
G1 X17.0028 Z9.4847 B9.841 E.02150
G1 X17.0958 Y-.1652 Z9.4763 E.00490
G1 X17.157 Y-.0524 Z9.4706 E.00427
G1 Y.0695 Z9.4593 E.00418
G1 Y.2113 Z9.4338 E.00486
G1 Y.3141 Z9.4136 E.00351
G1 Y-.2932 Z9.3971 C49169.64 E.02953
G1 Y-.0805 Z9.3726 E.00715
G1 X17.0722 Y.2273 Z9.3725 E.01062
G1 X16.7031 Y-.2856 Z9.9361 C49171.814 B11.691 E.03518
G1 X16.6349 Y-.0308 Z9.9553 E.00880
G1 Y.0444 Z9.9421 E.00290
G1 X16.581 Z9.9395 E.00186
G1 X16.4491 Z10.0058 E.00494
G1 X16.2961 Y-.0493 Z10.0476 E.00613
G1 X16.1509 Y-.1306 Z10.0826 E.00566
G1 X15.6248 Y.443 Z10.6401 C49169.64 B13.559 E.03746
G1 X14.7783 Y.1779 Z11.2469 B15.444 E.03575
G1 X14.0851 Y.0232 Z11.7891 B17.345 E.02972
G1 X13.2177 Y.4416 Z12.3313 C49167.478 B19.261 E.04033
G1 X12.2788 Y.2149 Z12.8568 B21.19 E.03657
G1 X11.3219 Y.0161 Z13.3482 B23.134 E.03638
G1 X10.4923 Y-.1075 Z13.7754 B25.089 E.03131
G1 X9.6163 Y.3393 Z14.1721 C49165.328 B27.055 E.03726
G1 X8.628 Y.1928 Z14.5478 B29.032 E.03550
G1 X7.8044 Y.1106 Z14.8654 B31.018 E.02949
G1 X6.9292 Y.0278 Z15.1494 B33.011 E.03073
G1 X5.9486 Y-.0653 Z15.3993 B35.011 E.03380
G1 X5.1639 Z15.6021 B37.017 E.02699
G1 X3.9847 Y.2834 Z15.7754 C49163.192 B39.027 E.04160
G1 X2.9634 Y.2129 Z15.9063 B41.04 E.03433
G1 X2.0663 Z15.9911 B43.055 E.03001
G1 X1.0937 Y.1177 Z16.0425 B45.071 E.03255
G1 X.0293 Y.0651 Z16.043 B47.086 E.03544
G1 X-.8466 Z16.0153 B49.099 E.02916
G1 X-1.6977 Y.0145 Z15.9489 B51.109 E.02844
G1 X-1.7532 Y.4347 Z15.9378 C49161.072 E.01428
G1 X-2.8775 Y-.0336 Z15.8154 C49163.192 B53.114 E.04087
G1 X-3.7863 Y.3402 Z15.6616 C49161.072 B55.114 E.03341
G1 X-4.7062 Y-.0903 Z15.4752 C49163.192 B57.108 E.03483
G1 X-5.4036 Y.2855 Z15.2736 C49161.072 B59.093 E.02799
G1 X-6.7011 Y.1989 Z14.9444 B61.069 E.04462
G1 X-7.4858 Z14.6488 B63.035 E.02791
G1 X-8.4827 Y.4482 Z14.2734 C49158.967 B64.99 E.03784
G1 X-9.4583 Y.0168 Z13.8724 C49161.072 B66.933 E.03963
G1 X-10.3049 Y-.0556 Z13.4489 B68.862 E.03158
G1 X-10.8452 Y.2086 Z13.1757 C49158.967 B70. E.02566
G1 X-10.9743 Z13.1536 E.00453
G1 X-11.1013 Y.1006 Z13.2197 E.00597
G1 Y.4195 Z13.2124 C49156.881 E.01713
G1 Y.0872 Z13.2311 C49158.967 E.01743
G1 X-11.3686 Y-.0597 Z13.354 E.01094
G1 X-11.6174 Y.1023 Z13.478 C49156.881 E.01767
G1 X-11.8454 Y-.0584 Z13.5975 E.01009
G1 X-12.04 Y.118 Z13.6998 C49154.813 E.01723
G1 X-12.1978 Y.3161 Z13.7716 C49152.765 E.01694
G1 X-12.4578 Y.0996 Z13.9073 E.01212
G1 X-12.7486 Y.1578 Z14.0461 C49150.739 E.01853
G1 X-13.0625 Z14.1965 C49148.734 E.01911
G1 X-13.2466 Y-.0255 Z14.2875 E.00915
G1 X-13.3546 Y.1704 Z14.335 C49146.752 E.01715
G1 X-13.5488 Y-.05 Z14.4224 E.01019
G1 Y-.1369 Z14.4394 E.00329
G1 X-13.6073 Y-.1948 Z14.4441 E.00274
G1 Y.0771 Z14.4471 C49144.793 E.01792
G1 Y-.1127 Z14.448 E.00631
G1 Y.0315 Z14.4481 C49142.858 E.01602
G1 Y-.2738 Z14.4469 E.01015
G1 Y-.0118 Z14.451 C49140.949 E.01742
G1 Y-.1155 Z14.448 E.00345
G1 Y-.1883 Z14.4398 E.00260
G1 X-13.5312 Y-.2618 Z14.4213 E.00357
G1 X-13.3743 Y-.4068 Z14.3594 E.00740
G1 Y-.1279 Z14.3571 C49139.051 E.01744
G1 X-13.2308 Y-.2144 Z14.3147 E.00575
G1 X-13.1435 Z14.2905 E.00316
G1 X-13.0375 Z14.2609 E.00375
G1 X-12.9547 Z14.2367 E.00289
G1 X-12.8801 Y-.1411 Z14.215 E.00355
G1 Z14.2101 E.00087
G1 Y-.3877 Z14.1936 C49140.949 E.01647
G1 X-12.651 Y-.1742 Z14.1412 E.01056
G1 X-12.373 Z14.0538 C49142.858 E.01679
G1 X-12.1262 Y-.242 Z13.9768 C49144.793 E.01627
G1 X-11.7493 Y.0914 Z13.8666 E.01713
G1 X-11.6202 Y-.1173 Z13.8269 C49146.752 E.01559
G1 X-11.3382 Y-.2249 Z13.7443 C49148.734 E.01669
G1 X-11.0622 Y-.044 Z13.6913 E.01112
G1 Y-.3536 Z13.6823 C49150.739 E.01651
G1 X-10.7877 Y-.2131 Z13.6657 E.01027
G1 X-10.643 Y-.1423 Z13.6737 E.00536
G1 X-10.032 Y-.33 Z13.9004 C49152.765 B68.862 E.02546
G1 X-9.1513 Y-.1809 Z14.2768 B66.933 E.03224
G1 X-8.1221 Y-.3671 Z14.6393 C49154.813 B64.99 E.03806
G1 X-7.2709 Y-.2779 Z14.9562 B63.035 E.03035
G1 X-6.3385 Y-.1799 Z15.2422 B61.069 E.03260
G1 X-5.5393 Y-.1195 Z15.4811 B59.093 E.02782
G1 X-4.7005 Y-.4448 Z15.6783 C49156.881 B57.107 E.03115
G1 X-4.3996 Y.0059 Z15.7171 C49154.813 E.01883
G1 X-3.4897 Y-.3256 Z15.8852 C49156.881 B55.114 E.03296
G1 X-2.5073 Y-.2562 Z16.0503 B53.114 E.03321
G1 X-1.6043 Y-.1964 Z16.1432 B51.109 E.03026
G1 X-.7351 Y-.142 Z16.1931 B49.099 E.02901
G1 X.4623 Y-.0244 Z16.2272 B47.086 E.04003
G1 X1.0985 Y-.4625 Z16.1963 C49158.967 B45.071 E.02575
G1 X2.2638 Y-.3578 Z16.1589 B43.055 E.03894
G1 X3.2372 Y-.281 Z16.0776 B41.04 E.03259
G1 X4.2524 Y-.1841 Z15.9397 B39.027 E.03423
G1 X5.2547 Y-.0797 Z15.7727 B37.017 E.03397
G1 X6.2215 Y-.4895 Z15.5547 C49161.072 B35.011 E.03648
G1 X7.2487 Y-.3649 Z15.3055 B33.011 E.03540
G1 X8.1556 Y-.2591 Z15.0179 B31.018 E.03184
G1 X8.9479 Y-.1741 Z14.7005 B29.032 E.02853
G1 X9.9275 Y-.015 Z14.3271 B27.055 E.03527
G1 X10.8896 Y-.4229 Z13.9156 C49163.192 B25.089 E.03969
G1 X11.6273 Y-.3275 Z13.5036 B23.133 E.02828
G1 X12.5285 Y-.1475 Z13.0278 B21.19 E.03442
G1 X13.3675 Y.0263 Z12.5359 B19.26 E.03286
G1 X14.2141 Y-.4004 Z11.9832 C49165.328 B17.345 E.04053
G1 X15.0131 Y-.2073 Z11.4257 B15.444 E.03303
G1 X15.7795 Y-.0019 Z10.8413 B13.559 E.03278
G1 X16.2659 Y.0736 Z10.2879 B11.691 E.02463
G1 X16.4015 Y.1501 Z10.2562 E.00528
G1 Y-.5211 Z10.2504 C49167.478 E.03030
G1 X16.4573 Y.1816 Z10.2447 C49165.328 E.03117
G1 Y-.4872 Z10.2382 C49167.478 E.03029
G1 X16.5964 Y-.4027 Z10.2258 E.00543
G1 X16.6789 Y-.3023 Z10.2236 E.00432
G1 Y-.2085 Z10.2202 E.00348
G1 X17.0583 Z9.6735 B9.841 E.02214
G1 Y-.0692 Z9.658 E.00472
G1 Y.2131 Z9.5975 E.00961
G1 Y-.1813 Z9.5492 C49169.64 E.02517
G1 X16.7066 Y-.0848 Z10.0824 B11.691 E.02149
G1 X16.6368 Y.2374 Z10.0845 E.01096
G1 Y.3671 Z10.0977 E.00451
G1 Y-.282 Z10.1028 C49171.814 E.03016
G1 X16.5564 Y-.1689 Z10.1107 E.00462
G1 Y-.1172 Z10.1079 E.00200
G1 X16.4237 Z10.1748 E.00497
G1 X16.3133 Z10.2208 E.00429
G1 X16.2367 Y-.2021 Z10.2426 E.00387
G1 Y.4606 Z10.2504 C49169.64 E.03013
G1 X16.1152 Z10.2715 E.00441
G1 X15.585 Y.3074 Z10.8326 B13.559 E.02618
G1 X14.7187 Y.0426 Z11.4452 B15.444 E.03637
G1 X13.8282 Y.4441 Z12.0273 C49167.478 B17.345 E.04161
G1 X13.0962 Y.2951 Z12.5457 B19.261 E.03024
G1 X12.1986 Y.0999 Z13.0605 B21.19 E.03502
G1 X11.295 Y-.0684 Z13.5394 B23.134 E.03447
G1 X10.447 Y.3893 Z13.9687 C49165.328 B25.089 E.03743
G1 X9.6464 Y.2848 Z14.359 B27.055 E.02983
G1 X8.6512 Y.139 Z14.7355 B29.032 E.03572
G1 X7.7756 Y.0458 Z15.0573 B31.018 E.03118
G1 X6.8742 Y-.0397 Z15.3414 B33.011 E.03156
G1 X5.925 Y-.1229 Z15.5894 B35.011 E.03275
G1 X5.15 Y.3514 Z15.7888 C49163.192 B37.017 E.03159
G1 X3.9922 Y.2369 Z15.966 B39.027 E.03914
G1 X3.0309 Y.1755 Z16.0974 B41.04 E.03233
G1 X2.0006 Y.1098 Z16.181 B43.055 E.03445
G1 X1.0289 Z16.231 B45.071 E.03240
G1 X.0224 Y.0155 Z16.2319 B47.086 E.03362
G1 X-.8344 Z16.2053 B49.099 E.02852
G1 X-1.741 Y-.0414 Z16.1351 B51.109 E.03030
G1 X-2.9071 Y-.0935 Z16.0005 B53.114 E.03908
G1 X-3.7993 Y.2851 Z15.8506 C49161.072 B55.114 E.03295
G1 X-4.842 Y.2305 Z15.6463 B57.108 E.03539
G1 X-5.7642 Z15.4125 B59.093 E.03168
G1 X-6.7223 Y.1365 Z15.1255 B61.069 E.03341
G1 X-7.6122 Y.0859 Z14.8158 B63.035 E.03138
G1 X-8.4445 Z14.4728 B64.99 E.02998
G1 X-9.3005 Y-.0242 Z14.0946 B66.933 E.03134
G1 X-10.1827 Y.2372 Z13.6617 C49158.967 B68.862 E.03604
G1 X-10.9211 Y.1181 Z13.3432 B70. E.02704
G1 X-11.0364 Y.0532 Z13.4036 E.00484
G1 Y.3766 Z13.4003 C49156.881 E.01716
G1 Y.0279 Z13.4249 C49158.967 E.01777
G1 X-11.0957 Y.3471 Z13.4261 C49156.881 E.01724
G1 X-11.4715 Y.1131 Z13.6206 E.01608
G1 X-11.7305 Y-.0672 Z13.7569 E.01143
G1 X-11.9712 Y.0822 Z13.8815 C49154.813 E.01768
G1 X-12.2714 Y.167 Z14.0312 C49152.765 E.01858
G1 X-12.5951 Z14.1896 C49150.739 E.01911
G1 X-12.8471 Y-.0307 Z14.3117 E.01140
G1 X-13.0001 Y.1394 Z14.3853 C49148.734 E.01711
G1 X-13.258 Z14.5067 C49146.752 E.01802
G1 X-13.4861 Y-.0759 Z14.6083 E.01097
G1 Y-.1618 Z14.6241 E.00322
G1 Z14.6266 E.00189
G1 X-13.5401 Y.0997 Z14.6301 C49144.793 E.01778
G1 Y-.2125 E.01038
G1 Y-.1369 Z14.6331 C49142.858 E.01542
G1 Y-.2592 Z14.6315 E.00407
G1 Y-.0053 Z14.6353 C49140.949 E.01722
G1 Y-.1174 Z14.6324 E.00373
G1 Y-.2009 Z14.622 E.00300
G1 Z14.6176 E.00163
G1 X-13.4828 Y.0673 Z14.6158 C49139.051 E.01743
G1 Y-.2633 Z14.6061 C49140.949 E.01850
G1 X-13.2918 Y-.4216 Z14.5377 E.00856
G1 Y-.1244 Z14.541 C49139.051 E.01768
G1 X-13.1747 Y-.2042 Z14.5028 E.00488
G1 X-13.0815 Z14.4769 E.00340
G1 X-12.9751 Z14.4471 E.00382
G1 X-12.8904 Z14.4223 E.00294
G1 X-12.8154 Y-.1397 Z14.4005 E.00337
G1 Z14.3938 E.00118
G1 Y-.4047 Z14.3816 C49140.949 E.01670
G1 X-12.5901 Y-.182 Z14.3281 E.01068
G1 X-12.2492 Y-.1236 Z14.2218 C49142.858 E.01814
G1 X-11.9636 Z14.1335 C49144.793 E.01677
G1 X-11.6945 Y-.2454 Z14.0509 C49146.752 E.01676
G1 X-11.5042 Y-.4141 Z13.9877 C49148.734 E.01585
G1 X-11.0926 Y-.1204 Z13.8935 E.01711
G1 X-10.8897 Y-.3266 Z13.8612 C49150.739 E.01595
G1 X-10.6699 Y-.2092 Z13.8594 E.00829
G1 X-9.9745 Y-.3625 Z14.0949 C49152.765 B68.862 E.02757
G1 X-9.1132 Y-.2203 Z14.4709 B66.933 E.03161
G1 X-8.2807 Y-.1091 Z14.8143 B64.99 E.03018
G1 X-7.2578 Y-.3272 Z15.1474 C49154.813 B63.035 E.03751
G1 X-6.3337 Y-.2265 Z15.4331 B61.069 E.03234
G1 X-5.3232 Y-.1181 Z15.6959 B59.093 E.03491
G1 X-4.4657 Y-.4498 Z15.8959 C49156.881 B57.107 E.03176
G1 X-3.4609 Y-.3661 Z16.081 B55.114 E.03410
G1 Y.0479 Z16.0883 C49154.813 E.01440
G1 X-2.6527 Y-.3247 Z16.2227 C49156.881 B53.114 E.03011
G1 X-1.8072 Z16.329 B51.109 E.02839
G1 X-.7167 Y-.1791 Z16.3845 B49.099 E.03664
G1 X.4168 Y-.0705 Z16.417 B47.086 E.03789
G1 X1.4532 Y-.4436 Z16.4057 C49158.967 B45.071 E.03669
G1 X2.3288 Y.0852 Z16.3567 C49156.881 B43.055 E.03418
G1 X3.1832 Y-.3355 Z16.2694 C49158.967 B41.04 E.03204
G1 X4.3068 Y-.2135 Z16.1335 B39.027 E.03786
G1 X5.2456 Y-.1265 Z15.9652 B37.017 E.03185
G1 X6.3069 Y.0066 Z15.7492 B35.011 E.03629
G1 X7.1002 Y-.4577 Z15.5025 C49161.072 B33.011 E.03283
G1 X8.1267 Y-.3219 Z15.2116 B31.018 E.03577
G1 X9.0591 Y-.1964 Z14.8816 B29.032 E.03316
G1 X9.9635 Y-.0639 Z14.5144 B27.055 E.03276
G1 X10.8732 Y-.4966 Z14.1063 C49163.192 B25.089 E.03855
G1 X11.6884 Y-.377 Z13.6845 B23.133 E.03079
G1 X12.5497 Y-.2175 Z13.216 B21.19 E.03304
G1 X13.4343 Y-.0277 Z12.7125 B19.26 E.03444
G1 X14.0978 Y.088 Z12.2017 B17.345 E.02811
G1 X14.7411 Y-.434 Z11.6636 C49165.328 B15.444 E.03760
G1 X15.4954 Y-.2562 Z11.0884 B13.559 E.03210
G1 X15.8597 Y-.0654 Z11.0101 E.01392
G1 X16.2514 Z10.4785 B11.691 E.02197
G1 X16.3921 Y.0419 Z10.4472 E.00597
G1 X16.5017 Y.1461 Z10.432 E.00506
G1 Y.2172 Z10.4262 E.00289
G1 X16.5558 Y-.4556 Z10.424 C49167.478 E.03052
G1 X16.6109 Y-.325 Z10.415 E.00473
G1 Y-.2161 Z10.3972 E.00371
G1 Y.0371 Z10.339 E.00866
G1 Y.2169 Z10.3002 E.00613
G1 Y-.1868 Z10.2526 C49169.64 E.02485
G1 Y-.0593 Z10.2409 E.00436
G1 X16.5515 Y.1076 Z10.2389 E.00589
G1 X16.479 Y.3668 Z10.2609 E.00898
G1 Z10.2629 E.00093
G1 X16.3545 Z10.3537 E.00514
G1 X16.2309 Z10.4176 E.00468
G1 X16.1435 Y.3079 Z10.4476 E.00365
G1 X15.761 Z10.9755 B13.559 E.02169
G1 X15.5372 Y.169 Z11.0281 E.00893
G1 X14.968 Y.0669 Z11.5738 B15.444 E.02644
G1 X14.1554 Y-.1388 Z12.1446 B17.345 E.03373
G1 X13.3582 Y.3274 Z12.6791 C49167.478 B19.261 E.03925
G1 X12.4582 Y.124 Z13.2002 B21.19 E.03524
G1 X11.4715 Y-.0819 Z13.6989 B23.134 E.03741
G1 X10.4885 Y.3338 Z14.1511 C49165.328 B25.089 E.04072
G1 X9.6219 Y.2114 Z14.5509 B27.055 E.03200
G1 X8.6588 Y.0792 Z14.9236 B29.032 E.03463
G1 X7.7724 Y-.0131 Z15.2472 B31.018 E.03154
G1 X6.8562 Y-.1009 Z15.5323 B33.011 E.03205
G1 X6.0369 Y.372 Z15.7712 C49163.192 B35.011 E.03331
G1 X4.886 Y.2469 Z15.9904 B37.017 E.03919
G1 X4.0107 Y.1921 Z16.1564 B39.027 E.02969
G1 X3.0853 Y.1347 Z16.2852 B41.04 E.03113
G1 X1.9972 Y.0614 Z16.3732 B43.055 E.03639
G1 X1.0672 Z16.4197 B45.071 E.03101
G1 X.0368 Y-.0336 Z16.4225 B47.086 E.03442
G1 Y.4163 Z16.4169 C49161.072 E.01498
G1 X-.8318 Y-.0639 Z16.3945 C49163.192 B49.099 E.03304
G1 X-1.6875 Z16.3279 B51.109 E.02856
G1 X-2.9117 Y.2696 Z16.1865 C49161.072 B53.114 E.04261
G1 X-3.7588 Z16.044 B55.114 E.02859
G1 X-4.6203 Y.2003 Z15.8603 B57.108 E.02939
G1 X-5.6662 Y.1386 Z15.6149 B59.093 E.03579
G1 X-6.7433 Y.0693 Z15.3091 B61.069 E.03731
G1 X-7.6082 Z15.0023 B63.035 E.03057
G1 X-8.522 Y-.0449 Z14.6437 B64.99 E.03287
G1 X-9.3451 Y.2499 Z14.2668 C49158.967 B66.933 E.03366
G1 X-10.292 Y.1433 Z13.8218 B68.862 E.03498
G1 X-10.7906 Y.0846 Z13.5578 B70. E.01887
G1 Y.42 Z13.5485 C49156.881 E.01719
G1 Y.0831 Z13.5565 C49158.967 E.01722
G1 Y.4177 Z13.5468 C49156.881 E.01718
G1 Y.0801 Z13.5541 C49158.967 E.01724
G1 Y.4145 Z13.5444 C49156.881 E.01719
G1 Y.0712 Z13.5467 C49158.967 E.01743
G1 X-10.8734 Z13.5387 E.00279
G1 Y.3954 Z13.5303 C49156.881 E.01703
G1 Y.0589 Z13.5399 C49158.967 E.01728
G1 Y.3915 Z13.5341 C49156.881 E.01721
G1 X-10.9326 Y.029 Z13.5674 C49158.967 E.01805
G1 X-11.207 Y.2001 Z13.7031 C49156.881 E.01790
G1 X-11.5199 Y.3273 Z13.8592 C49154.813 E.01856
G1 X-11.7908 Y.1293 Z14.0086 E.01222
G1 X-12.1362 Y.1923 Z14.1811 C49152.765 E.01943
G1 X-12.3798 Y-.0175 Z14.3025 E.01143
G1 X-12.5131 Y.1957 Z14.3673 C49150.739 E.01707
G1 X-12.7583 Y-.0383 Z14.486 E.01194
G1 X-12.9101 Y.1398 Z14.5599 C49148.734 E.01710
G1 X-13.102 Y-.0629 Z14.6501 E.00976
G1 X-13.2335 Y.1178 Z14.7118 C49146.752 E.01707
G1 X-13.4205 Y-.0979 Z14.7929 E.00987
G1 Y.1967 Z14.7992 C49144.793 E.01815
G1 Y-.156 Z14.8049 C49146.752 E.01928
G1 Z14.8084 E.00169
G1 Y.1098 Z14.8126 C49144.793 E.01771
G1 X-13.4768 Y-.0548 Z14.8166 E.00579
G1 Y-.2327 Z14.8144 E.00592
G1 Y-.0678 Z14.8171 C49142.858 E.01610
G1 Y-.2622 Z14.8158 E.00646
G1 Y-.0059 Z14.8197 C49140.949 E.01720
G1 Y-.0898 Z14.8188 E.00279
G1 Y.1975 Z14.8157 C49139.051 E.01766
G1 Y-.1448 Z14.815 C49140.949 E.01872
G1 Y-.2207 Z14.8028 E.00298
G1 X-13.3615 Y-.3041 Z14.7765 E.00481
G1 X-13.2714 Y-.3841 Z14.7411 E.00418
G1 Y-.0711 Z14.7474 C49139.051 E.01795
G1 Y-.4054 Z14.7309 C49140.949 E.01840
G1 Z14.721 E.00181
G1 X-13.1926 Y-.1332 Z14.7194 C49139.051 E.01732
G1 X-13.0905 Y-.2077 Z14.683 E.00437
G1 X-13.0069 Z14.6599 E.00302
G1 X-12.9088 Z14.6321 E.00348
G1 X-12.8169 Z14.6053 E.00321
G1 X-12.7383 Y-.1246 Z14.5823 E.00388
G1 Y-.4097 Z14.567 C49140.949 E.01697
G1 X-12.5608 Y-.2258 Z14.5227 E.00863
G1 X-12.4372 Y-.3984 Z14.4786 C49142.858 E.01556
G1 X-12.2429 Y-.1896 Z14.4242 E.00966
G1 X-11.9828 Y-.2527 Z14.3431 C49144.793 E.01636
G1 X-11.7664 Y-.3791 Z14.2727 C49146.752 E.01594
G1 X-11.4398 Y-.105 Z14.1819 E.01450
G1 X-11.1969 Y-.2543 Z14.1129 C49148.734 E.01616
G1 X-10.9964 Y-.1179 Z14.074 E.00817
G1 X-10.8194 Y-.3468 Z14.0508 C49150.739 E.01587
G1 X-10.7413 Y.0356 Z14.05 C49148.734 E.01802
G1 Y-.2802 Z14.0476 C49150.739 E.01640
G1 X-10.0548 Y-.105 Z14.2801 B68.862 E.02480
G1 X-9.1963 Y-.3061 Z14.6461 C49152.765 B66.933 E.03355
G1 Y.0515 Z14.6509 C49150.739 E.01608
G1 X-8.1354 Y-.1135 Z15.0233 C49152.765 B64.99 E.03899
G1 X-7.2834 Y-.3883 Z15.3328 C49154.813 B63.035 E.03268
G1 X-6.3838 Y-.2908 Z15.6159 B61.069 E.03153
G1 X-5.3397 Y-.1685 Z15.8855 B59.093 E.03609
G1 X-4.4676 Y-.0972 Z16.0941 B57.107 E.02992
G1 X-3.4937 Y-.42 Z16.2683 C49156.881 B55.114 E.03487
G1 X-2.5011 Y-.3446 Z16.435 B53.114 E.03357
G1 X-1.6075 Y-.2827 Z16.5261 B51.109 E.02995
G1 X-.7026 Y-.2189 Z16.5772 B49.099 E.03022
G1 X.4685 Y-.0999 Z16.6124 B47.086 E.03917
G1 X1.3299 Y-.0454 Z16.5978 B45.071 E.02871
G1 X2.2737 Y-.444 Z16.5428 C49158.967 B43.055 E.03424
G1 X2.406 Y.0617 Z16.5556 C49156.881 E.01763
G1 X3.2119 Y-.3744 Z16.4611 C49158.967 B41.04 E.03089
G1 X4.2861 Y-.2652 Z16.3245 B39.027 E.03620
G1 X5.209 Y-.1814 Z16.158 B37.017 E.03132
G1 X6.2998 Y-.0457 Z15.9412 B35.011 E.03727
G1 X6.9795 Z15.7036 B33.011 E.02398
G1 X7.9975 Y-.416 Z15.4104 C49161.072 B31.018 E.03859
G1 X8.9923 Y-.2766 Z15.0782 B29.032 E.03519
G1 X9.8734 Y-.1579 Z14.7148 B27.055 E.03195
G1 X10.8403 Y.0087 Z14.3061 B25.089 E.03535
G1 X11.5556 Y-.4996 Z13.8911 C49163.192 B23.133 E.03528
G1 X12.6438 Y-.2583 Z13.3899 B21.19 E.04065
G1 X13.4123 Y-.1232 Z12.9054 B19.26 E.03055
G1 X14.1134 Y.0033 Z12.389 B17.345 E.02927
G1 X14.9529 Y-.4323 Z11.8084 C49165.328 B15.444 E.04131
G1 X15.484 Y-.3639 Z11.279 B13.559 E.02505
G1 X15.771 Y-.2163 Z11.2165 E.01093
G1 X15.8978 Y-.1254 Z11.1954 E.00524
G1 Z11.1895 E.00180
G1 X16.3166 Y-.0694 Z10.6608 B11.691 E.02251
G1 X16.414 Y.068 Z10.639 E.00565
G1 X16.466 Y.197 Z10.6173 E.00468
G1 Y.2933 Z10.5952 E.00334
G1 Y-.3595 Z10.5856 C49167.478 E.02991
G1 Y.0347 Z10.4913 E.01352
G1 Y.286 Z10.441 E.00856
G1 Y-.1352 Z10.401 C49169.64 E.02500
G1 Y.0514 Z10.3952 E.00626
G1 X16.4128 Y.1718 Z10.4029 E.00439
G1 Z10.4095 E.00105
G1 X16.2949 Z10.518 E.00538
G1 X16.2381 Z10.5603 E.00239
G1 X15.8604 Z11.0952 B13.559 E.02178
G1 X15.718 Z11.1607 E.00531
G1 X15.5531 Y.0665 Z11.2084 E.00670
G1 X15.4403 Y.0078 Z11.2373 E.00434
G1 X14.8063 Y-.1205 Z11.795 B15.444 E.02841
G1 X13.948 Y.3114 Z12.3749 C49167.478 B17.345 E.04123
G1 X13.0079 Y.0806 Z12.9398 B19.261 E.03728
G1 X12.2804 Y-.0321 Z13.4214 B21.19 E.02926
G1 X11.3002 Y.3797 Z13.9128 C49165.328 B23.133 E.04143
G1 X10.4862 Y.2632 Z14.3399 B25.089 E.03082
G1 X9.6444 Y.1532 Z14.7361 B27.055 E.03116
G1 X8.7226 Y.035 Z15.1048 B29.032 E.03325
G1 X7.9152 Y-.0384 Z15.4221 B31.018 E.02896
G1 X6.9388 Y-.1396 Z15.7158 B33.011 E.03408
G1 X6.0693 Y.3276 Z15.9597 C49163.192 B35.011 E.03465
G1 X5.1821 Y.256 Z16.1669 B37.017 E.03040
G1 X3.9338 Y.129 Z16.3467 B39.027 E.04216
G1 X3.0759 Z16.4738 B41.04 E.02889
G1 X2.142 Y.0311 Z16.5653 B43.055 E.03138
G1 X1.0328 Y-.0407 Z16.6069 B45.071 E.03700
G1 X.3063 Y.4084 Z16.621 C49161.072 B47.086 E.02842
G1 X-.8269 Y-.1171 Z16.5832 C49163.192 B49.099 E.04158
G1 X-1.718 Y.2923 Z16.5113 C49161.072 B51.109 E.03277
G1 X-2.9133 Y.215 Z16.3751 B53.114 E.04009
G1 X-3.7784 Z16.2304 B55.114 E.02920
G1 X-4.6079 Y.1449 Z16.0505 B57.108 E.02833
G1 X-5.6572 Y.0798 Z15.8042 B59.093 E.03591
G1 X-6.6948 Y.3974 Z15.4982 C49158.967 B61.069 E.03838
G1 Y.0084 Z15.5005 C49161.072 E.01532
G1 X-7.2982 Z15.2508 B63.035 E.02172
G1 X-8.4123 Y.2754 Z14.85 C49158.967 B64.99 E.04166
G1 Y-.1017 Z14.8436 C49161.072 E.01627
G1 X-8.4909 Y.2601 Z14.8316 C49158.967 E.01611
G1 X-9.4299 Y.1656 Z14.4332 B66.933 E.03407
G1 X-10.2547 Y.4337 Z14.0082 C49156.881 B68.862 E.03444
G1 X-10.7343 Y.0302 Z13.7565 C49158.967 B70. E.02595
G1 Y.3734 Z13.7491 C49156.881 E.01731
G1 Y.0256 Z13.7525 C49158.967 E.01741
G1 X-10.8366 Z13.7359 E.00355
G1 X-10.9208 Y-.0493 Z13.7784 E.00401
G1 Y.2902 Z13.7766 C49156.881 E.01739
G1 X-10.9886 Y-.0911 Z13.8119 C49158.967 E.01856
G1 X-11.1116 Y.178 Z13.8727 C49156.881 E.01679
G1 X-11.4186 Y-.0259 Z14.0319 E.01335
G1 X-11.694 Y.1152 Z14.1779 C49154.813 E.01807
G1 X-11.9259 Y-.0644 Z14.2947 E.01050
G1 X-12.0532 Y.1738 Z14.3582 C49152.765 E.01705
G1 X-12.2945 Y-.0343 Z14.4783 E.01133
G1 X-12.4338 Y.1796 Z14.546 C49150.739 E.01706
G1 X-12.6716 Y-.0474 Z14.6614 E.01159
G1 X-12.8141 Y.1456 Z14.73 C49148.734 E.01707
G1 X-13.0284 Y-.0808 Z14.831 E.01090
G1 X-13.1678 Y.0975 Z14.8972 C49146.752 E.01706
G1 X-13.358 Y-.1243 Z14.9788 E.01009
G1 Y-.2048 Z14.9923 E.00298
G1 Y.1 Z14.9969 C49144.793 E.01832
G1 X-13.4097 Y-.0511 Z15.0009 E.00531
G1 Y-.2523 Z14.9982 E.00669
G1 Y-.1548 Z15.0016 C49142.858 E.01541
G1 Y-.2801 Z14.9998 E.00417
G1 Y-.0125 Z15.0041 C49140.949 E.01732
G1 Y-.1195 Z15.0014 E.00357
G1 Y-.2001 Z14.9923 E.00291
G1 X-13.315 Y-.287 Z14.9688 E.00435
G1 X-13.1464 Y-.4348 Z14.9023 E.00778
G1 Y-.132 Z14.9024 C49139.051 E.01766
G1 X-13.0205 Y-.2043 Z14.8673 E.00497
G1 X-12.9277 Z14.8415 E.00332
G1 X-12.8409 Z14.8168 E.00309
G1 X-12.7551 Z14.7917 E.00300
G1 X-12.6803 Y-.1307 Z14.7698 E.00356
G1 Y-.4278 Z14.7552 C49140.949 E.01714
G1 X-12.4592 Y-.1878 Z14.6987 E.01101
G1 X-12.1686 Z14.6067 C49142.858 E.01687
G1 X-11.914 Y-.2606 Z14.5268 C49144.793 E.01624
G1 X-11.7723 Y-.1266 Z14.4861 E.00663
G1 X-11.5201 Y-.239 Z14.4084 C49146.752 E.01621
G1 X-11.3861 Y-.1275 Z14.3702 E.00593
G1 X-11.1244 Y-.2677 Z14.2973 C49148.734 E.01635
G1 X-10.9146 Y-.1245 Z14.2588 E.00854
G1 X-10.7749 Y-.3816 Z14.2372 C49150.739 E.01590
G1 X-10.5445 Y.0902 Z14.2507 C49148.734 E.02135
G1 X-10.004 Y-.1367 Z14.4776 C49150.739 B68.862 E.02393
G1 X-9.2852 Y-.3992 Z14.8211 C49152.765 B66.933 E.02996
G1 X-9.2215 Y-.0127 Z14.8373 C49150.739 E.01696
G1 X-8.1601 Y-.1733 Z15.2102 C49152.765 B64.99 E.03900
G1 X-7.3061 Y-.0685 Z15.5263 B63.035 E.03049
G1 X-6.3604 Y-.3369 Z15.8101 C49154.813 B61.069 E.03487
G1 X-5.4566 Y-.2466 Z16.0614 B59.093 E.03134
G1 X-4.4708 Y-.1444 Z16.2833 B57.107 E.03378
G1 X-3.5111 Y-.4743 Z16.4586 C49156.881 B55.114 E.03451
G1 X-2.5051 Y.0374 Z16.6295 C49154.813 B53.114 E.03809
G1 X-1.7514 Y-.3596 Z16.7125 C49156.881 B51.109 E.02855
G1 X-.7457 Y-.2722 Z16.7681 B49.099 E.03363
G1 X.4099 Y-.1576 Z16.8025 B47.086 E.03864
G1 X1.315 Y-.0901 Z16.7901 B45.071 E.03019
G1 X2.3859 Y-.4705 Z16.741 C49158.967 B43.055 E.03795
G1 X3.3792 Y-.3836 Z16.6517 B41.04 E.03330
G1 X4.3074 Y-.3074 Z16.5158 B39.027 E.03130
G1 X5.3115 Y-.2039 Z16.349 B37.017 E.03403
G1 X6.2461 Y-.1089 Z16.1315 B35.011 E.03207
G1 X7.113 Y-.0233 Z15.8884 B33.011 E.03008
G1 X8.1243 Y-.4361 Z15.5926 C49161.072 B31.018 E.03893
G1 X9.0538 Y-.3183 Z15.2634 B29.032 E.03303
G1 X10.0061 Y-.176 Z14.8913 B27.055 E.03433
G1 X10.8583 Y-.0523 Z14.4947 B25.089 E.03153
G1 X11.7877 Y.1171 Z14.0528 B23.133 E.03469
G1 X12.6343 Y-.3428 Z13.5802 C49163.192 B21.19 E.03893
G1 X13.4316 Y-.1997 Z13.0916 B19.26 E.03146
G1 X14.1811 Y-.0558 Z12.5658 B17.345 E.03082
G1 X14.8116 Y.0503 Z12.032 B15.444 E.02770
G1 X14.9125 Y.104 Z12.0068 E.00389
G1 Y-.5304 Z11.9942 C49165.328 E.02810
G1 X15.1223 Y-.447 Z11.9653 E.00757
G1 X15.541 Z11.4563 B13.559 E.02193
G1 X15.6994 Y-.3133 Z11.4281 E.00696
G1 X15.8152 Y-.1827 Z11.4038 E.00586
G1 X15.901 Y-.0314 Z11.3726 E.00588
G1 Y.0708 Z11.3441 E.00374
G1 X16.3132 Z10.8081 B11.691 E.02251
G1 Y.2889 Z10.7447 E.00761
G1 Y-.2154 Z10.6961 C49167.478 E.02647
G1 Y.2245 Z10.6011 E.01506
G1 Y-.1287 Z10.5507 C49169.64 E.02369
G1 Y.0024 Z10.5497 E.00437
G1 X15.9194 Z11.1244 B13.559 E.02317
G1 X15.7917 Z11.2474 E.00592
G1 X15.659 Z11.333 E.00540
G1 X15.4987 Y-.0828 Z11.4017 E.00645
G1 X15.4259 Z11.4245 E.00272
G1 X14.9888 Y-.134 Z11.9367 B15.444 E.02246
G1 X14.8811 Y-.1872 Z11.9615 E.00408
G1 X14.8092 Y.4404 Z11.9769 C49167.478 E.02806
G1 X14.0947 Y.2868 Z12.5286 B17.345 E.03046
G1 X13.2585 Y.0997 Z13.0741 B19.261 E.03379
G1 X12.2871 Y-.1139 Z13.6081 B21.19 E.03755
G1 X11.431 Y.3532 Z14.0803 C49165.328 B23.133 E.03876
G1 X10.4803 Y.1902 Z14.5301 B25.089 E.03540
G1 X9.6903 Y.0993 Z14.9189 B27.055 E.02944
G1 X8.8251 Y-.0005 Z15.2813 B29.032 E.03138
G1 X7.986 Y-.082 Z15.6038 B31.018 E.03002
G1 X7.0549 Y.3752 Z15.8933 C49163.192 B33.011 E.03687
G1 X5.8416 Y.2222 Z16.16 B35.011 E.04163
G1 X4.8868 Y.1452 Z16.3696 B37.017 E.03261
G1 X4.0345 Y.0935 Z16.5331 B39.027 E.02892
G1 X3.0614 Y.0279 Z16.6643 B41.04 E.03273
G1 X2.3109 Y.4971 Z16.7511 C49161.072 B43.055 E.02972
G1 X1.2871 Y-.06 Z16.8046 C49163.192 B45.071 E.03884
G1 X.0248 Y.3189 Z16.7958 C49161.072 B47.086 E.04384
G1 X-.8461 Z16.768 B49.099 E.02901
G1 X-1.874 Y.2188 Z16.6886 B51.109 E.03445
G1 X-2.617 Z16.5959 B53.114 E.02491
G1 X-3.7712 Y.1215 Z16.4191 B55.114 E.03897
G1 X-4.6141 Z16.2378 B57.108 E.02870
G1 X-5.6352 Y.02 Z15.9936 B59.093 E.03508
G1 X-6.6704 Y-.0509 Z15.6945 B61.069 E.03592
G1 Y.3366 Z15.6853 C49158.967 E.01529
G1 X-7.326 Y-.0681 Z15.4331 C49161.072 B63.035 E.02841
G1 X-8.3848 Y.2175 Z15.0423 C49158.967 B64.99 E.04005
G1 X-9.4323 Y.0979 Z14.617 B66.933 E.03781
G1 X-10.3708 Y-.0173 Z14.1707 B68.862 E.03478
G1 X-10.7023 Z13.9492 B70. E.01327
G1 Y.3187 Z13.9434 C49156.881 E.01712
G1 Y-.038 Z13.9428 C49158.967 E.01759
G1 X-10.7524 Z13.9367 E.00169
G1 Y.3035 Z13.9314 C49156.881 E.01728
G1 Y-.0522 Z13.9305 C49158.967 E.01761
G1 X-10.8038 Z13.9359 E.00176
G1 X-10.9725 Y.1828 Z14.0181 C49156.881 E.01663
G1 X-11.3303 Y-.0519 Z14.2051 E.01553
G1 X-11.5936 Y.1046 Z14.3454 C49154.813 E.01787
G1 X-11.8433 Y-.0899 Z14.4711 E.01133
G1 X-11.97 Y.1553 Z14.535 C49152.765 E.01707
G1 X-12.2129 Y-.0542 Z14.6554 E.01140
G1 X-12.3504 Y.167 Z14.7232 C49150.739 E.01706
G1 X-12.5804 Y-.052 Z14.8346 E.01119
G1 X-12.8195 Y.047 Z14.9493 C49148.734 E.01764
G1 X-13.0678 Y.1152 Z15.0671 C49146.752 E.01774
G1 X-13.2487 Y-.0903 Z15.146 E.00948
G1 Y.2466 Z15.1439 C49144.793 E.01878
G1 Y-.1052 Z15.1509 C49146.752 E.01908
G1 X-13.3113 Y-.1801 Z15.1706 E.00331
G1 Z15.1739 E.00079
G1 Y.1135 Z15.1781 C49144.793 E.01802
G1 Y.011 Z15.1849 E.00357
G1 Y-.0818 Z15.1852 E.00326
G1 Y.1866 Z15.1843 C49142.858 E.01745
G1 Y-.274 Z15.1823 C49144.793 E.02144
G1 Y-.1633 Z15.1859 C49142.858 E.01543
G1 Y-.2488 Z15.1848 E.00303
G1 Y.0077 Z15.1884 C49140.949 E.01707
G1 Y-.1289 Z15.1854 E.00460
G1 Y-.2057 Z15.1762 E.00258
G1 Y-.2738 Z15.1587 E.00285
G1 X-13.0792 Y-.4368 Z15.0868 E.00973
G1 Y-.1273 Z15.087 C49139.051 E.01773
G1 X-12.9529 Y-.1997 Z15.0523 E.00498
G1 X-12.8558 Z15.0251 E.00347
G1 X-12.7539 Z14.9959 E.00357
G1 X-12.6612 Z14.9688 E.00334
G1 X-12.5986 Y-.1098 Z14.9503 E.00370
G1 Y-.3956 Z14.9323 C49140.949 E.01687
G1 X-12.3829 Y-.1774 Z14.8805 E.01035
G1 X-12.0909 Z14.7881 C49142.858 E.01683
G1 X-11.8415 Y-.2643 Z14.7099 C49144.793 E.01615
G1 X-11.7036 Y-.1332 Z14.6703 E.00646
G1 X-11.4576 Y-.2554 Z14.5941 C49146.752 E.01612
G1 X-11.1848 Y-.0338 Z14.5161 E.01197
G1 X-10.8871 Y-.1656 Z14.4514 C49148.734 E.01670
G1 X-10.7242 Y-.4138 Z14.4254 C49150.739 E.01595
G1 X-10.0981 Y-.2358 Z14.6536 B68.862 E.02294
G1 X-9.3457 Y-.1205 Z15.0114 B66.933 E.02798
G1 X-9.2216 Y-.4327 Z15.0177 C49152.765 E.01558
G1 X-8.1681 Y-.2307 Z15.3979 B64.99 E.03785
G1 X-7.3059 Y-.1212 Z15.7158 B63.035 E.03078
G1 X-6.415 Y-.4071 Z15.9913 C49154.813 B61.069 E.03333
G1 X-6.2973 Y.0238 Z16.0154 C49152.765 E.01666
G1 X-5.6217 Y-.3437 Z16.2317 C49154.813 B59.093 E.02740
G1 X-4.6021 Y-.2267 Z16.458 B57.107 E.03495
G1 X-3.4981 Y-.0972 Z16.6566 B55.114 E.03756
G1 X-2.4876 Y-.4384 Z16.8186 C49156.881 B53.114 E.03601
G1 X-1.4895 Y-.3506 Z16.914 B51.109 E.03348
G1 X-.5945 Y-.2889 Z16.9698 B49.099 E.02990
G1 X.4468 Y-.1949 Z16.9963 B47.086 E.03479
G1 X1.3527 Y-.1275 Z16.9824 B45.071 E.03022
G1 X2.379 Y-.0326 Z16.9377 B43.055 E.03431
G1 X3.1681 Y-.4802 Z16.8411 C49158.967 B41.04 E.03059
G1 X4.3677 Y-.3418 Z16.709 B39.027 E.04040
G1 X5.213 Y-.2808 Z16.5409 B37.017 E.02874
G1 X6.2628 Y-.155 Z16.3239 B35.011 E.03590
G1 X7.1989 Y-.054 Z16.0759 B33.011 E.03238
G1 X7.9794 Y.0147 Z15.7987 B31.017 E.02764
G1 X9.1026 Y-.3657 Z15.4491 C49161.072 B29.032 E.04260
G1 X9.9334 Y-.2663 Z15.0899 B27.055 E.03029
G1 X10.8806 Y-.1129 Z14.683 B25.089 E.03467
G1 X11.7235 Y.0169 Z14.2515 B23.133 E.03179
G1 X12.6346 Y-.4251 Z13.7695 C49163.192 B21.19 E.04042
G1 X13.4257 Y-.29 Z13.2798 B19.26 E.03127
G1 X13.9751 Z12.8025 B17.345 E.02425
G1 X14.2852 Y-.0971 Z12.7352 E.01235
G1 X14.7535 Z12.2418 B15.444 E.02264
G1 X14.9412 Y.0549 Z12.1989 E.00816
G1 X15.0622 Y.1578 Z12.1735 E.00535
G1 Y-.4862 Z12.1683 C49165.328 E.02843
G1 X15.1651 Y-.3888 Z12.1499 E.00475
G1 X15.5743 Z11.6414 B13.559 E.02171
G1 X15.6649 Y-.2345 Z11.6024 E.00609
G1 X15.7292 Y-.0852 Z11.549 E.00569
G1 X15.7861 Y.1155 Z11.4713 E.00740
G1 Y.2844 Z11.4135 E.00604
G1 X15.8416 Y-.2451 Z11.3692 C49167.478 E.02658
G1 Y.1386 Z11.2852 E.01308
G1 Y-.2368 Z11.2322 C49169.64 E.02355
G1 Z11.2301 E.00123
G1 X15.6469 Z11.4325 E.00935
G1 X15.5893 Z11.4805 E.00250
G1 Y.4389 Z11.4965 C49167.478 E.02982
G1 X15.5338 Y-.2414 Z11.5186 C49169.64 E.02993
G1 Z11.537 E.00111
G1 X15.082 Z12.0555 B15.444 E.02288
G1 Z12.0631 E.00074
G1 Y.4117 Z12.07 C49167.478 E.02884
G1 X14.8593 Y.3512 Z12.1479 E.00810
G1 X14.6467 Y.2543 Z12.2066 E.00801
G1 X14.1857 Z12.6948 B17.345 E.02234
G1 X14.0067 Y.1481 Z12.7364 E.00706
G1 X13.2268 Y-.0039 Z13.2675 B19.261 E.03179
G1 X12.2913 Y.4262 Z13.793 C49165.328 B21.19 E.04140
G1 X11.4592 Y.2862 Z14.2636 B23.133 E.03213
G1 X10.5108 Y.1281 Z14.7133 B25.089 E.03530
G1 X9.6921 Y.0321 Z15.1075 B27.055 E.03039
G1 X8.7939 Y-.0763 Z15.4736 B29.032 E.03246
G1 X7.719 Y.3459 Z15.8167 C49163.192 B31.018 E.04120
G1 X6.8909 Y.2759 Z16.095 B33.011 E.02915
G1 X5.8786 Y.1746 Z16.3469 B35.011 E.03486
G1 X4.9791 Y.1082 Z16.5548 B37.017 E.03079
G1 X3.9526 Y.024 Z16.7246 B39.027 E.03472
G1 X3.0682 Z16.8532 B41.04 E.02976
G1 X2.0586 Y-.0881 Z16.9376 B43.055 E.03390
G1 X1.0604 Y.3345 Z16.9842 C49161.072 B45.071 E.03611
G1 X.0243 Y.2674 Z16.9851 B47.086 E.03453
G1 X-.8269 Z16.9581 B49.099 E.02835
G1 X-1.6773 Y.1926 Z16.8932 B51.109 E.02848
G1 X-2.8818 Y.1067 Z16.755 B53.114 E.04043
G1 X-3.7811 Z16.605 B55.114 E.03036
G1 X-4.5814 Y.4522 Z16.4235 C49158.967 B57.108 E.03014
G1 X-4.7452 Y.0065 Z16.4056 C49161.072 E.01683
G1 X-5.6807 Y-.0496 Z16.1729 B59.093 E.03212
G1 X-6.7439 Y.2671 Z15.8661 C49158.967 B61.069 E.03916
G1 X-7.3581 Z15.6097 B63.035 E.02214
G1 X-8.3729 Y.1545 Z15.236 B64.99 E.03616
G1 X-9.2893 Y.0648 Z14.8371 B66.933 E.03338
G1 X-10.3547 Y-.0839 Z14.3588 B68.862 E.03916
G1 Y.2728 Z14.3542 C49156.881 E.01727
G1 Y-.0921 Z14.3517 C49158.967 E.01748
G1 X-10.7111 Z14.132 B70. E.01393
G1 Y.2516 Z14.128 C49156.881 E.01729
G1 Y-.107 Z14.129 C49158.967 E.01763
G1 Y.2436 Z14.1215 C49156.881 E.01748
G1 X-10.9943 Y.4456 Z14.2368 C49154.813 E.01797
G1 X-11.3472 Y.2013 Z14.4322 E.01568
G1 X-11.6797 Y-.0492 Z14.6075 E.01502
G1 X-11.9638 Y.0714 Z14.7506 C49152.765 E.01817
G1 X-12.0889 Y-.0364 Z14.8126 E.00587
G1 Y.314 Z14.8094 C49150.739 E.01839
G1 X-12.3988 Y.0297 Z14.964 E.01490
G1 X-12.6032 Y.1779 Z15.0625 C49148.734 E.01722
G1 X-12.9153 Y-.153 Z15.2121 E.01593
G1 X-13.0129 Y.0838 Z15.2565 C49146.752 E.01729
G1 X-13.2207 Y-.1593 Z15.3456 E.01104
G1 Z15.3541 E.00147
G1 Y.1236 Z15.3598 C49144.793 E.01777
G1 X-13.2729 Y.0378 Z15.3682 E.00335
G1 Y-.2025 Z15.3686 E.00799
G1 Y.0119 Z15.37 C49142.858 E.01653
G1 Y-.26 Z15.3691 E.00904
G1 Y.0214 Z15.3727 C49140.949 E.01743
G1 Y-.137 Z15.3695 E.00528
G1 Y-.2333 Z15.3553 E.00358
G1 X-13.1575 Y-.315 Z15.3289 E.00478
G1 X-12.9955 Y-.4525 Z15.2647 E.00738
G1 Y-.1239 Z15.271 C49139.051 E.01802
G1 X-12.9037 Y-.187 Z15.2407 E.00384
G1 X-12.8144 Z15.2174 E.00324
G1 X-12.7212 Z15.1909 E.00340
G1 X-12.6241 Z15.1625 E.00337
G1 X-12.5505 Y-.1274 Z15.1408 E.00323
G1 Y-.4372 Z15.1259 C49140.949 E.01727
G1 Z15.1204 E.00160
G1 X-12.432 Y.0186 Z15.1035 C49139.051 E.02082
G1 X-12.3679 Y-.2386 Z15.0801 C49140.949 E.01625
G1 X-12.3016 Y-.1609 Z15.0613 E.00345
G1 X-11.9798 Z14.96 C49142.858 E.01740
G1 X-11.7213 Y-.2224 Z14.8793 C49144.793 E.01609
G1 X-11.4716 Y-.3379 Z14.8013 C49146.752 E.01615
G1 X-11.2276 Y-.1316 Z14.7325 E.01087
G1 X-10.9877 Y-.2987 Z14.6656 C49148.734 E.01611
G1 X-10.8651 Y-.2111 Z14.641 E.00508
G1 X-10.6853 Y-.4525 Z14.613 C49150.739 E.01600
G1 X-10.1359 Y-.314 Z14.838 B68.862 E.02028
G1 X-9.2621 Y-.138 Z15.2075 B66.933 E.03209
G1 X-8.3798 Y-.3663 Z15.5548 C49152.765 B64.99 E.03391
G1 X-8.1903 Y-.293 Z15.582 E.00682
G1 Y.0938 Z15.5866 C49150.739 E.01608
G1 X-7.3667 Y-.1943 Z15.896 C49152.765 B63.035 E.03199
G1 X-6.5002 Y-.0905 Z16.1759 B61.069 E.03048
G1 X-5.4877 Y-.3619 Z16.4344 C49154.813 B59.093 E.03650
G1 X-4.5519 Y-.2663 Z16.6559 B57.107 E.03214
G1 X-3.5805 Y-.1673 Z16.8355 B55.114 E.03302
G1 X-2.5193 Y-.4988 Z17.0047 C49156.881 B53.114 E.03753
G1 Y-.0519 Z17.0146 C49154.813 E.01519
G1 X-1.6636 Y-.4406 Z17.0954 C49156.881 B51.109 E.03144
G1 X-.7642 Y-.3741 Z17.1492 B49.099 E.03005
G1 X.4657 Y-.2364 Z17.1865 B47.086 E.04118
G1 X1.3184 Y-.1829 Z17.1716 B45.071 E.02842
G1 X2.4046 Y-.0713 Z17.1312 B43.055 E.03634
G1 X3.2212 Y-.521 Z17.0334 C49158.967 B41.04 E.03143
G1 X4.3273 Y-.4011 Z16.8985 B39.027 E.03727
G1 X5.3221 Y-.302 Z16.7291 B37.017 E.03373
G1 X6.2765 Y-.205 Z16.5144 B35.011 E.03270
G1 X7.2304 Y-.0987 Z16.265 B33.011 E.03298
G1 X7.9293 Z15.9935 B31.017 E.02498
G1 X9.0414 Y-.4485 Z15.6462 C49161.072 B29.032 E.04195
G1 X9.9019 Y-.3437 Z15.2854 B27.055 E.03123
G1 X10.7026 Y-.2501 Z14.8964 B25.089 E.02977
G1 X11.4241 Y-.1724 Z14.4873 B23.133 E.02771
G1 X11.649 Y-.087 Z14.4536 E.00808
G1 X12.3175 Y-.0156 Z14.0188 B21.19 E.02663
G1 X12.4321 Z13.9998 E.00417
G1 X12.5683 Y-.5294 Z13.9737 C49163.192 E.02351
G1 X13.144 Z13.5225 B19.26 E.02437
G1 X13.4139 Y-.3551 Z13.4757 E.01080
G1 X13.5137 Y-.2998 Z13.4615 E.00382
G1 X14.0074 Z12.9936 B17.345 E.02264
G1 X14.2337 Y-.1145 Z12.9433 E.00987
G1 X14.3463 Y-.0164 Z12.9093 E.00509
G1 X14.8025 Z12.417 B15.444 E.02234
G1 X14.9229 Y.1488 Z12.3673 E.00700
G1 X14.9911 Y.2473 Z12.3311 E.00416
G1 Y-.3777 Z12.3161 C49165.328 E.02790
G1 X15.1174 Y-.1661 Z12.2259 E.00873
G1 X15.5699 Y-.0289 Z11.6674 B13.559 E.02434
G1 Y.1061 Z11.6117 E.00509
G1 X15.6844 Y-.2696 Z11.513 C49167.478 E.02376
G1 Y.0003 Z11.449 E.00926
G1 Y.2678 Z11.399 E.00911
G1 X15.5746 Z11.5318 E.00578
G1 X15.1056 Z12.0986 B15.444 E.02450
G1 X14.9338 Y.1985 Z12.2304 E.00756
G1 X14.7314 Z12.3407 E.00784
G1 X14.681 Y.1343 Z12.3625 E.00281
G1 X14.2274 Z12.8523 B17.345 E.02221
G1 X13.9905 Y.039 Z12.9253 E.00883
G1 X13.8672 Y-.0119 Z12.9579 E.00457
G1 X13.3411 Z13.4296 B19.261 E.02353
G1 X13.0761 Y-.156 Z13.4862 E.01021
G1 X12.3538 Y.3701 Z13.9678 C49165.328 B21.19 E.03712
G1 X11.3387 Y.1668 Z14.473 B23.133 E.03831
G1 X10.4931 Y.0501 Z14.9047 B25.089 E.03182
G1 X9.6824 Y-.0386 Z15.2971 B27.055 E.03010
G1 X8.7302 Y-.1595 Z15.6688 B29.032 E.03423
G1 X7.8586 Y.3242 Z15.9904 C49163.192 B31.018 E.03618
G1 X6.7918 Y.1931 Z16.2906 B33.011 E.03712
G1 X6.0842 Z16.525 B35.011 E.02481
G1 X4.9559 Y.047 Z16.7427 B37.017 E.03853
G1 X3.9424 Y-.0309 Z16.9111 B39.027 E.03427
G1 X2.9669 Y-.0966 Z17.0392 B41.04 E.03280
G1 X2.0274 Y.3447 Z17.122 C49161.072 B43.055 E.03472
G1 X1.0419 Y.2791 Z17.1718 B45.071 E.03289
G1 X.0264 Y.213 Z17.1738 B47.086 E.03385
G1 X-.8501 Z17.1449 B49.099 E.02920
G1 X-1.7007 Y.1343 Z17.079 B51.109 E.02850
G1 X-2.8873 Y.0466 Z16.9409 B53.114 E.03984
G1 X-3.8278 Y.4262 Z16.7812 C49158.967 B55.114 E.03447
G1 X-4.7001 Y-.0492 Z16.6 C49161.072 B57.108 E.03408
G1 X-4.7526 Y.3654 Z16.5885 C49158.967 E.01508
G1 X-5.782 Y.2799 Z16.3405 B59.093 E.03533
G1 X-6.5731 Z16.0872 B61.069 E.02766
G1 X-7.3886 Y.1858 Z15.7903 B63.035 E.02903
G1 X-8.296 Y.1058 Z15.4414 B64.99 E.03244
G1 X-9.2229 Y.0134 Z15.0398 B66.933 E.03374
G1 X-9.466 Y.3234 Z14.9754 C49156.881 E.01755
G1 X-10.2109 Y-.116 Z14.5833 C49158.967 B68.862 E.03392
G1 Y.2495 Z14.5788 C49156.881 E.01735
G1 X-10.7084 Y.188 Z14.3194 B70. E.01877
G1 X-11.0043 Y-.0023 Z14.4729 E.01277
G1 X-11.2976 Y.1533 Z14.628 C49154.813 E.01824
G1 X-11.4496 Y.4043 Z14.6997 C49152.765 E.01692
G1 X-11.8522 Y.0788 Z14.9142 E.01864
G1 Y.4355 Z14.907 C49150.739 E.01831
G1 X-11.9604 Y-.0164 Z14.9689 C49152.765 E.02100
G1 X-12.2351 Y.096 Z15.1018 C49150.739 E.01800
G1 X-12.5573 Z15.2571 C49148.734 E.01889
G1 X-12.8145 Y-.1409 Z15.3813 E.01234
G1 X-12.9805 Y.0257 Z15.4582 C49146.752 E.01705
G1 X-13.1644 Y-.1937 Z15.5342 E.00985
G1 Y.1234 Z15.5421 C49144.793 E.01832
G1 Y.0384 Z15.552 E.00314
G1 Y-.0851 Z15.5539 E.00436
G1 Y.2077 Z15.5526 C49142.858 E.01777
G1 Y-.2009 Z15.5532 C49144.793 E.02014
G1 Y.0215 Z15.5548 C49142.858 E.01660
G1 Y-.2881 Z15.5534 E.01040
G1 Y.0254 Z15.5573 C49140.949 E.01799
G1 Y-.122 Z15.5554 E.00505
G1 Y-.2148 Z15.5447 E.00312
G1 X-13.1042 Y-.3051 Z15.5189 E.00371
G1 X-12.9235 Y-.4585 Z15.4476 E.00823
G1 Y-.1377 Z15.4475 C49139.051 E.01782
G1 X-12.8131 Y-.1926 Z15.4216 E.00419
G1 X-12.7216 Z15.3954 E.00327
G1 X-12.632 Z15.3696 E.00316
G1 X-12.5481 Z15.3452 E.00295
G1 X-12.4755 Y-.1151 Z15.3236 E.00361
G1 Y-.4302 Z15.309 C49140.949 E.01731
G1 X-12.2492 Y-.179 Z15.2508 E.01141
G1 X-11.9616 Z15.1595 C49142.858 E.01664
G1 X-11.7278 Y-.3028 Z15.0854 C49144.793 E.01604
G1 X-11.4554 Y-.0457 Z15.0073 E.01273
G1 X-11.2084 Y-.183 Z14.9313 C49146.752 E.01604
G1 X-10.8973 Y.0608 Z14.8504 E.01342
G1 X-10.6824 Y-.1516 Z14.8177 C49148.734 E.01591
G1 X-10.1601 Y-.3867 Z15.0238 C49150.739 B68.862 E.02345
G1 X-10.0952 Y.0159 Z15.0373 C49148.734 E.01795
G1 X-9.1841 Y-.1599 Z15.4099 C49150.739 B66.933 E.03493
G1 X-8.2392 Y-.3713 Z15.763 C49152.765 B64.99 E.03562
G1 X-8.1617 Y.0482 Z15.7816 C49150.739 E.01714
G1 X-7.355 Y-.2475 Z16.0866 C49152.765 B63.035 E.03154
G1 X-6.4074 Y-.1144 Z16.3797 B61.069 E.03329
G1 X-5.4402 Y-.4042 Z16.632 C49154.813 B59.093 E.03522
G1 X-4.5705 Y-.3257 Z16.8436 B57.107 E.02988
G1 X-3.5981 Y-.2241 Z17.0281 B55.114 E.03309
G1 X-2.515 Y-.1045 Z17.2019 B53.114 E.03670
G1 X-1.5145 Y-.4587 Z17.2939 C49156.881 B51.109 E.03548
G1 X-.6782 Y-.4079 Z17.3465 B49.099 E.02792
G1 X.4107 Y-.2985 Z17.3773 B47.086 E.03641
G1 X1.3043 Y-.2354 Z17.3631 B45.071 E.02980
G1 X2.3043 Y-.1447 Z17.3173 B43.055 E.03343
G1 X3.3102 Y-.0482 Z17.2317 B41.04 E.03373
G1 X4.2364 Y-.4762 Z17.091 C49158.967 B39.027 E.03464
G1 X4.3387 Y.0664 Z17.0954 C49156.881 E.01910
G1 X5.0193 Y-.4332 Z16.9245 C49158.967 B37.017 E.02929
G1 X6.0741 Y-.3167 Z16.7162 B35.011 E.03597
G1 X6.9303 Y-.2419 Z16.4715 B33.011 E.02972
G1 X7.2254 Y-.1567 Z16.4571 E.01023
G1 X7.9326 Z16.1865 B31.017 E.02522
G1 X8.1722 Y-.0365 Z16.169 E.00893
G1 X8.8214 Z15.867 B29.032 E.02384
G1 X8.9021 Y.0247 Z15.859 E.00338
G1 X8.9747 Y-.5201 Z15.8467 C49161.072 E.02133
G1 X9.0757 Z15.8382 E.00358
G1 X9.7172 Y-.4487 Z15.5043 B27.055 E.02417
G1 X9.9751 Y-.3463 Z15.4731 E.00929
G1 X10.6024 Z15.1063 B25.089 E.02420
G1 X10.9271 Y-.1655 Z15.0626 E.01245
G1 X11.5377 Z14.6652 B23.133 E.02427
G1 X11.8061 Y.0052 Z14.6206 E.01068
G1 X12.3618 Z14.2018 B21.19 E.02316
G1 X12.5162 Y.1148 Z14.1736 E.00637
G1 Y-.482 Z14.1616 C49163.192 E.02519
G1 X12.6376 Z14.148 E.00426
G1 X13.1857 Y-.4018 Z13.6983 B19.26 E.02373
G1 X13.3879 Y-.2701 Z13.6471 E.00821
G1 X13.4803 Y-.1964 Z13.622 E.00402
G1 X13.9758 Z13.1483 B17.345 E.02283
G1 X14.1307 Y-.0133 Z13.0809 E.00829
G1 X14.3016 Y.1891 Z12.9813 E.00941
G1 X14.7962 Y.28 Z12.4515 B15.444 E.02430
G1 Y-.3119 Z12.4182 C49165.328 E.02697
G1 X14.9912 Y-.017 Z12.2954 E.01245
G1 X15.0882 Y.2547 Z12.1961 E.01015
G1 X15.5481 Y-.1267 Z11.6067 C49167.478 B13.559 E.03400
G1 Y.0446 Z11.5742 E.00581
G1 X14.9079 Y-.0062 Z12.2787 B15.444 E.03171
G1 X14.8058 Z12.353 E.00427
G1 X14.3212 Z12.8775 B17.345 E.02378
G1 X14.1023 Y-.0937 Z13.0067 E.00894
G1 X13.9194 Z13.0893 E.00688
G1 X13.4374 Y-.1517 Z13.558 B19.261 E.02244
G1 X13.1739 Y-.2306 Z13.6395 E.00954
G1 X13.1202 Y.3892 Z13.6528 C49165.328 B19.26 E.02640
G1 X13.0498 Z13.6717 E.00256
G1 X12.4938 Y.3344 Z14.123 B21.19 E.02389
G1 X12.1848 Y.2152 Z14.1918 E.01125
G1 X11.5524 Y.1628 Z14.6205 B23.133 E.02547
G1 X11.376 Y.1008 Z14.654 E.00632
G1 X10.6429 Y.0258 Z15.0684 B25.089 E.02812
G1 X9.8841 Y-.0491 Z15.4555 B27.055 E.02844
G1 X9.6235 Y-.1278 Z15.4933 E.00914
G1 X8.7436 Y.3541 Z15.8527 C49163.192 B29.032 E.03707
G1 X7.8302 Y.2538 Z16.1813 B31.018 E.03246
G1 X6.8261 Y.1425 Z16.4755 B33.011 E.03500
G1 X5.9534 Y.0756 Z16.7192 B35.011 E.03022
G1 X4.9729 Y-.0051 Z16.9291 B37.017 E.03346
G1 X4.0517 Y-.0677 Z17.0977 B39.027 E.03122
G1 X3.0826 Y-.1354 Z17.2253 B41.04 E.03259
G1 X2.033 Y.2937 Z17.3112 C49161.072 B43.055 E.03791
G1 X1.3517 Z17.3695 B45.071 E.02275
G1 X.0326 Y.1594 Z17.3613 B47.086 E.04410
G1 X-.8388 Z17.3327 B49.099 E.02903
G1 X-1.7335 Y.0722 Z17.2638 B51.109 E.02999
G1 X-2.6329 Y.4792 Z17.1512 C49158.967 B53.114 E.03321
G1 X-3.5317 Y-.0202 Z17.0101 C49161.072 B55.114 E.03479
G1 X-4.674 Y-.109 Z16.7889 B57.108 E.03881
G1 X-5.5873 Y.2575 Z16.5595 C49158.967 B59.093 E.03430
G1 X-6.6465 Y.1589 Z16.2582 B61.069 E.03677
G1 X-7.4127 Z15.9728 B63.035 E.02723
G1 X-8.5932 Y.358 Z15.5486 C49156.881 B64.99 E.04351
G1 X-9.3988 Y-.1036 Z15.1819 C49158.967 B66.933 E.03510
G1 X-10.367 Y.1374 Z14.725 C49156.881 B68.862 E.03860
G1 X-10.7985 Y.0507 Z14.5839 B70. E.01537
G1 Y.4153 Z14.5789 C49154.813 E.01776
G1 Y.0307 Z14.6007 C49156.881 E.01826
G1 X-11.0885 Y.2239 Z14.7348 C49154.813 E.01821
G1 X-11.3649 Y.0186 Z14.8867 E.01251
G1 Y.375 Z14.8884 C49152.765 E.01799
G1 X-11.6509 Y.16 Z15.0292 E.01279
G1 X-11.7923 Y.4097 Z15.094 C49150.739 E.01698
G1 X-11.972 Y-.116 Z15.1898 C49152.765 E.02345
G1 X-12.1825 Y.0548 Z15.2948 C49150.739 E.01728
G1 X-12.4159 Y.189 Z15.4062 C49148.734 E.01740
G1 X-12.5873 Y.0097 Z15.4915 E.00872
G1 X-12.8639 Y.0635 Z15.6208 C49146.752 E.01804
G1 X-13.076 Y-.1844 Z15.7102 E.01125
G1 Z15.7194 E.00139
G1 Y.1093 Z15.727 C49144.793 E.01784
G1 X-13.1366 Y.0327 Z15.7365 E.00326
G1 Y-.2398 Z15.7371 E.00906
G1 Y-.0913 Z15.7395 C49142.858 E.01556
G1 Y-.2666 Z15.7383 E.00583
G1 Y.0154 Z15.7422 C49140.949 E.01732
G1 Y-.133 Z15.7396 E.00494
G1 Y-.2112 Z15.7309 E.00277
G1 X-13.0479 Y-.2968 Z15.7079 E.00417
G1 X-12.8641 Y-.4537 Z15.6357 E.00839
G1 Y-.1262 Z15.6355 C49139.051 E.01790
G1 X-12.7544 Y-.1839 Z15.6096 E.00421
G1 X-12.6764 Z15.5869 E.00284
G1 X-12.5784 Z15.5589 E.00350
G1 X-12.4939 Z15.5343 E.00293
G1 X-12.4147 Y-.1177 Z15.5107 E.00352
G1 Y-.4439 Z15.4967 C49140.949 E.01748
G1 X-12.2432 Y-.2526 Z15.4536 E.00866
G1 X-11.8994 Z15.3465 C49142.858 E.01788
G1 X-11.609 Y.0933 Z15.2587 E.01530
G1 X-11.5091 Y-.1643 Z15.2274 C49144.793 E.01590
G1 X-11.2962 Y-.3285 Z15.1593 C49146.752 E.01582
G1 X-11.0333 Y-.1063 Z15.0865 E.01170
G1 X-10.7708 Y.0949 Z15.0256 E.01119
G1 X-10.6556 Y-.1925 Z15.0101 C49148.734 E.01602
G1 X-10.1977 Y-.0981 Z15.2186 B68.862 E.01702
G1 Y-.4621 Z15.2107 C49150.739 E.01697
G1 X-10.0557 Y-.0176 Z15.2318 C49148.734 E.01945
G1 X-9.2734 Y-.2618 Z15.5845 C49150.739 B66.933 E.03158
G1 X-9.006 Y-.1373 Z15.6302 E.00993
G1 X-8.1212 Y-.3851 Z15.9731 C49152.765 B64.99 E.03399
G1 X-7.3669 Y-.3102 Z16.2735 B63.035 E.02712
G1 X-6.3811 Y-.1616 Z16.5735 B61.069 E.03463
G1 X-5.4996 Y-.4813 Z16.8118 C49154.813 B59.093 E.03284
G1 X-5.3515 Y-.0134 Z16.8416 C49152.765 E.01755
G1 X-4.6169 Y-.3967 Z17.0271 C49154.813 B57.107 E.02877
G1 X-3.7216 Y.1217 Z17.2049 C49152.765 B55.114 E.03519
G1 X-2.5187 Y-.1579 Z17.3916 C49154.813 B53.114 E.04165
G1 X-1.5369 Y-.5197 Z17.4825 C49156.881 B51.109 E.03499
G1 X-.6364 Y-.4521 Z17.5389 B49.099 E.03009
G1 X.4156 Y-.3498 Z17.5693 B47.086 E.03517
G1 X1.4237 Y-.258 Z17.5599 B45.071 E.03367
G1 X2.3861 Y-.1745 Z17.5134 B43.055 E.03217
G1 X3.243 Y-.1159 Z17.4216 B41.04 E.02873
G1 X4.1488 Y-.0382 Z17.29 B39.027 E.03055
G1 X4.3001 Y-.5187 Z17.2837 C49158.967 E.01756
G1 X5.0344 Y.0366 Z17.122 C49156.881 B37.017 E.03168
G1 X5.1204 Y-.4643 Z17.1141 C49158.967 E.01802
G1 X5.3357 Y-.4044 Z17.1142 E.00743
G1 X6.0027 Z16.9141 B35.011 E.02317
G1 X6.2638 Y-.2932 Z16.9031 E.00944
G1 X6.9296 Z16.6685 B33.011 E.02350
G1 X7.2467 Y-.1325 Z16.6483 E.01184
G1 X7.8916 Z16.3799 B31.017 E.02325
G1 X8.1665 Y.0274 Z16.3491 E.01063
G1 X8.7956 Z16.0461 B29.032 E.02325
G1 Y.0787 Z16.0399 E.00223
G1 X8.9057 Y-.4597 Z16.0252 C49161.072 E.02129
G1 X9.085 Y-.3752 Z15.9983 E.00665
G1 X9.7137 Z15.6611 B27.055 E.02376
G1 X10.0098 Y-.1917 Z15.6044 E.01174
G1 X10.6603 Y-.1346 Z15.227 B25.089 E.02509
G1 X10.8003 Y-.0651 Z15.1969 E.00529
G1 X11.4831 Y.0189 Z14.7792 B23.133 E.02677
G1 X11.6336 Y.0977 Z14.7456 E.00576
G1 X12.3109 Y.195 Z14.295 B21.19 E.02725
G1 X12.4715 Y-.3331 Z14.2519 C49163.192 E.02398
G1 X12.5646 Y-.2761 Z14.2273 E.00372
G1 X13.1726 Y-.1923 Z13.7513 B19.26 E.02583
G1 X13.2903 Y-.1063 Z13.7081 E.00506
G1 X13.453 Y.0404 Z13.6393 E.00764
G1 X14.0632 Y.1942 Z13.1017 B17.345 E.02753
G1 X14.2575 Y-.2126 Z12.9848 C49165.328 E.02350
G1 X14.7548 Y-.0955 Z12.4541 B15.444 E.02450
G1 X14.8902 Y.2008 Z12.3394 E.01149
G1 X14.9574 Y-.2451 Z12.2686 C49167.478 E.02406
G1 Y-.1929 Z12.2557 E.00183
G1 X14.2813 Y-.2522 Z12.9184 B17.345 E.03155
G1 X14.0498 Y-.3081 Z13.0547 E.00913
G1 X13.4524 Y.3015 Z13.5906 C49165.328 B19.26 E.03749
G1 X13.1117 Y.2003 Z13.7449 E.01289
G1 X12.5061 Z14.2221 B21.19 E.02568
G1 X12.2595 Y.0766 Z14.2966 E.00951
G1 X11.6048 Y.0257 Z14.7408 B23.133 E.02637
G1 X11.4265 Y-.0298 Z14.781 E.00635
G1 X10.738 Y-.0833 Z15.1955 B25.089 E.02679
G1 X10.625 Z15.2184 E.00400
G1 X9.9255 Y-.1619 Z15.6047 B27.055 E.02671
G1 X9.6965 Y-.2206 Z15.6451 E.00798
G1 X9.0411 Y.3437 Z15.9854 C49163.192 B29.032 E.03288
G1 X8.7277 Y.2611 Z16.0341 E.01090
G1 X8.053 Z16.34 B31.018 E.02465
G1 X7.7524 Y.1642 Z16.3764 E.01057
G1 X7.0611 Z16.6435 B33.011 E.02467
G1 X6.8626 Y.0906 Z16.6597 E.00706
G1 X6.1896 Z16.8928 B35.011 E.02370
G1 X5.9809 Y.0224 Z16.9039 E.00731
G1 X4.9623 Y-.067 Z17.1171 B37.017 E.03474
G1 X4.1272 Z17.2829 B39.027 E.02836
G1 X3.0084 Y.3054 Z17.4111 C49161.072 B41.04 E.03962
G1 X2.0164 Y.2346 Z17.4983 B43.055 E.03321
G1 X1.042 Y.1687 Z17.547 B45.071 E.03252
G1 X.0665 Y.1071 Z17.5505 B47.086 E.03251
G1 X-.8693 Y.0544 Z17.5181 B49.099 E.03119
G1 X-1.7397 Z17.4497 B51.109 E.02907
G1 X-2.66 Y-.0393 Z17.341 B53.114 E.03098
G1 X-3.8515 Y.3064 Z17.1526 C49158.967 B55.114 E.04200
G1 X-4.7395 Y.2493 Z16.9633 B57.108 E.03026
G1 X-5.7795 Y.1564 Z16.7134 B59.093 E.03571
G1 X-7.3696 Y.06 Z16.1689 B63.035 E.05599
G1 X-7.4361 Z16.1533 E.00233
G1 X-8.5771 Y-.097 Z15.7416 B64.99 E.04068
G1 X-9.3664 Y.2224 Z15.3743 C49156.881 B66.933 E.03286
G1 X-10.3156 Y.0853 Z14.9254 B68.862 E.03522
G1 Y.4588 Z14.9152 C49154.813 E.01755
G1 Y.083 Z14.9233 C49156.881 E.01760
G1 Y.4563 Z14.9133 C49154.813 E.01755
G1 Y.0679 Z14.9319 C49156.881 E.01794
G1 X-10.7404 Y.0075 Z14.773 B70. E.01522
G1 Y.3801 Z14.7685 C49154.813 E.01789
G1 X-10.7985 Y-.0305 Z14.8036 C49156.881 E.01896
G1 X-11.0324 Y.1831 Z14.927 C49154.813 E.01741
G1 X-11.3925 Y-.0909 Z15.1184 E.01634
G1 X-11.4983 Y.2017 Z15.1701 C49152.765 E.01723
G1 X-11.8031 Y-.0593 Z15.3256 E.01431
G1 X-12.0927 Y.0493 Z15.469 C49150.739 E.01819
G1 X-12.3669 Y.1483 Z15.6007 C49148.734 E.01790
G1 X-12.5564 Y.3171 Z15.6885 C49146.752 E.01699
G1 X-12.9106 Y-.0849 Z15.8551 E.01866
G1 X-13.0076 Y-.2015 Z15.8941 E.00521
G1 Y.1232 Z15.9066 C49144.793 E.01834
G1 X-13.0694 Y.0226 Z15.9212 E.00396
G1 Y-.2817 Z15.9211 E.01012
G1 Y-.1167 Z15.9241 C49142.858 E.01567
G1 Y-.3091 Z15.9224 E.00640
G1 Y-.0124 Z15.9272 C49140.949 E.01753
G1 Y-.1512 Z15.9234 E.00462
G1 Z15.921 E.00091
G1 Y.1506 Z15.9182 C49139.051 E.01757
G1 Y-.2252 Z15.9134 C49140.949 E.01910
G1 X-12.9843 Y-.2959 Z15.8942 E.00374
G1 X-12.7754 Y-.4743 Z15.8121 E.00954
G1 Y-.1377 Z15.8134 C49139.051 E.01800
G1 X-12.6723 Z15.7894 E.00387
G1 X-12.5788 Y-.2093 Z15.7638 E.00401
G1 X-12.4986 Z15.7406 E.00279
G1 X-12.416 Z15.7164 E.00314
G1 X-12.3606 Y-.1276 Z15.7 E.00333
G1 Y-.4592 Z15.6848 C49140.949 E.01755
G1 X-12.0993 Y-.1619 Z15.6166 E.01336
G1 X-11.7764 Z15.5151 C49142.858 E.01724
G1 X-11.502 Y-.2319 Z15.4297 C49144.793 E.01624
G1 X-11.2406 Y-.3513 Z15.3489 C49146.752 E.01619
G1 X-10.9816 Y-.13 Z15.2767 E.01158
G1 X-10.8215 Y-.3721 Z15.2258 C49148.734 E.01585
G1 X-10.6032 Y-.2165 Z15.1958 E.00897
G1 X-10.1353 Y-.1192 Z15.4114 B68.862 E.01744
G1 X-9.2933 Y-.3306 Z15.7667 C49150.739 B66.933 E.03302
G1 X-8.2385 Y-.0938 Z16.1455 B64.99 E.03810
G1 X-7.2051 Y-.309 Z16.4886 C49152.765 B63.035 E.03788
G1 X-6.4095 Y-.2283 Z16.758 B61.069 E.02807
G1 X-5.6232 Y-.1585 Z16.9905 B59.093 E.02737
G1 X-4.6442 Y-.0324 Z17.2189 B57.107 E.03370
G1 X-3.6559 Y-.35 Z17.396 C49154.813 B55.114 E.03530
G1 Y.0938 Z17.4007 C49152.765 E.01539
G1 Y-.3453 Z17.398 C49154.813 E.01525
G1 X-2.5384 Y-.2174 Z17.5823 B53.114 E.03791
G1 X-1.6561 Y-.1445 Z17.6738 B51.109 E.02960
G1 X-.749 Y-.067 Z17.7261 B49.099 E.03033
G1 X.1503 Y-.4696 Z17.7445 C49156.881 B47.086 E.03278
G1 X.4305 Y.0855 Z17.7601 C49154.813 E.02070
G1 X1.1727 Y-.3725 Z17.7342 C49156.881 B45.071 E.02906
G1 X1.3816 Y-.3216 Z17.7468 E.00716
G1 X2.1619 Z17.6911 B43.055 E.02605
G1 X2.4099 Y-.2218 Z17.7045 E.00890
G1 X3.0937 Z17.6111 B41.04 E.02296
G1 X3.3746 Y-.1152 Z17.6207 E.01000
G1 X4.0447 Z17.4898 B39.027 E.02271
G1 X4.3348 Y.0173 Z17.4765 E.01062
G1 Y-.4915 Z17.4708 C49158.967 E.01777
G1 X5.035 Z17.3056 B37.017 E.02394
G1 X5.09 Y.0833 Z17.3092 C49156.881 E.02017
G1 Y-.4392 Z17.3048 C49158.967 E.01845
G1 X5.3375 Y-.3255 Z17.2899 E.00907
G1 X5.9923 Z17.0876 B35.011 E.02281
G1 X6.2651 Y-.172 Z17.0478 E.01050
G1 X6.9377 Z16.8057 B33.011 E.02382
G1 X7.1686 Y-.0001 Z16.7625 E.00968
G1 X7.8629 Y.0607 Z16.4774 B31.017 E.02505
G1 X7.9805 Y.1263 Z16.4472 E.00459
G1 X8.1147 Y-.3686 Z16.413 C49161.072 B31.018 E.01977
G1 X8.8178 Y-.2997 Z16.0886 B29.032 E.02586
G1 X9.0193 Y-.1975 Z16.0435 E.00766
G1 X9.8133 Y-.0765 Z15.6609 B27.055 E.02959
G1 X10.5949 Y.0474 Z15.2523 B25.089 E.02962
G1 X11.556 Y-.3327 Z14.7636 C49163.192 B23.133 E.04060
G1 X12.5858 Y-.0466 Z14.219 B21.19 E.03990
G1 X13.255 Y.1152 Z13.7142 B19.26 E.02840
G1 X13.3971 Y.2455 Z13.6515 E.00674
G1 X13.9607 Y-.2849 Z13.1406 C49165.328 B17.345 E.03537
G1 X14.0687 Y-.1738 Z13.0805 E.00553
G1 X14.2131 Y.0712 Z12.9877 E.00995
G1 X14.2697 Y.2034 Z12.9432 E.00500
G1 X14.0143 Y.1308 Z13.0891 E.01008
G1 X13.3266 Y.0635 Z13.6611 B19.26 E.02984
G1 X12.6114 Y-.0117 Z14.1935 B21.19 E.02976
G1 X12.3028 Y-.1091 Z14.2933 E.01126
G1 X11.425 Y-.2296 Z14.7964 B23.133 E.03389
G1 X10.5384 Y-.3355 Z15.2641 B25.089 E.03353
G1 X9.6703 Y.1758 Z15.697 C49163.192 B27.055 E.03839
G1 X8.8405 Y.1097 Z16.0844 B29.032 E.03054
G1 X8.0618 Z16.4258 B31.018 E.02832
G1 X7.8464 Y.0271 Z16.4748 E.00785
G1 X7.1579 Z16.7563 B33.011 E.02475
G1 X6.8657 Y-.033 Z16.8085 E.01007
G1 X6.203 Z17.0457 B35.011 E.02341
G1 X5.8945 Y-.0837 Z17.0834 E.01047
G1 X5.2218 Z17.2836 B37.017 E.02335
G1 X4.918 Y-.1428 Z17.305 E.01032
G1 X4.2481 Y.3829 Z17.4649 C49161.072 B39.027 E.02929
G1 Y-.1597 Z17.4683 C49163.192 E.01885
G1 X4.1497 Y.3627 Z17.4667 C49161.072 E.01841
G1 X4.0401 Z17.4671 E.00373
G1 X3.1439 Y.2799 Z17.5975 B41.04 E.03025
G1 X2.0395 Y.1826 Z17.6857 B43.055 E.03699
G1 X1.1474 Y.1303 Z17.7368 B45.071 E.02977
G1 X.0666 Y.0478 Z17.7366 B47.086 E.03605
G1 X-.8688 Y.4706 Z17.6977 C49158.967 B49.099 E.03419
G1 X-1.6964 Y-.0405 Z17.64 C49161.072 B51.109 E.03247
G1 Y.4211 Z17.6305 C49158.967 E.01559
G1 X-1.7874 Y-.057 Z17.6315 C49161.072 E.01634
G1 X-2.6632 Z17.5266 B53.114 E.02937
G1 X-3.8393 Y.2475 Z17.3407 C49158.967 B55.114 E.04115
G1 X-4.777 Y.1783 Z17.146 B57.108 E.03194
G1 X-5.789 Y.0882 Z16.8973 B59.093 E.03479
G1 X-6.5809 Z16.6442 B61.069 E.02769
G1 X-7.4601 Y-.0281 Z16.3347 B63.035 E.03124
G1 X-8.5591 Y.236 Z15.9286 C49156.881 B64.99 E.04127
G1 X-9.4965 Y.1139 Z15.5249 B66.933 E.03419
G1 X-10.1172 Z15.1675 B68.862 E.02385
G1 Y.4676 Z15.1572 C49154.813 E.01692
G1 Y.0755 Z15.1604 C49156.881 E.01784
G1 X-10.1677 Z15.1534 E.00172
G1 Y.4502 Z15.1437 C49154.813 E.01746
G1 Y.0647 Z15.1513 C49156.881 E.01771
G1 Y.4463 Z15.1408 C49154.813 E.01763
G1 Y.0535 Z15.1422 C49156.881 E.01793
G1 X-10.2893 Z15.1219 E.00422
G1 X-10.7249 Y-.0643 Z14.9847 B70. E.01569
G1 Y.3114 Z14.9863 C49154.813 E.01795
G1 Y-.0851 Z15.0017 C49156.881 E.01847
G1 X-11.0558 Y.082 Z15.163 C49154.813 E.01889
G1 X-11.4105 Y.1885 Z15.3451 C49152.765 E.01930
G1 X-11.6065 Y.4062 Z15.4369 C49150.739 E.01705
G1 X-11.795 Y-.1433 Z15.5403 C49152.765 E.02403
G1 Y.205 Z15.558 C49150.739 E.01813
G1 X-12.1671 Y.2624 Z15.7186 C49148.734 E.01965
G1 X-12.4891 Y-.0762 Z15.88 E.01644
G1 X-12.6764 Y.0911 Z15.9638 C49146.752 E.01704
G1 X-12.9379 Y-.2166 Z16.0778 E.01395
G1 Y.1284 Z16.0867 C49144.793 E.01867
G1 X-12.9928 Y.0485 Z16.1022 E.00327
G1 Y-.0511 Z16.108 E.00335
G1 Y-.2397 Z16.1069 E.00629
G1 Y-.0194 Z16.1089 C49142.858 E.01634
G1 Y-.2976 Z16.1078 E.00926
G1 Y.0046 Z16.1122 C49140.949 E.01756
G1 Y-.1425 Z16.1094 E.00489
G1 Y-.2385 Z16.0963 E.00338
G1 X-12.9101 Y-.3057 Z16.0768 E.00360
G1 X-12.8476 Y-.3598 Z16.053 E.00286
G1 Y-.019 Z16.0502 C49139.051 E.01815
G1 X-12.7957 Y-.4035 Z16.0327 C49140.949 E.01913
G1 Z16.016 E.00190
G1 Y-.0798 Z16.0234 C49139.051 E.01781
G1 X-12.7278 Y-.4605 Z16.0055 C49140.949 E.01904
G1 Z15.9975 E.00089
G1 Y-.1349 Z15.9979 C49139.051 E.01779
G1 X-12.6046 Z15.9751 E.00445
G1 X-12.5007 Y-.2057 Z15.9465 E.00429
G1 X-12.4 Z15.9173 E.00353
G1 X-12.3176 Y-.1445 Z15.8929 E.00351
G1 Z15.8869 E.00088
G1 Y-.467 Z15.8718 C49140.949 E.01736
G1 X-12.0857 Y-.2273 Z15.8177 E.01124
G1 X-11.919 Y-.3899 Z15.7611 C49142.858 E.01543
G1 X-11.7288 Y-.1771 Z15.7066 E.00967
G1 X-11.4752 Y-.2809 Z15.627 C49144.793 E.01601
G1 X-11.2086 Y-.3971 Z15.5435 C49146.752 E.01625
G1 X-10.9503 Y-.1701 Z15.4718 E.01168
G1 X-10.731 Y-.3725 Z15.4101 C49148.734 E.01598
G1 X-10.5623 Y-.2507 Z15.3891 E.00695
G1 X-10.024 Y-.1123 Z15.6137 B68.862 E.01994
G1 X-9.2749 Y-.3857 Z15.9574 C49150.739 B66.933 E.03084
G1 X-8.2298 Y-.1488 Z16.3364 B64.99 E.03781
G1 X-7.3114 Y-.4106 Z16.6586 C49152.765 B63.035 E.03461
G1 X-7.2323 Y.0359 Z16.6778 C49150.739 E.01733
G1 X-6.5748 Y-.3506 Z16.9215 C49152.765 B61.069 E.02773
G1 X-5.62 Y-.2172 Z17.1797 B59.093 E.03320
G1 X-4.4647 Y-.4694 Z17.4227 C49154.813 B57.107 E.04050
G1 X-3.6577 Y.0343 Z17.5896 C49152.765 B55.114 E.03242
G1 Y-.4092 Z17.5854 C49154.813 E.01539
G1 Y.0413 Z17.5921 C49152.765 E.01562
G1 X-2.464 Y-.252 Z17.7795 C49154.813 B53.114 E.04146
G1 X-1.4996 Y-.1542 Z17.8733 B51.109 E.03239
G1 X-.6327 Y-.0885 Z17.9238 B49.099 E.02896
G1 X-.5257 Z17.932 E.00371
G1 X.1675 Y-.524 Z17.9344 C49156.881 B47.086 E.02724
G1 Y-.0345 Z17.9427 C49154.813 E.01631
G1 X.242 Y-.5049 Z17.9379 C49156.881 E.01586
G1 Y-.0175 Z17.9451 C49154.813 E.01622
G1 X.3471 Y-.4775 Z17.9428 C49156.881 E.01571
G1 Y.0224 Z17.9509 C49154.813 E.01671
G1 X.4599 Y-.4478 Z17.9493 C49156.881 E.01610
G1 X1.166 Z17.9248 B45.071 E.02351
G1 X1.4162 Y-.3435 Z17.944 E.00904
G1 X2.1008 Z17.8842 B43.055 E.02287
G1 X2.401 Y-.1875 Z17.8921 E.01126
G1 Z17.893 E.00095
G1 X3.0859 Z17.796 B41.04 E.02302
G1 X3.3549 Y-.0106 Z17.7797 E.01072
G1 X3.4135 Z17.7719 E.00226
G1 X4.0883 Y.0478 Z17.6338 B39.027 E.02299
G1 X4.1454 Z17.6237 E.00220
G1 X4.209 Y-.4113 Z17.6076 C49158.967 E.01625
G1 X4.3354 Y-.3408 Z17.5858 E.00487
G1 X5.0431 Y-.2887 Z17.405 B37.017 E.02435
G1 X5.1353 Y.3013 Z17.3834 C49156.881 E.02083
G1 X5.2349 Y-.1761 Z17.3612 C49158.967 E.01743
G1 X5.3188 Z17.3433 E.00326
G1 X6.0757 Y-.0498 Z17.112 B35.011 E.02666
G1 X6.2786 Y.0606 Z17.0624 E.00786
G1 X7.2049 Y-.3147 Z16.7529 C49161.072 B33.011 E.03590
G1 X8.1518 Y-.1269 Z16.4084 B31.018 E.03409
G1 X9.0646 Y.0479 Z16.0331 B29.032 E.03334
G1 X9.9311 Y.2063 Z15.6336 B27.055 E.03217
G1 X10.7775 Y-.2373 Z15.2056 C49163.192 B25.089 E.03727
G1 X11.5289 Y-.1247 Z14.7711 B23.133 E.02911
G1 X12.4787 Y.1177 Z14.2469 B21.19 E.03697
G1 X13.143 Y.2777 Z13.7488 B19.26 E.02812
G1 X13.2924 Y-.2094 Z13.6869 C49165.328 E.02373
G1 X13.3524 Y-.131 Z13.6587 E.00342
G1 X12.5405 Y-.2385 Z14.2224 B21.19 E.03307
G1 X11.456 Y.1907 Z14.7893 C49163.192 B23.133 E.04541
G1 X10.6591 Y.1037 Z15.2363 B25.089 E.03053
G1 X9.7258 Y-.0073 Z15.6835 B27.055 E.03462
G1 X8.8335 Y-.0885 Z16.0857 B29.032 E.03266
G1 X7.894 Y-.1581 Z16.4673 B31.018 E.03381
G1 X6.9527 Y-.2097 Z16.815 B33.011 E.03342
G1 X6.0661 Z17.1119 B35.011 E.03112
G1 X5.3193 Y.2917 Z17.3424 C49161.072 B37.017 E.03157
G1 X5.1744 Y-.2695 Z17.3724 C49163.192 E.02033
G1 X5.1039 Y.2672 Z17.3873 C49161.072 E.01908
G1 X5.0249 Y-.2822 Z17.404 C49163.192 E.01948
G1 X4.969 Y.2535 Z17.4168 C49161.072 E.01894
G1 X4.288 Y-.2903 Z17.5875 C49163.192 B39.027 E.03000
G1 X4.2355 Y.2428 Z17.5964 C49161.072 E.01857
G1 X4.031 Z17.6235 E.00688
G1 X3.3506 Z17.7581 B41.04 E.02308
G1 X3.0017 Y.1793 Z17.7814 E.01182
G1 X2.324 Z17.8761 B43.055 E.02276
G1 X2.0823 Z17.8723 E.00820
G1 X1.3277 Y.1082 Z17.9287 B45.071 E.02528
G1 X1.1775 Z17.9215 E.00510
G1 X.2287 Y.019 Z17.9312 B47.086 E.03170
G1 X-.7364 Y.4425 Z17.8908 C49158.967 B49.099 E.03510
G1 Y-.046 Z17.8949 C49161.072 E.01628
G1 X-1.6239 Y.3889 Z17.8299 C49158.967 B51.109 E.03301
G1 X-1.8551 Y-.1326 Z17.8108 C49161.072 E.01912
G1 X-2.8159 Y.2708 Z17.6903 C49158.967 B53.114 E.03506
G1 X-3.8498 Y.183 Z17.5255 B55.114 E.03494
G1 X-4.7208 Y.1271 Z17.339 B57.108 E.02968
G1 X-5.7405 Y.0331 Z17.0905 B59.093 E.03505
G1 X-7.3239 Y-.063 Z16.5514 B63.035 E.05573
G1 X-7.484 Z16.5152 E.00562
G1 X-8.3231 Y.2393 Z16.1768 C49156.881 B64.99 E.03329
G1 X-9.4668 Y.0551 Z15.7181 B66.933 E.04144
G1 X-10.0369 Y.437 Z15.3714 C49154.813 B68.862 E.02827
G1 X-10.1262 Y.0126 Z15.3515 C49156.881 E.01888
G1 Y.4024 Z15.3431 C49154.813 E.01778
G1 Y.0035 Z15.3438 C49156.881 E.01801
G1 Y.3936 Z15.3364 C49154.813 E.01782
G1 X-10.2134 Y-.0186 Z15.3257 C49156.881 E.01862
G1 Y.3686 Z15.3181 C49154.813 E.01779
G1 Y-.0335 Z15.3214 C49156.881 E.01818
G1 X-10.3136 Z15.3574 E.00383
G1 Y.3095 Z15.3554 C49154.813 E.01684
G1 Y-.0954 Z15.3724 C49156.881 E.01832
G1 X-10.9561 Y.074 Z15.3313 C49154.813 B70. E.02575
G1 X-11.1389 Y-.0651 Z15.4258 E.00826
G1 X-11.3918 Y.1201 Z15.5563 C49152.765 E.01763
G1 X-11.7019 Y-.1516 Z15.7135 E.01468
G1 X-11.8452 Y.1044 Z15.7823 C49150.739 E.01716
G1 X-12.0863 Y-.1305 Z15.9002 E.01186
G1 X-12.3382 Y-.0081 Z16.0249 C49148.734 E.01761
G1 X-12.5807 Y.1067 Z16.1367 C49146.752 E.01741
G1 X-12.8414 Y-.2009 Z16.2513 E.01394
G1 Y.1506 Z16.2615 C49144.793 E.01872
G1 X-12.9165 Y.0603 Z16.2838 E.00398
G1 Y-.0217 Z16.2922 E.00282
G1 Y-.228 E.00691
G1 Y.1062 Z16.2942 C49142.858 E.01829
G1 Y-.0072 Z16.2943 E.00385
G1 Y.2484 Z16.2923 C49140.949 E.01667
G1 Y-.2492 Z16.2941 C49142.858 E.02190
G1 Y-.3162 Z16.2932 E.00235
G1 Y.008 Z16.2977 C49140.949 E.01794
G1 Y-.1449 Z16.295 E.00511
G1 Y-.2213 Z16.2864 E.00258
G1 X-12.8461 Y-.3049 Z16.2639 E.00371
G1 X-12.6421 Y-.477 Z16.1841 E.00926
G1 Y-.1268 Z16.1854 C49139.051 E.01818
G1 X-12.5221 Y-.1837 Z16.1576 E.00451
G1 X-12.4169 Z16.1281 E.00368
G1 X-12.3132 Z16.098 E.00360
G1 X-12.2447 Z16.0776 E.00286
G1 Y-.0979 Z16.066 E.00315
G1 X-12.1888 Y-.4412 Z16.0519 C49140.949 E.01774
G1 X-11.9805 Y-.1825 Z15.9932 E.01122
G1 X-11.7155 Y-.2408 Z15.9089 C49142.858 E.01606
G1 X-11.4385 Y-.3207 Z15.8223 C49144.793 E.01629
G1 X-11.2176 Y-.1036 Z15.7594 E.01051
G1 X-11.0436 Y-.3226 Z15.7041 C49146.752 E.01574
G1 X-10.8821 Y-.1807 Z15.6591 E.00731
G1 X-10.7103 Y-.4228 Z15.6027 C49148.734 E.01591
G1 X-10.5271 Y.0987 Z15.5825 C49146.752 E.02203
G1 X-10.0681 Y-.1994 Z15.7992 C49148.734 B68.862 E.02275
G1 X-9.9142 Y-.1054 Z15.815 E.00602
G1 X-9.1507 Y-.3862 Z16.1693 C49150.739 B66.933 E.03138
G1 X-9.0309 Y-.3255 Z16.1909 E.00452
G1 Y.0801 Z16.1954 C49148.734 E.01710
G1 Y-.3085 Z16.1971 C49150.739 E.01670
G1 X-8.3988 Z16.4978 B64.99 E.02329
G1 Y.1171 Z16.5012 C49148.734 E.01720
G1 Y-.2854 Z16.4993 C49150.739 E.01658
G1 Y.1204 Z16.502 C49148.734 E.01667
G1 Y-.2848 Z16.4995 C49150.739 E.01666
G1 Y.1286 Z16.5042 C49148.734 E.01690
G1 X-7.5133 Y-.1454 Z16.8207 C49150.739 B63.035 E.03373
G1 X-6.5019 Y.0377 Z17.1265 B61.069 E.03567
G1 X-5.614 Y-.2764 Z17.3703 C49152.765 B59.093 E.03303
G1 X-4.6829 Y-.1621 Z17.5934 B57.107 E.03207
G1 X-3.588 Y-.4525 Z17.7863 C49154.813 B55.114 E.03846
G1 X-2.7013 Y.0802 Z17.9421 C49152.765 B53.114 E.03494
G1 X-2.5806 Y-.3448 Z17.9551 C49154.813 E.01502
G1 X-2.4945 Z17.9668 E.00301
G1 X-1.7678 Y-.2939 Z18.0515 B51.109 E.02439
G1 X-1.5299 Y-.2195 Z18.0668 E.00831
G1 X-.8314 Z18.1104 B49.099 E.02328
G1 X-.5464 Y-.0889 Z18.1269 E.01044
G1 Z18.1292 E.00121
G1 X.178 Z18.1375 B47.086 E.02412
G1 Y-.0323 Z18.1387 E.00231
G1 X.2521 Y-.504 Z18.1331 C49156.881 E.01590
G1 X.3231 Z18.1347 E.00262
G1 Y.0451 Z18.1407 C49154.813 E.01834
G1 X.3968 Z18.1409 E.00249
G1 Y-.4157 Z18.1371 C49156.881 E.01539
G1 X.4613 Z18.1376 E.00221
G1 X1.1483 Z18.1087 B45.071 E.02291
G1 X1.4214 Y-.2113 Z18.0956 E.01136
G1 X2.1091 Z18.0273 B43.055 E.02301
G1 X2.4141 Y.0218 Z17.9715 E.01290
G1 X3.1216 Z17.8571 B41.04 E.02389
G1 X3.1966 Y.1183 Z17.8397 E.00411
G1 X3.2714 Y-.354 Z17.8195 C49158.967 E.01641
G1 X4.0534 Y.2549 Z17.6556 C49156.881 B39.027 E.03377
G1 X4.2558 Y-.1563 Z17.6094 C49158.967 E.01616
G1 X5.282 Y.0792 Z17.3512 B37.017 E.03606
G1 X6.2561 Y-.2752 Z17.0656 C49161.072 B35.011 E.03657
G1 X7.0481 Y-.1735 Z16.7927 B33.011 E.02807
G1 X8.1501 Y.0981 Z16.4084 B31.018 E.03985
G1 X8.8512 Y.1664 Z16.0813 B29.032 E.02583
G1 Z16.0789 E.00037
G1 Z16.0763 E.00074
G1 Z16.0737 E.00113
G1 Z16.0711 E.00154
G1 X8.9036 Z16.0685 E.00195
G1 Z16.066 E.00113
G1 Z16.0635 E.00148
G1 Z16.061 E.00186
G1 Y.2175 Z16.0586 E.00226
G1 X8.9566 Y-.3577 Z16.055 C49163.192 E.02215
G1 Z16.0529 E.00041
G1 Z16.051 E.00081
G1 Y.2462 Z16.05 C49161.072 E.02294
G1 Y-.3289 Z16.0475 C49163.192 E.02212
G1 Z16.0461 E.00148
G1 Z16.0449 E.00174
G1 X9.0113 Z16.0439 E.00199
G1 Z16.0433 E.00112
G1 Z16.0429 E.00143
G1 Y-.2767 E.00175
G1 Y.3167 Z16.0428 C49161.072 E.02264
G1 Y-.257 Z16.0439 C49163.192 E.02207
G1 Z16.0449 E.00027
G1 Y.3396 Z16.0454 C49161.072 E.02274
G1 Y-.2399 Z16.0478 C49163.192 E.02224
G1 Y.3449 Z16.0486 C49161.072 E.02241
G1 Y-.2374 Z16.0516 C49163.192 E.02235
G1 Z16.0538 E.00142
G1 X8.9581 Z16.0562 E.00177
G1 Z16.0587 E.00044
G1 Z16.0613 E.00085
G1 Z16.0639 E.00128
G1 Z16.0667 E.00173
G1 X8.8977 Z16.0696 E.00218
G1 Z16.0725 E.00113
G1 Z16.0754 E.00149
G1 Z16.0783 E.00189
G1 Z16.0814 E.00228
G1 X8.8365 Y-.2891 Z16.0845 E.00267
G1 Z16.0875 E.00040
G1 Z16.0902 E.00075
G1 X7.9095 Y-.3553 Z16.4613 B31.018 E.03328
G1 X6.943 Y.1486 Z16.817 C49161.072 B33.011 E.03908
G1 X5.941 Y.0951 Z17.1437 B35.011 E.03510
G1 X4.9989 Z17.4191 B37.017 E.03267
G1 X4.1226 Y.0433 Z17.6409 B39.027 E.03011
G1 X3.3414 Z17.8078 B41.04 E.02657
G1 X3.0722 Z17.868 E.00921
G1 X2.354 Z17.9796 B43.055 E.02419
G1 X2.0639 Z18.0204 E.00983
G1 X1.3908 Z18.0851 B45.071 E.02253
G1 X1.0622 Y-.02 Z18.098 E.01114
G1 X.3892 Z18.1228 B47.086 E.02240
G1 Y.4751 Z18.1163 C49158.967 E.01653
G1 X.3255 Y-.0317 Z18.1211 C49161.072 E.01700
G1 Z18.1196 E.00116
G1 X.2419 Y.4546 Z18.1125 C49158.967 E.01643
G1 Y-.0457 Z18.1176 C49161.072 E.01665
G1 Y.446 Z18.1107 C49158.967 E.01644
G1 X.1621 Y-.0585 Z18.1138 C49161.072 E.01699
G1 Y.4302 Z18.1067 C49158.967 E.01632
G1 X.0749 Y-.0737 Z18.1083 C49161.072 E.01701
G1 X-.6175 Z18.0943 B49.099 E.02304
G1 X-.7682 Z18.0809 E.00519
G1 X-1.866 Y.277 Z17.9942 C49158.967 B51.109 E.03851
G1 X-2.7685 Y.2188 Z17.8841 B53.114 E.03030
G1 X-3.8786 Y.1135 Z17.7046 B55.114 E.03757
G1 X-4.8192 Y.4871 Z17.5035 C49156.881 B57.107 E.03482
G1 X-5.6318 Y-.009 Z17.295 C49158.967 B59.093 E.03312
G1 X-6.6928 Y-.1199 Z16.9886 B61.069 E.03692
G1 X-7.5081 Y.2439 Z16.6934 C49156.881 B63.035 E.03257
G1 X-8.4725 Y.1275 Z16.3228 B64.99 E.03458
G1 X-9.2693 Y.0494 Z15.9594 B66.933 E.02924
G1 X-10.0488 Y-.0304 Z15.5624 B68.862 E.02922
G1 Y.3686 Z15.5561 C49154.813 E.01794
G1 Y-.0413 Z15.553 C49156.881 E.01823
G1 Z15.5493 E.00138
G1 Y.3516 Z15.5429 C49154.813 E.01786
G1 X-10.1176 Y-.0555 Z15.5407 C49156.881 E.01833
G1 Y.3411 Z15.5347 C49154.813 E.01794
G1 Y-.0653 Z15.5321 C49156.881 E.01820
G1 Y.3292 Z15.5253 C49154.813 E.01793
G1 X-10.1808 Y-.0778 Z15.5214 C49156.881 E.01836
G1 Z15.5168 E.00058
G1 Y.3043 Z15.52 C49154.813 E.01766
G1 X-10.253 Y-.1216 Z15.5478 C49156.881 E.01894
G1 Y.2725 Z15.5474 C49154.813 E.01798
G1 Y-.1517 Z15.5725 C49156.881 E.01880
G1 X-10.3434 Y.212 Z15.5976 C49154.813 E.01762
G1 X-10.9556 Y-.0113 Z15.5542 B70. E.02172
G1 X-11.289 Y.1199 Z15.7257 C49152.765 E.01883
G1 X-11.632 Y.2138 Z15.897 C49150.739 E.01896
G1 X-11.9262 Y-.0643 Z16.0442 E.01433
G1 X-12.2065 Y.0367 Z16.1827 C49148.734 E.01792
G1 X-12.507 Y.0946 Z16.3239 C49146.752 E.01824
G1 X-12.7682 Y-.2152 Z16.4382 E.01400
G1 Y.1404 Z16.4496 C49144.793 E.01875
G1 X-12.8439 Y.0558 Z16.4716 E.00385
G1 Y-.0292 Z16.4813 E.00295
G1 Y-.2817 Z16.4811 E.00845
G1 Y-.0156 Z16.484 C49142.858 E.01695
G1 Y-.3247 Z16.4829 E.01032
G1 Y.0164 Z16.4876 C49140.949 E.01822
G1 Y-.1422 Z16.4858 E.00531
G1 Y-.2397 Z16.4736 E.00331
G1 X-12.7619 Y-.3226 Z16.4489 E.00396
G1 X-12.5569 Y-.4915 Z16.3688 E.00923
G1 Y-.1321 Z16.3713 C49139.051 E.01830
G1 X-12.4575 Z16.3504 E.00369
G1 X-12.3525 Y-.1964 Z16.3212 E.00421
G1 X-12.2608 Z16.2948 E.00322
G1 X-12.189 Y-.1427 Z16.2735 E.00306
G1 Z16.2683 E.00077
G1 Y-.4854 Z16.2532 C49140.949 E.01767
G1 X-11.9614 Y-.2454 Z16.2002 E.01114
G1 X-11.8156 Y-.4413 Z16.1493 C49142.858 E.01551
G1 X-11.5727 Y-.1657 Z16.0804 E.01243
G1 X-11.3182 Y-.2793 Z16.001 C49144.793 E.01596
G1 X-11.0109 Y-.3683 Z15.9068 C49146.752 E.01673
G1 X-10.8312 Y-.2082 Z15.8572 E.00817
G1 X-10.6891 Y-.4803 Z15.8078 C49148.734 E.01608
G1 X-10.5376 Y.0297 Z15.7881 C49146.752 E.02146
G1 X-10.157 Y-.3215 Z15.9876 C49148.734 B68.862 E.02185
G1 Y.0957 Z15.9931 C49146.752 E.01817
G1 X-9.8635 Y-.1378 Z16.0213 C49148.734 E.01689
G1 X-9.0819 Y-.4172 Z16.377 C49150.739 B66.933 E.03185
G1 Y-.0044 Z16.385 C49148.734 E.01733
G1 Y-.3954 Z16.3853 C49150.739 E.01682
G1 Y.0165 Z16.392 C49148.734 E.01738
G1 X-8.3062 Y-.3117 Z16.709 C49150.739 B64.99 E.03146
G1 X-8.2539 Z16.7181 E.00196
G1 Y.1297 Z16.721 C49148.734 E.01755
G1 Y-.28 Z16.7202 C49150.739 E.01668
G1 Y.1353 Z16.7227 C49148.734 E.01683
G1 Y-.2788 Z16.7207 C49150.739 E.01680
G1 X-8.2024 Z16.7281 E.00183
G1 Y.1559 Z16.7302 C49148.734 E.01733
G1 Y-.2586 Z16.7291 C49150.739 E.01677
G1 X-7.3404 Y-.1321 Z17.0471 B63.035 E.03085
G1 X-6.2737 Y-.3643 Z17.3541 C49152.765 B61.069 E.03844
G1 X-5.4622 Y-.2866 Z17.5925 B59.093 E.02825
G1 X-4.5725 Y-.1871 Z17.804 B57.107 E.03060
G1 X-4.441 Z17.8207 E.00469
G1 X-3.7339 Y-.1118 Z17.972 B55.114 E.02418
G1 X-3.612 Z17.9887 E.00432
G1 Y-.515 Z17.9899 C49154.813 E.01417
G1 X-3.5211 Z17.9992 E.00308
G1 Y-.0254 Z18.0151 C49152.765 E.01689
G1 X-3.4362 Y-.4721 Z18.0178 C49154.813 E.01568
G1 X-2.7729 Z18.1314 B53.114 E.02238
G1 X-2.6813 Z18.1482 E.00346
G1 Y.0421 Z18.154 C49152.765 E.01740
G1 Y-.419 Z18.1511 C49154.813 E.01568
G1 X-2.5823 Z18.164 E.00355
G1 Y.106 Z18.1723 C49152.765 E.01777
G1 X-2.5286 Y-.3544 Z18.1715 C49154.813 E.01571
G1 X-2.461 Z18.1796 E.00258
G1 X-1.7876 Y-.3014 Z18.2567 B51.109 E.02261
G1 X-1.4811 Y-.1236 Z18.2594 E.01179
G1 X-.8079 Z18.298 B49.099 E.02243
G1 X-.5574 Y.0606 Z18.2761 E.01037
G1 X.1391 Y-.3943 Z18.2713 C49156.881 B47.086 E.02767
G1 X.3719 Y-.2364 Z18.2276 E.00947
G1 X.4404 Y.3096 Z18.2117 C49154.813 E.01832
G1 X1.1787 Y-.1256 Z18.1664 C49156.881 B45.071 E.02858
G1 X1.3607 Y-.0011 Z18.1251 E.00746
G1 X2.2184 Y.1439 Z18.0148 B43.055 E.02916
G1 X3.1499 Y-.1802 Z17.8493 C49158.967 B41.04 E.03348
G1 X4.2292 Y.0768 Z17.6157 B39.027 E.03771
G1 X5.2513 Y-.2381 Z17.3565 C49161.072 B37.017 E.03716
G1 X5.3237 Z17.3423 E.00271
G1 Z17.3415 E.00123
G1 X5.9423 Z17.1434 B35.011 E.02164
G1 Z17.1424 E.00136
G1 Y.3487 Z17.1398 C49158.967 E.02083
G1 Y-.1939 Z17.1403 C49161.072 E.01946
G1 Z17.1393 E.00059
G1 Z17.1382 E.00075
G1 Z17.137 E.00091
G1 Z17.1359 E.00108
G1 Z17.1347 E.00125
G1 Z17.1336 E.00142
G1 Z17.1324 E.00160
G1 X5.9936 Z17.1312 E.00178
G1 Z17.13 E.00058
G1 Z17.1288 E.00070
G1 Z17.1277 E.00084
G1 Z17.1265 E.00100
G1 Z17.1253 E.00116
G1 Z17.1241 E.00133
G1 Z17.1229 E.00150
G1 Z17.1218 E.00167
G1 Z17.1207 E.00184
G1 Z17.1195 E.00201
G1 X6.0474 Z17.1184 E.00217
G1 Z17.1173 E.00132
G1 Z17.1163 E.00142
G1 Z17.1152 E.00153
G1 Z17.1142 E.00165
G1 Z17.1133 E.00177
G1 Y-.1426 Z17.1123 E.00190
G1 Z17.1114 E.00097
G1 Z17.1106 E.00110
G1 Z17.1097 E.00123
G1 Z17.109 E.00135
G1 Z17.1082 E.00147
G1 Z17.1075 E.00159
G1 Z17.1069 E.00170
G1 Z17.1064 E.00181
G1 X6.0991 Z17.1059 E.00192
G1 Z17.1054 E.00096
G1 Z17.105 E.00107
G1 Z17.1047 E.00119
G1 Z17.1045 E.00131
G1 Z17.1043 E.00143
G1 Z17.1042 E.00155
G1 Y-.0926 E.00168
G1 Z17.1043 E.00025
G1 Z17.1044 E.00032
G1 Z17.1046 E.00043
G1 Z17.105 E.00054
G1 Z17.1053 E.00065
G1 Z17.1058 E.00076
G1 Z17.1062 E.00086
G1 Z17.1068 E.00096
G1 Z17.1074 E.00105
G1 Z17.108 E.00113
G1 Z17.1087 E.00122
G1 Z17.1094 E.00130
G1 Z17.1102 E.00138
G1 Z17.111 E.00146
G1 Z17.1119 E.00154
G1 Z17.1128 E.00162
G1 Z17.1137 E.00170
G1 Z17.1147 E.00179
G1 Z17.1157 E.00188
G1 Z17.1167 E.00197
G1 Z17.1178 E.00207
G1 X6.045 Z17.1188 E.00218
G1 Z17.12 E.00121
G1 Z17.1211 E.00120
G1 Z17.1222 E.00121
G1 Z17.1234 E.00124
G1 Z17.1246 E.00129
G1 Z17.1258 E.00136
G1 Z17.127 E.00145
G1 Z17.1283 E.00155
G1 Z17.1295 E.00166
G1 Z17.1308 E.00179
G1 X5.991 Z17.132 E.00192
G1 Z17.1333 E.00064
G1 Z17.1345 E.00065
G1 Z17.1358 E.00071
G1 Z17.1371 E.00081
G1 Z17.1383 E.00093
G1 Z17.1396 E.00107
G1 Z17.1408 E.00122
G1 Z17.142 E.00138
G1 Z17.1433 E.00154
G1 X5.3292 Z17.3417 B37.017 E.02298
G1 Z17.3428 E.00017
G1 Z17.3438 E.00033
G1 Z17.3448 E.00049
G1 Z17.3457 E.00065
G1 Z17.3467 E.00081
G1 Z17.3476 E.00096
G1 Z17.3485 E.00111
G1 Z17.3494 E.00125
G1 X4.13 Y-.1485 Z17.6389 B39.027 E.04107
G1 X3.1089 Z17.8595 B41.04 E.03475
G1 X2.4025 Y.3477 Z17.9704 C49158.967 B43.055 E.02910
G1 X2.3107 Y-.1768 Z17.994 C49161.072 E.01795
G1 X2.172 Z18.0256 E.00473
G1 X1.3748 Y.3309 Z18.1181 C49158.967 B45.071 E.03163
G1 X1.2127 Y-.183 Z18.1574 C49161.072 E.01803
G1 X1.1174 Z18.1794 E.00325
G1 X.4144 Y.3222 Z18.2144 C49158.967 B47.086 E.02882
G1 X.3591 Y-.1844 Z18.225 C49161.072 E.01696
G1 Y.3187 Z18.2289 C49158.967 E.01679
G1 X.2673 Y-.1871 Z18.2361 C49161.072 E.01711
G1 X.2105 Y.3139 Z18.2449 C49158.967 E.01678
G1 Y-.1883 Z18.2491 C49161.072 E.01673
G1 X.0891 Z18.2571 E.00405
G1 X-.5956 Z18.2512 B49.099 E.02277
G1 Y.3061 Z18.2507 C49158.967 E.01651
G1 X-.6742 Y-.1929 Z18.2517 C49161.072 E.01682
G1 X-.8575 Z18.2501 E.00611
G1 Y.2783 Z18.2472 C49158.967 E.01579
G1 X-1.5875 Z18.2016 B51.109 E.02433
G1 X-1.8155 Y.2276 Z18.18 E.00780
G1 X-2.6434 Z18.0821 B53.114 E.02776
G1 X-2.829 Y.1423 Z18.0589 E.00684
G1 X-3.7262 Y.0834 Z17.9101 B55.114 E.03031
G1 X-4.7075 Y-.0011 Z17.7115 B57.108 E.03342
G1 X-5.679 Y.3599 Z17.463 C49156.881 B59.093 E.03611
G1 X-6.4407 Y-.1275 Z17.2275 C49158.967 B61.069 E.03204
G1 X-7.4985 Y.1805 Z16.8829 C49156.881 B63.035 E.03945
G1 Z16.8749 E.00119
G1 X-8.5107 Y.047 Z16.5001 B64.99 E.03617
G1 X-9.4893 Y-.0951 Z16.0826 B66.933 E.03570
G1 Y.3098 Z16.078 C49154.813 E.01764
G1 X-10.0927 Y-.1176 Z15.7347 C49156.881 B68.862 E.02970
G1 Y.2859 Z15.7307 C49154.813 E.01809
G1 Y-.1287 Z15.7252 C49156.881 E.01839
G1 Z15.7205 E.00153
G1 X-10.1429 Y.2683 Z15.7171 C49154.813 E.01804
G1 Y-.1453 Z15.7206 C49156.881 E.01838
G1 X-10.2587 Y.1914 Z15.7752 C49154.813 E.01718
G1 X-10.9433 Y-.0881 Z15.7701 B70. E.02459
G1 X-11.266 Y.0534 Z15.9367 C49152.765 E.01864
G1 X-11.5165 Y-.1672 Z16.0607 E.01184
G1 X-11.7181 Y.0445 Z16.1635 C49150.739 E.01721
G1 X-12.0619 Y.097 Z16.3349 C49148.734 E.01906
G1 X-12.2994 Y-.1604 Z16.4461 E.01222
G1 X-12.4787 Y.0294 Z16.5318 C49146.752 E.01702
G1 X-12.6971 Y-.231 Z16.6253 E.01172
G1 Y.1262 Z16.6388 C49144.793 E.01873
G1 X-12.77 Y.0566 Z16.6578 E.00341
G1 Z16.6639 E.00134
G1 Y.3813 Z16.6609 C49142.858 E.01798
G1 Z16.6655 E.00177
G1 Y-.09 Z16.6712 C49144.793 E.02127
G1 Y-.2902 Z16.6693 E.00675
G1 Y-.0047 Z16.6732 C49142.858 E.01723
G1 Y-.3532 Z16.6718 E.01164
G1 Y-.0136 Z16.6773 C49140.949 E.01813
G1 Y-.1524 Z16.6752 E.00467
G1 Y-.2366 Z16.6649 E.00283
G1 X-12.7105 Y-.3079 Z16.6456 E.00316
G1 X-12.4663 Y-.508 Z16.5581 E.01090
G1 Y-.1423 Z16.5622 C49139.051 E.01836
G1 X-12.3483 Z16.5344 E.00425
G1 X-12.2517 Z16.5041 E.00371
G1 X-12.1757 Z16.4811 E.00280
G1 Z16.4675 E.00161
G1 X-12.1022 Y-.5027 Z16.4486 C49140.949 E.01812
G1 X-11.8787 Y-.2306 Z16.3886 E.01188
G1 X-11.7454 Y-.4468 Z16.3403 C49142.858 E.01561
G1 X-11.4862 Y-.1525 Z16.2692 E.01326
G1 X-11.1824 Y-.2207 Z16.1764 C49144.793 E.01657
G1 X-10.9605 Y-.399 Z16.105 C49146.752 E.01584
G1 X-10.6759 Y-.1493 Z16.0339 E.01281
G1 X-10.0906 Y.0474 Z16.2246 B68.862 E.02149
G1 X-9.8979 Y-.2256 Z16.2249 C49148.734 E.01592
G1 X-9.0622 Y-.0628 Z16.5881 B66.933 E.03079
G1 X-8.2344 Y-.3468 Z16.9266 C49150.739 B64.99 E.03265
G1 X-7.2887 Y-.1745 Z17.2565 B63.035 E.03380
G1 X-6.3327 Y-.4573 Z17.5479 C49152.765 B61.069 E.03534
G1 X-5.5607 Y-.3945 Z17.777 B59.093 E.02687
G1 X-5.4167 Y-.3375 Z17.799 E.00520
G1 Y.1245 Z17.8078 C49150.739 E.01668
G1 X-5.3321 Y-.304 Z17.8136 C49152.765 E.01583
G1 X-4.6576 Z17.9944 B57.107 E.02323
G1 X-4.4278 Y-.1691 Z18.0372 E.00898
G1 X-4.3706 Z18.048 E.00223
G1 X-3.7122 Z18.1914 B55.114 E.02247
G1 X-3.5841 Y-.0376 Z18.2045 E.00612
G1 Y-.4862 Z18.1995 C49154.813 E.01555
G1 Z18.2021 E.00161
G1 X-3.5099 Y.0134 Z18.2109 C49152.765 E.01731
G1 Y-.4359 Z18.2067 C49154.813 E.01554
G1 Z18.2076 E.00126
G1 X-3.4533 Y.0555 Z18.214 C49152.765 E.01696
G1 Y-.4019 Z18.21 C49154.813 E.01577
G1 Y.0804 Z18.2149 C49152.765 E.01659
G1 X-2.7608 Z18.3227 B53.114 E.02331
G1 Y-.3769 Z18.3187 C49154.813 E.01557
G1 X-2.5555 Y-.2103 Z18.31 E.00880
G1 X-2.4848 Y-.1518 Z18.3012 E.00307
G1 X-1.788 Z18.3677 B51.109 E.02332
G1 X-1.5892 Y.0453 Z18.3277 E.00941
G1 Z18.3241 E.00072
G1 Z18.3204 E.00142
G1 X-1.5377 Z18.3167 E.00213
G1 Y.0958 Z18.313 E.00178
G1 X-.853 Z18.3506 B49.099 E.02281
G1 Z18.3462 E.00102
G1 Y-.3531 Z18.3389 C49156.881 E.01501
G1 Z18.3347 E.00169
G1 X-.7864 Z18.3309 E.00236
G1 Z18.3271 E.00135
G1 Z18.3237 E.00200
G1 X-.7338 Y-.2922 Z18.3202 E.00268
G1 Z18.3167 E.00072
G1 Z18.3131 E.00143
G1 X-.6807 Y.2331 Z18.3099 C49154.813 E.01758
G1 Y-.2436 Z18.306 C49156.881 E.01589
G1 Z18.3025 E.00123
G1 X-.6283 Z18.299 E.00192
G1 Z18.2954 E.00135
G1 Y.2953 Z18.2905 C49154.813 E.01798
G1 X.3543 Y.0107 Z18.2334 C49156.881 B47.086 E.03408
G1 X1.3993 Y.2793 Z18.1133 B45.071 E.03611
G1 X2.1044 Y-.1904 Z18.04 C49158.967 B43.055 E.02840
G1 X3.0994 Y.0365 Z17.862 B41.04 E.03446
G1 X3.3353 Y-.3487 Z17.8057 C49161.072 E.01568
G1 Y.1893 Z17.8031 C49158.967 E.01837
G1 X2.4046 Y-.3538 Z17.9687 C49161.072 B43.055 E.03638
G1 X1.3794 Y.1488 Z18.1189 C49158.967 B45.071 E.03834
G1 X.3234 Z18.2388 B47.086 E.03535
G1 X-.5411 Z18.2814 B49.099 E.02879
G1 X-.8415 Z18.3435 E.01022
G1 X-1.5333 Z18.3081 B51.109 E.02305
G1 X-1.8569 Z18.333 E.01084
G1 Z18.3324 E.00127
G1 X-2.5597 Z18.254 B53.114 E.02355
G1 X-2.8012 Y.0808 Z18.2404 E.00836
G1 X-2.8898 Z18.231 E.00302
G1 X-3.5905 Z18.1103 B55.114 E.02367
G1 X-3.7432 Y.0136 Z18.0889 E.00560
G1 X-4.7289 Y-.074 Z17.8873 B57.108 E.03359
G1 X-5.6809 Y-.1589 Z17.6502 B59.093 E.03275
G1 X-6.506 Y.2321 Z17.3974 C49156.881 B61.069 E.03248
G1 X-7.5559 Y.0957 Z17.052 B63.035 E.03704
G1 X-8.5342 Y.3903 Z16.6727 C49154.813 B64.99 E.03767
G1 X-9.3147 Y.3126 Z16.3136 B66.933 E.02869
G1 X-9.4643 Y-.1591 Z16.2737 C49156.881 E.02004
G1 X-10.0918 Y.2233 Z15.9206 C49154.813 B68.862 E.02970
G1 Z15.9173 E.00087
G1 X-10.7357 Y-.0093 Z15.8802 B70. E.02280
G1 X-11.0845 Y.1208 Z16.0632 C49152.765 E.01908
G1 X-11.4326 Y.2252 Z16.2382 C49150.739 E.01900
G1 X-11.6508 Y.0184 Z16.3513 E.01068
G1 X-12.0021 Z16.5263 C49148.734 E.01919
G1 X-12.2016 Y-.1492 Z16.6194 E.00920
G1 X-12.3728 Y.0563 Z16.7034 C49146.752 E.01702
G1 X-12.6031 Y-.2187 Z16.8022 E.01238
G1 Y.1384 Z16.8179 C49144.793 E.01866
G1 X-12.6986 Y.0504 Z16.8445 E.00441
G1 Y-.0493 Z16.8571 E.00350
G1 Y-.3127 Z16.8577 E.00884
G1 Y-.1494 Z16.8617 C49142.858 E.01531
G1 Y-.3535 Z16.8606 E.00688
G1 Y-.0275 Z16.8665 C49140.949 E.01780
G1 Y-.1685 Z16.863 E.00474
G1 Y-.2589 Z16.8495 E.00309
G1 Z16.8388 E.00201
G1 X-12.6322 Y.0681 Z16.8354 C49139.051 E.01780
G1 Y-.3352 Z16.825 C49140.949 E.01934
G1 X-12.3894 Y-.5172 Z16.7379 E.01050
G1 Y-.1439 Z16.7432 C49139.051 E.01847
G1 X-12.2737 Z16.7188 E.00412
G1 X-12.1708 Z16.6898 E.00379
G1 X-12.0989 Z16.6689 E.00256
G1 X-12.0342 Z16.6497 E.00237
G1 Y-.4917 Z16.6347 C49140.949 E.01762
G1 X-11.8206 Y-.2449 Z16.5822 E.01100
G1 X-11.4922 Z16.4805 C49142.858 E.01712
G1 X-11.2645 Y-.3841 Z16.4072 C49144.793 E.01565
G1 X-11.0003 Y-.1172 Z16.3348 E.01272
G1 X-10.6812 Y-.2213 Z16.24 C49146.752 E.01680
G1 X-10.5013 Y-.4748 Z16.1852 C49148.734 E.01602
G1 X-10.0872 Y-.4097 Z16.3817 B68.862 E.01540
G1 Y.0169 Z16.3907 C49146.752 E.01836
G1 X-9.9478 Y-.3174 Z16.3988 C49148.734 E.01662
G1 Y.0978 Z16.4031 C49146.752 E.01794
G1 Y-.2967 Z16.4035 C49148.734 E.01745
G1 Y.119 Z16.4071 C49146.752 E.01799
G1 X-9.8746 Y-.2702 Z16.4095 C49148.734 E.01740
G1 X-9.0502 Y-.1171 Z16.7814 B66.933 E.03051
G1 X-8.1694 Y-.3788 Z17.1258 C49150.739 B64.99 E.03400
G1 X-8.1033 Y.0831 Z17.1443 C49148.734 E.01817
G1 X-7.3795 Y-.2838 Z17.4306 C49150.739 B63.035 E.02988
G1 Y.1671 Z17.4393 C49148.734 E.01733
G1 X-7.2622 Y-.2282 Z17.4534 C49150.739 E.01612
G1 X-7.1965 Z17.4661 E.00245
G1 X-6.5319 Y-.1702 Z17.7114 B61.069 E.02364
G1 X-6.3657 Y-.0849 Z17.7403 E.00629
G1 Y-.5136 Z17.7373 C49152.765 E.01614
G1 X-6.3145 Y-.0547 Z17.7501 C49150.739 E.01706
G1 Y-.4876 Z17.7472 C49152.765 E.01623
G1 Z17.7533 E.00169
G1 X-5.622 Z17.9631 B59.093 E.02409
G1 Y-.428 Z17.9717 E.00251
G1 X-5.547 Y.0415 Z17.9819 C49150.739 E.01711
G1 Y-.3889 Z17.9814 C49152.765 E.01576
G1 Z17.9841 E.00143
G1 X-5.4777 Y.0916 Z17.9928 C49150.739 E.01739
G1 Y-.3447 C49152.765 E.01590
G1 X-5.3235 Y-.2408 Z18.0101 E.00621
G1 X-4.6712 Z18.1844 B57.107 E.02246
G1 X-4.4729 Y-.0497 Z18.1869 E.00916
G1 X-4.4011 Y.0199 Z18.1804 E.00333
G1 X-3.7331 Z18.3183 B55.114 E.02270
G1 Y.0719 Z18.3144 E.00194
G1 Y-.3694 Z18.3058 C49154.813 E.01543
G1 X-3.5302 Y-.2217 Z18.2777 E.00840
G1 X-2.7753 Y-.1217 Z18.3662 B53.114 E.02550
G1 X-2.5428 Y.0698 Z18.3155 E.01016
G1 X-1.5864 Y-.1838 Z18.3253 C49156.881 B51.109 E.03297
G1 X-.6224 Y.0377 Z18.3002 B49.099 E.03291
G1 X.3812 Y-.2181 Z18.2258 C49158.967 B47.086 E.03454
G1 X1.2871 Y-.0486 Z18.1425 B45.071 E.03078
G1 X.3022 Z18.2442 B47.086 E.03293
G1 X-.7826 Z18.3338 B49.099 E.03621
G1 X-1.6787 Z18.3468 B51.109 E.02981
G1 X-1.7856 Z18.3699 E.00367
G1 X-2.5432 Z18.3162 B53.114 E.02526
G1 X-2.8358 Z18.3638 E.00988
G1 Y.4123 Z18.3587 C49156.881 E.01572
G1 X-3.5203 Y-.0678 Z18.2544 C49158.967 B55.114 E.02835
G1 X-3.5989 Z18.2554 E.00262
G1 Y.4036 Z18.2514 C49156.881 E.01633
G1 X-3.6661 Y-.0733 Z18.2569 C49158.967 E.01662
G1 Y.4014 Z18.2522 C49156.881 E.01641
G1 Y-.0761 Z18.2554 C49158.967 E.01653
G1 X-3.7622 Z18.2529 E.00320
G1 Y.3875 Z18.2467 C49156.881 E.01611
G1 X-3.8185 Y-.0889 Z18.2499 C49158.967 E.01661
G1 X-4.5019 Z18.1025 B57.108 E.02325
G1 Y.3707 Z18.0953 C49156.881 B57.107 E.01626
G1 Y-.105 Z18.0956 C49158.967 B57.108 E.01682
G1 X-4.5889 Z18.0911 E.00291
G1 Y.3525 Z18.0846 C49156.881 B57.107 E.01622
G1 X-4.6445 Y-.1233 Z18.0829 C49158.967 B57.108 E.01690
G1 X-4.7455 Z18.0667 E.00350
G1 X-5.714 Y.217 Z17.8271 C49156.881 B59.093 E.03574
G1 X-6.6554 Y.1194 Z17.5503 B61.069 E.03280
G1 X-7.5835 Y.4546 Z17.2223 C49154.813 B63.035 E.03577
G1 X-8.4799 Y-.0856 Z16.8764 C49156.881 B64.99 E.03805
G1 X-9.441 Y.1951 Z16.4641 C49154.813 B66.933 E.03776
G1 X-10.0705 Z16.1175 B68.862 E.02392
G1 X-10.1967 Y.0699 Z16.1914 E.00640
G1 Y.4836 Z16.1831 C49152.765 E.01835
G1 X-10.3266 Y-.0283 Z16.2649 C49154.813 E.02160
G1 X-11. Y.1075 Z16.2404 C49152.765 B70. E.02634
G1 X-11.293 Y-.1475 Z16.3905 E.01385
G1 X-11.5378 Y.0387 Z16.5155 C49150.739 E.01749
G1 X-11.6731 Y.3185 Z16.5769 C49148.734 E.01720
G1 X-11.9427 Y.0371 Z16.7184 E.01379
G1 X-12.1829 Y.1809 Z16.8297 C49146.752 E.01723
G1 X-12.5075 Y-.2041 Z16.9784 E.01746
G1 Y.1588 Z16.994 C49144.793 E.01870
G1 X-12.6203 Y.0559 Z17.028 E.00520
G1 Y-.0353 Z17.0427 E.00329
G1 Y-.1572 Z17.0468 E.00432
G1 Y-.3242 Z17.0454 E.00576
G1 Y-.0407 Z17.0496 C49142.858 E.01709
G1 Y-.3583 Z17.0492 E.01066
G1 Y.0044 Z17.0546 C49140.949 E.01852
G1 Y-.1562 Z17.0528 E.00546
G1 Y-.2326 Z17.0447 E.00258
G1 Y-.3149 Z17.0231 E.00326
G1 X-12.4375 Y-.4266 Z16.9725 E.00732
G1 Y-.0528 Z16.9706 C49139.051 E.01852
G1 Y-.4585 Z16.957 C49140.949 E.01929
G1 X-12.3294 Y-.5125 Z16.9304 E.00412
G1 Y-.1345 Z16.9346 C49139.051 E.01853
G1 X-12.2087 Z16.9098 E.00431
G1 X-12.1201 Z16.885 E.00342
G1 X-12.0339 Z16.8601 E.00309
G1 X-11.9832 Z16.8451 E.00176
G1 Y-.5113 Z16.8301 C49140.949 E.01823
G1 X-11.8728 Y-.4008 Z16.8049 E.00526
G1 Y.0184 Z16.8056 C49139.051 E.01913
G1 X-11.7631 Y-.259 Z16.775 C49140.949 E.01636
G1 Y.1938 Z16.7624 C49139.051 E.01994
G1 X-11.5943 Y-.4437 Z16.717 C49142.858 E.03378
G1 X-11.3359 Y-.1458 Z16.6473 E.01332
G1 X-11.0208 Y.1915 Z16.5518 E.01568
G1 X-10.9557 Y-.1477 Z16.5334 C49144.793 E.01685
G1 X-10.6208 Y-.2406 Z16.4355 C49146.752 E.01703
G1 X-10.1098 Y-.0858 Z16.5918 B68.862 E.01850
G1 X-10.0469 Y-.4508 Z16.5787 C49148.734 E.01691
G1 Y-.0323 Z16.5868 C49146.752 E.01810
G1 Y-.4375 Z16.5806 C49148.734 E.01778
G1 Y-.0118 Z16.5891 C49146.752 E.01832
G1 Y-.424 Z16.5827 C49148.734 E.01799
G1 X-9.2161 Y-.2817 Z16.9417 B66.933 E.03047
G1 X-9.0183 Y-.1633 Z16.98 E.00777
G1 X-8.3618 Z17.2872 B64.99 E.02414
G1 Y-.0952 Z17.2962 E.00280
G1 X-8.2749 Y-.5028 Z17.2956 C49150.739 E.01689
G1 X-8.0907 Y-.3934 Z17.3398 E.00728
G1 X-7.468 Z17.6103 B63.035 E.02258
G1 X-7.2327 Y-.1982 Z17.6624 E.01032
G1 Z17.6687 E.00179
G1 X-6.5523 Y-.1415 Z17.9079 B61.069 E.02406
G1 X-6.4084 Y-.0033 Z17.9201 E.00665
G1 Y-.4304 Z17.9142 C49152.765 E.01610
G1 X-6.2897 Y-.3287 Z17.9152 E.00520
G1 X-5.6401 Z18.1193 B59.093 E.02266
G1 X-5.4332 Y-.0923 Z18.0901 E.01049
G1 X-5.3733 Y-.0317 Z18.0778 E.00286
G1 X-4.6719 Y.0346 Z18.2389 B57.107 E.02404
G1 X-4.5534 Y-.3052 Z18.2124 C49154.813 E.01317
G1 X-3.5748 Y.0199 Z18.2874 B55.114 E.03439
G1 X-2.5692 Y-.1658 Z18.3202 C49156.881 B53.114 E.03417
G1 X-1.5115 Y.1237 Z18.3104 B51.109 E.03648
G1 X-.8298 Y-.3423 Z18.3404 C49158.967 B49.099 E.02750
G1 X-.7075 Y.2338 Z18.3151 C49156.881 E.01963
G1 Z18.3135 E.00029
G1 Y-.2544 Z18.318 C49158.967 E.01627
G1 Y.2379 Z18.3194 C49156.881 E.01641
G1 Y-.2546 Z18.3203 C49158.967 E.01643
G1 Y.2371 Z18.3241 C49156.881 E.01645
G1 X-.8136 Y-.2564 Z18.3377 C49158.967 E.01683
G1 Y.2327 Z18.3493 C49156.881 E.01637
G1 X-1.5535 Y-.2576 Z18.3171 C49158.967 B51.109 E.02960
G1 X-2.523 Z18.3093 B53.114 E.03225
G1 X-2.7815 Y.2228 Z18.3665 C49156.881 E.01855
G1 X-3.6503 Y-.257 Z18.301 C49158.967 B55.114 E.03338
G1 X-3.7749 Z18.3272 E.00424
G1 X-4.4602 Z18.192 B57.108 E.02323
G1 X-4.5434 Z18.2031 E.00279
G1 Y.2117 Z18.2055 C49156.881 B57.107 E.01654
G1 Y-.2621 Z18.2069 C49158.967 B57.108 E.01677
G1 X-4.7111 Z18.2119 E.00558
G1 Y.2011 Z18.2144 C49156.881 B57.107 E.01646
G1 X-4.775 Z18.2162 E.00213
G1 X-5.4396 Z18.037 B59.093 E.02290
G1 X-5.6311 Z18.0181 E.00650
G1 X-5.7453 Y.1384 Z18.0007 E.00437
G1 X-6.4194 Z17.7822 B61.069 E.02357
G1 Z17.7749 E.00138
G1 X-6.589 Y.5249 Z17.7374 C49154.813 E.01617
G1 X-6.7148 Y.0311 Z17.7186 C49156.881 E.01878
G1 X-7.4553 Z17.4447 B63.035 E.02630
G1 X-7.5981 Y-.0589 Z17.4086 E.00574
G1 X-8.4115 Y-.1352 Z17.0796 B64.99 E.02929
G1 X-9.366 Y.1568 Z16.6707 C49154.813 B66.933 E.03760
G1 X-9.4655 Z16.647 E.00367
G1 X-10.0692 Y.084 Z16.3429 B68.862 E.02261
G1 Y.5007 Z16.337 C49152.765 E.01833
G1 X-10.1276 Y.039 Z16.3769 C49154.813 E.01966
G1 Y.4298 Z16.3934 C49152.765 E.01779
G1 X-10.3754 Y-.1564 Z16.5177 C49154.813 E.02485
G1 X-10.7953 Y.1957 Z16.3539 C49152.765 B70. E.02295
G1 X-11.1016 Y-.0657 Z16.5153 E.01443
G1 X-11.1727 Y.2935 Z16.547 C49150.739 E.01795
G1 X-11.4633 Y.0207 Z16.6988 E.01419
G1 X-11.7009 Y.202 Z16.8151 C49148.734 E.01730
G1 X-12.038 Y-.163 Z16.9818 E.01743
G1 X-12.1599 Y.1123 Z17.0413 C49146.752 E.01732
G1 X-12.4256 Y-.2079 Z17.1599 E.01439
G1 Y.1579 Z17.1764 C49144.793 E.01869
G1 X-12.55 Y.0353 Z17.2169 E.00596
G1 Y-.0334 Z17.2297 E.00249
G1 Y-.1627 Z17.2338 E.00451
G1 Y-.2981 Z17.2309 E.00471
G1 Y-.0192 Z17.2348 C49142.858 E.01693
G1 Y-.3665 Z17.2345 E.01162
G1 Y-.0151 Z17.2405 C49140.949 E.01821
G1 Y-.167 Z17.247 E.00515
G1 Y-.2299 Z17.2444 E.00213
G1 Y-.3027 Z17.2222 E.00290
G1 X-12.2931 Y-.4782 Z17.1365 E.01073
G1 Z17.132 E.00072
G1 Y-.0982 Z17.1389 C49139.051 E.01855
G1 Y-.5134 Z17.1253 C49140.949 E.01942
G1 X-12.2251 Y-.1259 Z17.1315 C49139.051 E.01878
G1 X-12.1395 Z17.1117 E.00324
G1 X-12.0574 Y-.1767 Z17.0884 E.00330
G1 X-11.967 Z17.0628 E.00320
G1 X-11.9132 Y-.1201 Z17.0453 E.00266
G1 Y-.5021 Z17.0288 C49140.949 E.01829
G1 Y-.0811 Z17.0308 C49139.051 E.01923
G1 X-11.8622 Y-.4563 Z17.0143 C49140.949 E.01817
G1 X-11.6093 Y-.1308 Z16.9399 E.01393
G1 X-11.2678 Z16.8405 C49142.858 E.01720
G1 X-10.9752 Y.1723 Z16.7547 E.01430
G1 X-10.8312 Y-.0962 Z16.7137 C49144.793 E.01589
G1 X-10.5763 Y-.2739 Z16.6377 C49146.752 E.01606
G1 X-10.5102 Y-.2173 Z16.6225 E.00294
G1 X-9.923 Y-.4366 Z16.7997 C49148.734 B68.862 E.02449
G1 X-9.8632 Z16.8086 E.00252
G1 X-9.2537 Y-.3666 Z17.1361 B66.933 E.02313
G1 X-9.203 Z17.1444 E.00213
G1 Y.1239 Z17.1529 C49146.752 B66.932 E.01948
G1 X-9.1402 Y-.2752 Z17.1571 C49148.734 B66.933 E.01707
G1 X-8.9934 Y-.1449 Z17.1915 E.00663
G1 X-8.3761 Z17.49 B64.99 E.02282
G1 X-8.3068 Y-.0502 Z17.501 E.00392
G1 Y-.4664 Z17.497 C49150.739 E.01690
G1 X-8.2516 Z17.504 E.00227
G1 Y.0306 Z17.5124 C49148.734 E.01913
G1 Y-.3931 Z17.5088 C49150.739 E.01709
G1 X-8.1334 Y-.2949 Z17.5178 E.00512
G1 X-7.5078 Z17.7852 B63.035 E.02264
G1 Y-.2238 Z17.7836 E.00276
G1 X-7.4402 Y.2512 Z17.7811 C49148.734 E.01816
G1 Z17.7784 E.00135
G1 X-7.3844 Y-.1226 Z17.7785 C49150.739 E.01523
G1 X-7.2676 Y.0192 Z17.7613 E.00614
G1 X-6.5541 Y-.3212 Z17.9769 C49152.765 B61.069 E.02832
G1 X-6.3206 Y-.0652 Z17.9351 E.01161
G1 X-5.5317 Y-.3559 Z18.1051 C49154.813 B59.093 E.02928
G1 X-4.4929 Y.0423 Z18.204 B57.107 E.03715
G1 X-3.5219 Y-.1378 Z18.2767 C49156.881 B55.114 E.03321
G1 X-2.6586 Y.0319 Z18.3419 B53.114 E.02934
G1 X-3.7625 Z18.3295 B55.114 E.03672
G1 X-4.6106 Z18.227 B57.107 E.02842
G1 X-5.3968 Z18.0821 B59.093 E.02660
G1 X-5.6663 Z18.1268 E.00913
G1 X-5.7241 Z18.1296 E.00218
G1 X-6.384 Z17.9214 B61.069 E.02304
G1 X-6.4965 Z17.9203 E.00400
G1 Y.446 Z17.9125 C49154.813 E.01585
G1 Y-.0158 Z17.9172 C49156.881 E.01729
G1 X-6.652 Z17.9043 E.00523
G1 Y.4154 Z17.8952 C49154.813 E.01644
G1 Y-.0447 Z17.8977 C49156.881 E.01732
G1 X-7.3497 Z17.6504 B63.035 E.02462
G1 X-7.6164 Y-.1385 Z17.5873 E.00963
G1 X-8.4618 Y.2161 Z17.2497 C49154.813 B64.99 E.03404
G1 X-9.3699 Y.0862 Z16.8557 B66.933 E.03321
G1 Y.5138 Z16.8447 C49152.765 E.01808
G1 Y.066 Z16.8452 C49154.813 E.01866
G1 X-9.4696 Z16.8797 E.00380
G1 Y.4487 Z16.874 C49152.765 E.01700
G1 Y.0075 Z16.8913 C49154.813 E.01851
G1 Y.4341 Z16.886 C49152.765 E.01814
G1 X-10.064 Y.0027 Z16.5659 C49154.813 B68.862 E.02921
G1 Y.4293 Z16.5605 C49152.765 E.01857
G1 Y-.0022 Z16.5695 C49154.813 E.01869
G1 Y.4245 Z16.5643 C49152.765 E.01858
G1 X-10.1295 Y-.0483 Z16.604 C49154.813 E.01997
G1 X-10.7645 Y.1403 Z16.5598 C49152.765 B70. E.02552
G1 X-10.8515 Y.0669 Z16.6055 E.00408
G1 Y.4901 Z16.5987 C49150.739 E.01901
G1 X-11.023 Y-.0833 Z16.695 C49152.765 E.02397
G1 X-11.1022 Y-.1548 Z16.7358 E.00380
G1 Y.2715 Z16.7352 C49150.739 E.01928
G1 Y-.1859 Z16.7532 C49152.765 E.02009
G1 X-11.2252 Y.1604 Z16.7984 C49150.739 E.01805
G1 X-11.5117 Y-.1312 Z16.9393 E.01438
G1 Y.2493 Z16.9595 C49148.734 E.01850
G1 X-11.5826 Y-.2084 Z16.975 C49150.739 E.02048
G1 Y.1694 Z16.9942 C49148.734 E.01849
G1 X-11.9518 Y-.2425 Z17.144 E.01906
G1 Y.1127 Z17.1664 C49146.752 E.01822
G1 X-12.2632 Y-.2374 Z17.2689 E.01595
G1 X-12.3236 Y.0975 Z17.2947 C49144.793 E.01803
G1 X-12.4032 Y-.0136 Z17.3269 E.00467
G1 Y.3363 Z17.3316 C49142.858 E.01817
G1 Y-.1376 Z17.3371 C49144.793 E.02106
G1 Y-.3258 Z17.3339 E.00632
G1 Y-.0818 Z17.3381 C49142.858 E.01614
G1 Y-.3126 Z17.3341 E.00771
G1 Y-.0047 Z17.3383 C49140.949 E.01715
G1 Y-.1715 Z17.3378 E.00556
G1 Z17.3292 E.00134
G1 X-12.1627 Y-.3932 Z17.2474 E.01121
G1 Y.002 Z17.2487 C49139.051 E.01878
G1 X-12.1123 Y-.4276 Z17.231 C49140.949 E.01964
G1 Y-.0373 Z17.2315 C49139.051 E.01864
G1 X-12.0207 Z17.2168 E.00320
G1 Z17.2072 E.00113
G1 X-11.9652 Z17.1971 E.00192
G1 Y-.399 Z17.181 C49140.949 E.01788
G1 X-11.7316 Y-.1308 Z17.1228 E.01199
G1 X-11.4993 Y-.2543 Z17.0546 C49142.858 E.01563
G1 X-11.4094 Y.2579 Z17.0298 C49140.949 E.02144
G1 X-11.2771 Y-.0085 Z16.9969 C49142.858 E.01598
G1 X-11.0041 Y.2651 Z16.9246 E.01308
G1 X-10.9029 Y-.0595 Z16.9007 C49144.793 E.01669
G1 X-10.707 Y-.3089 Z16.8507 C49146.752 E.01620
G1 X-10.0874 Y-.0801 Z16.9972 B68.862 E.02250
G1 X-10.0114 Y-.4397 Z16.9785 C49148.734 E.01682
G1 Y.0381 Z16.9877 C49146.752 E.01969
G1 X-9.9318 Y-.3524 Z16.9863 C49148.734 E.01750
G1 Y.1214 Z16.9926 C49146.752 E.01950
G1 X-9.2965 Y-.2896 Z17.3143 C49148.734 B66.933 E.02937
G1 X-9.2057 Y-.1686 Z17.3162 E.00503
G1 Y.2918 Z17.3133 C49146.752 B66.932 E.01863
G1 Y-.1102 Z17.3143 C49148.734 B66.933 E.01712
G1 X-9.0447 Y.052 Z17.3026 E.00761
G1 X-8.4093 Y-.3336 Z17.5878 C49150.739 B64.99 E.02823
G1 X-8.2735 Y-.1496 Z17.5667 E.00764
G1 X-7.508 Y.0511 Z17.8055 B63.035 E.02749
G1 X-6.6116 Y-.0814 Z17.9928 C49152.765 B61.069 E.03174
G1 X-6.3303 Y-.2297 Z17.9353 C49154.813 E.01312
G1 X-5.4032 Y.0686 Z18.0841 B59.093 E.03277
G1 X-4.6646 Y-.2968 Z18.2348 C49156.881 B57.107 E.02842
G1 X-4.5376 Y-.1735 Z18.2113 E.00594
G1 Y.2952 Z18.2105 C49154.813 E.01652
G1 Y-.1742 Z18.2166 C49156.881 E.01656
G1 Y.2938 Z18.2176 C49154.813 E.01656
G1 X-4.6017 Y-.1752 Z18.2237 C49156.881 E.01669
G1 Y.2924 Z18.2241 C49154.813 E.01651
G1 Y-.176 Z18.2286 C49156.881 E.01655
G1 Y.2915 Z18.2283 C49154.813 E.01654
G1 Y-.1762 Z18.2308 C49156.881 E.01655
G1 X-4.6967 Z18.2421 E.00318
G1 Y.2887 Z18.2442 C49154.813 E.01647
G1 Y-.1786 Z18.2505 C49156.881 E.01658
G1 Y.2877 Z18.2493 C49154.813 E.01656
G1 X-5.3729 Y-.1787 Z18.0762 C49156.881 B59.093 E.02866
G1 X-5.5913 Z18.1212 E.00742
G1 X-6.4416 Z17.9563 B61.069 E.02881
G1 X-6.6406 Z17.9928 E.00678
G1 X-7.2805 Y.2543 Z17.7555 C49154.813 B63.035 E.02827
G1 Y-.2064 Z17.76 C49156.881 E.01768
G1 X-7.3509 Y.249 Z17.7619 C49154.813 E.01769
G1 Y-.21 Z17.7627 C49156.881 E.01765
G1 X-7.4264 Z17.7633 E.00252
G1 Y.2399 Z17.7628 C49154.813 E.01743
G1 Y-.219 Z17.7623 C49156.881 E.01773
G1 X-7.4917 Z17.7619 E.00217
G1 Y.2324 Z17.7614 C49154.813 E.01751
G1 Y-.2253 Z17.7603 C49156.881 E.01772
G1 X-7.6076 Z17.7531 E.00389
G1 Y.2122 Z17.752 C49154.813 E.01719
G1 X-8.2564 Z17.4774 B64.99 E.02343
G1 X-8.4272 Y.1588 Z17.4404 E.00608
G1 X-8.5378 Z17.4123 E.00406
G1 X-9.2159 Y.0795 Z17.0869 B66.933 E.02515
G1 Y.5174 Z17.0762 C49152.765 E.01824
G1 Y.0744 Z17.0832 C49154.813 E.01837
G1 X-9.3292 Z17.0531 E.00415
G1 Y.4669 Z17.0438 C49152.765 E.01714
G1 Y.0125 Z17.0468 C49154.813 E.01879
G1 X-9.3976 Z17.0653 E.00248
G1 Y.4228 Z17.0605 C49152.765 E.01765
G1 X-9.4643 Y-.0648 Z17.1074 C49154.813 E.01992
G1 Y.3694 Z17.1042 C49152.765 E.01831
G1 Y-.0811 Z17.12 C49154.813 E.01876
G1 X-10.1621 Y.2782 Z16.8435 C49152.765 B68.862 E.03020
G1 Y-.1782 Z16.8582 C49154.813 E.01942
G1 X-10.2657 Y.1927 Z16.9033 C49152.765 E.01776
G1 X-10.3177 Z16.9319 E.00251
G1 X-10.7007 Y.1061 Z16.7471 B70. E.01443
G1 X-10.7904 Y.0219 Z16.7935 E.00437
G1 Y.4298 Z16.7997 C49150.739 E.01861
G1 X-10.8547 Y-.0424 Z16.826 C49152.765 E.02037
G1 X-11.0413 Y-.249 Z16.9107 E.00968
G1 Y.1592 Z16.9211 C49150.739 E.01880
G1 X-11.3324 Y-.1769 Z17.0204 E.01515
G1 X-11.4085 Y-.2754 Z17.0423 E.00420
G1 Y.1037 Z17.0565 C49148.734 E.01836
G1 X-11.7509 Y-.3072 Z17.1403 E.01801
G1 X-11.8319 Y.0062 Z17.1684 C49146.752 E.01738
G1 X-11.9837 Y-.2004 Z17.2138 E.00866
G1 X-12.1788 Y-.0461 Z17.2765 C49144.793 E.01627
G1 X-12.2319 Y-.1268 Z17.2942 E.00327
G1 Z17.293 C49142.858 E.01377
G1 Z17.2902 C49140.949 E.01362
G1 X-12.0411 Y-.2227 Z17.2313 E.00737
G1 X-11.924 Y-.066 Z17.1973 E.00660
G1 X-11.7105 Y-.2052 Z17.1307 C49142.858 E.01566
G1 X-11.2884 Z17.0211 C49144.793 E.01932
G1 X-11.1766 Y-.0569 Z16.9969 E.00623
G1 X-10.8492 Y-.1873 Z16.9254 C49146.752 E.01718
G1 X-10.5749 Y.0248 Z16.8781 E.01164
G1 X-10.1659 Y-.3539 Z17.0668 C49148.734 B68.862 E.02280
G1 X-10.009 Y-.136 Z17.0437 E.00896
G1 Y.3418 Z17.0355 C49146.752 E.01966
G1 Y-.0889 Z17.0394 C49148.734 E.01841
G1 X-9.2956 Y.0462 Z17.3483 B66.933 E.02624
G1 X-9.175 Y-.2212 Z17.3226 C49150.739 E.01449
G1 X-8.359 Y.0746 Z17.5825 B64.99 E.03014
G1 X-7.4148 Z17.7869 C49152.765 B63.035 E.03333
G1 X-6.4478 Y-.0481 Z17.9581 C49154.813 B61.069 E.03380
G1 X-6.3215 Y.0796 Z17.9351 E.00602
G1 X-6.6069 Z17.9918 E.00969
G1 X-7.3972 Z17.7842 B63.035 E.02719
G1 X-7.5178 Z17.8074 E.00426
G1 X-8.1839 Z17.5502 B64.99 E.02379
G1 Z17.5533 E.00163
G1 X-8.3856 Y.0209 Z17.5702 E.00701
G1 X-8.5041 Z17.5688 E.00398
G1 X-9.1386 Z17.2662 B66.933 E.02340
G1 X-9.312 Y-.045 Z17.241 E.00623
G1 X-9.4351 Y-.1743 Z17.3085 E.00635
G1 Y.2679 Z17.3076 C49152.765 E.01850
G1 X-10.0424 Y-.1988 Z16.9919 C49154.813 B68.862 E.03003
G1 X-10.0953 Y-.2581 Z17.0137 E.00274
G1 Y.1565 Z17.0251 C49152.765 E.01830
G1 X-10.2507 Y-.0008 Z17.076 E.00755
G1 X-10.6221 Y.4033 Z16.8705 C49150.739 B70. E.02316
G1 Y-.0749 Z16.884 C49152.765 E.02025
G1 X-10.8659 Y-.3451 Z16.9256 E.01219
G1 Y.0422 Z16.9374 C49150.739 E.01819
G1 X-11.1297 Y-.2445 Z16.984 E.01305
G1 X-11.2738 Y-.0005 Z17.0194 C49148.734 E.01620
G1 X-11.5415 Y-.3605 Z17.0828 E.01507
G1 X-11.8262 Z17.1628 C49146.752 E.01684
G1 X-11.9343 Y-.0534 Z17.1998 C49144.793 E.01741
G1 X-12.0376 Y-.1991 Z17.2311 E.00603
G1 Z17.2261 C49142.858 E.01354
G1 Z17.2243 E.00129
G1 Y-.2545 Z17.2155 E.00238
G1 X-11.6181 Y.1908 Z17.107 E.02067
G1 X-11.3748 Y.0286 Z17.0435 C49144.793 E.01620
G1 X-10.9517 Z16.9476 C49146.752 E.01910
G1 X-10.7343 Y.1649 Z16.9054 E.00865
G1 Y-.236 Z16.8971 C49148.734 E.01823
G1 Y.2004 Z16.8959 C49146.752 E.01913
G1 X-10.6513 Y-.2038 Z16.8897 C49148.734 E.01840
G1 X-10.1963 Y-.0462 Z17.0773 B68.862 E.01719
G1 X-9.3326 Z17.3551 C49150.739 B66.933 E.03209
G1 X-9.1298 Y-.2415 Z17.3137 C49152.765 E.01432
G1 X-8.1589 Z17.5449 C49154.813 B64.99 E.03458
G1 X-7.4687 Y-.1479 Z17.7964 B63.035 E.02463
G1 Z17.8006 E.00066
G1 Y.302 Z17.7987 C49152.765 E.01742
G1 Y-.1505 Z17.8023 C49154.813 E.01750
G1 Y.3009 Z17.8011 C49152.765 E.01748
G1 Y-.1524 Z17.8065 C49154.813 E.01757
G1 X-7.522 Y.2988 Z17.8054 C49152.765 E.01756
G1 Y-.1544 Z17.8107 C49154.813 E.01753
G1 Y.2964 Z17.8103 C49152.765 E.01748
G1 X-8.1611 Y-.156 Z17.5463 C49154.813 B64.99 E.02915
G1 Y.2949 Z17.5451 C49152.765 E.01787
G1 Y-.1581 Z17.5503 C49154.813 E.01794
G1 Z17.5529 E.00120
G1 Y.291 Z17.5515 C49152.765 E.01787
G1 X-8.2216 Y-.1632 Z17.5574 C49154.813 E.01811
G1 Z17.566 E.00161
G1 X-8.2788 Y.2787 Z17.5659 C49152.765 E.01779
G1 X-9.25 Y-.2433 Z17.336 C49154.813 B66.933 E.03904
G1 X-9.3614 Y.0623 Z17.3599 C49152.765 E.01554
G1 X-10.0228 Y-.032 Z17.0473 B68.862 E.02453
G1 X-10.0959 Y-.123 Z17.0585 E.00390
G1 X-10.636 Y.0642 Z16.8885 C49150.739 B70. E.02345
G1 X-10.9963 Z16.9579 C49148.734 E.01772
G1 Y.0131 Z16.9609 E.00175
G1 Z16.9635 E.00107
G1 Z16.9654 E.00186
G1 Y-.0545 Z16.967 E.00267
G1 Z16.9681 E.00184
G1 X-11.0498 Z16.9686 E.00242
G1 Y-.1281 E.00245
G1 Z16.9679 E.00078
G1 Z16.9665 E.00152
G1 Y-.1935 Z16.9644 E.00223
G1 Y.2165 Z16.9613 C49146.752 E.01867
G1 Y-.2225 Z16.9578 C49148.734 E.01941
G1 X-10.999 Y.2046 Z16.9562 C49146.752 E.01910
G1 Y-.2235 Z16.954 C49148.734 E.01905
G1 Z16.9502 E.00092
G1 Z16.9462 E.00166
G1 X-10.9351 Z16.9423 E.00251
G1 Y-.1631 Z16.9383 E.00211
G1 Z16.9346 E.00146
G1 X-10.8781 Z16.9313 E.00232
G1 Y-.1073 Z16.9283 E.00195
G1 X-10.7704 Y-.0349 Z16.913 E.00435
G1 X-10.6095 Y-.2004 Z16.8821 C49150.739 E.01458
G1 Z16.8813 E.00038
G1 Z16.881 E.00051
G1 Z16.8807 E.00064
G1 Z16.8804 E.00077
G1 Z16.8801 E.00090
G1 Y.2611 Z16.8784 C49148.734 E.01971
G1 Y-.1704 Z16.8795 C49150.739 E.01894
G1 Z16.8792 E.00067
G1 Z16.8789 E.00076
G1 Y.2746 Z16.8767 C49148.734 E.01929
G1 Y-.157 Z16.8783 C49150.739 E.01895
G1 Z16.878 E.00093
G1 Z16.8778 E.00101
G1 X-10.2366 Z17.0842 B68.862 E.01418
G1 Z17.0839 E.00046
G1 Z17.0836 E.00058
G1 Y.2985 Z17.0806 C49148.734 E.01928
G1 Y-.133 Z17.083 C49150.739 E.01866
G1 Z17.0827 E.00033
G1 Z17.0824 E.00044
G1 Z17.0821 E.00055
G1 Y-.082 Z17.0795 E.00197
G1 Y.3518 Z17.0753 C49148.734 E.01874
G1 X-10.8911 Y-.0656 Z16.9345 B70. E.02624
G1 X-10.8025 Y.0009 Z16.919 E.00372
G1 X-10.5775 Y-.1214 Z16.8779 C49150.739 E.01503
G1 X-10.2065 Z17.0795 B68.862
G0 Z17.5795
G0 Y-.082
G0 Z27.0795
M107
G0 Z80.
G0 X0. Y50. B0. C0.
M30
%
